

HI-TECH Software PIC LITE Macro Assembler V9.71a build 6446 
                                                                                               Fri Jun 14 09:35:14 2024

HI-TECH Software Omniscient Code Generator (Lite mode) build 6446
     1  0000                     opt subtitle "HI-TECH Software Omniscient Code Generator (Lite mode) build 6446"
     2                           
     3                           opt pagewidth 120
     4                           
     5                           	opt lm
     6                           
     7                           	processor	16F877A
     8                           clrc	macro
     9                           	bcf	3,0
    10  0000                     	endm
    11                           clrz	macro
    12                           	bcf	3,2
    13  0000                     	endm
    14                           setc	macro
    15                           	bsf	3,0
    16  0000                     	endm
    17                           setz	macro
    18                           	bsf	3,2
    19  0000                     	endm
    20                           skipc	macro
    21                           	btfss	3,0
    22  0000                     	endm
    23                           skipz	macro
    24                           	btfss	3,2
    25  0000                     	endm
    26                           skipnc	macro
    27                           	btfsc	3,0
    28  0000                     	endm
    29                           skipnz	macro
    30                           	btfsc	3,2
    31  0000                     	endm
    32  0000                     indf	equ	0
    33  0000                     indf0	equ	0
    34  0002                     pc	equ	2
    35  0002                     pcl	equ	2
    36  0003                     status	equ	3
    37  0004                     fsr	equ	4
    38  0004                     fsr0	equ	4
    39  0001                     c	equ	1
    40  0000                     z	equ	0
    41  000A                     pclath	equ	10
    42                           # 8 "D:\MICROCONTREU\projet_gps\projet_1__everything_string\gps.c"
    43                           	psect config,class=CONFIG,delta=2 ;#
    44                           # 8 "D:\MICROCONTREU\projet_gps\projet_1__everything_string\gps.c"
    45  2007  3F7A               	dw 0x3FFE & 0x3FFB & 0x3FFF & 0x3F7F ;#
    46                           	FNCALL	_main,_init_PORTD
    47                           	FNCALL	_main,_allume_LCD
    48                           	FNCALL	_main,_init_LCD
    49                           	FNCALL	_main,_init_gps_mode_smart
    50                           	FNCALL	_main,_init_liaison_serie
    51                           	FNCALL	_main,_efface
    52                           	FNCALL	_main,_goto_ligne_1
    53                           	FNCALL	_main,_print_string
    54                           	FNCALL	_main,_tempo_N_ms
    55                           	FNCALL	_main,_request_gps
    56                           	FNCALL	_main,___awdiv
    57                           	FNCALL	_main,_print_char
    58                           	FNCALL	_main,___awmod
    59                           	FNCALL	_main,_goto_ligne_2
    60                           	FNCALL	_main,___lwdiv
    61                           	FNCALL	_main,___lwmod
    62                           	FNCALL	_goto_ligne_2,_ecriture_commande
    63                           	FNCALL	_print_string,_print_char
    64                           	FNCALL	_goto_ligne_1,_ecriture_commande
    65                           	FNCALL	_efface,_ecriture_commande
    66                           	FNCALL	_init_LCD,_tempo_N_ms
    67                           	FNCALL	_init_LCD,_ecriture_commande
    68                           	FNCALL	_ecriture_commande,_attente_bf
    69                           	FNCALL	_print_char,_attente_bf
    70                           	FNCALL	_attente_bf,_lecture_commande
    71                           	FNCALL	_lecture_commande,_tempo_N_ms
    72                           	FNCALL	_request_gps,_emet_string
    73                           	FNCALL	_request_gps,_emet_car
    74                           	FNCALL	_request_gps,_tempo_N_ms
    75                           	FNCALL	_request_gps,_recoit_car
    76                           	FNCALL	_init_gps_mode_smart,_tempo_N_ms
    77                           	FNCALL	_emet_string,_emet_car
    78                           	FNCALL	_tempo_N_ms,_tempo_1_ms
    79                           	FNCALL	_allume_LCD,_init_PORTD
    80                           	FNROOT	_main
    81                           	global	_workVal
    82                           	global	_minutesD
    83                           	global	_car
    84                           	global	_commande
    85                           	global	_day
    86                           	global	_degrees
    87                           	global	_dir
    88                           	global	_message
    89                           	global	_minutes
    90                           	global	_month
    91                           	global	_tmHrs
    92                           	global	_tmMins
    93                           	global	_tmSecs
    94                           	global	_year
    95                           	global	_debug
    96                           psect	text486,local,class=CODE,delta=2
    97                           global __ptext486
    98  0000                     __ptext486:
    99  0070                     _debug	set	112
   100                           	DABS	1,112,1	;_debug
   101                           
   102                           	global	_PORTD
   103  0008                     _PORTD	set	8
   104                           	global	_RCREG
   105  001A                     _RCREG	set	26
   106                           	global	_TMR0
   107  0001                     _TMR0	set	1
   108                           	global	_TXREG
   109  0019                     _TXREG	set	25
   110                           	global	_ADDEN
   111  00C3                     _ADDEN	set	195
   112                           	global	_CREN
   113  00C4                     _CREN	set	196
   114                           	global	_RC4
   115  003C                     _RC4	set	60
   116                           	global	_RC5
   117  003D                     _RC5	set	61
   118                           	global	_RCIF
   119  0065                     _RCIF	set	101
   120                           	global	_RD4
   121  0044                     _RD4	set	68
   122                           	global	_RD5
   123  0045                     _RD5	set	69
   124                           	global	_RD6
   125  0046                     _RD6	set	70
   126                           	global	_RD7
   127  0047                     _RD7	set	71
   128                           	global	_RX9
   129  00C6                     _RX9	set	198
   130                           	global	_SPEN
   131  00C7                     _SPEN	set	199
   132                           	global	_T0IF
   133  005A                     _T0IF	set	90
   134                           	global	_TXIF
   135  0064                     _TXIF	set	100
   136                           	global	_OPTION
   137  0081                     _OPTION	set	129
   138                           	global	_SPBRG
   139  0099                     _SPBRG	set	153
   140                           	global	_TRISD
   141  0088                     _TRISD	set	136
   142                           	global	_BRGH
   143  04C2                     _BRGH	set	1218
   144                           	global	_RCIE
   145  0465                     _RCIE	set	1125
   146                           	global	_SYNC
   147  04C4                     _SYNC	set	1220
   148                           	global	_TRISC4
   149  043C                     _TRISC4	set	1084
   150                           	global	_TRISC5
   151  043D                     _TRISC5	set	1085
   152                           	global	_TRISC6
   153  043E                     _TRISC6	set	1086
   154                           	global	_TRISC7
   155  043F                     _TRISC7	set	1087
   156                           	global	_TRISD4
   157  0444                     _TRISD4	set	1092
   158                           	global	_TRISD5
   159  0445                     _TRISD5	set	1093
   160                           	global	_TRISD6
   161  0446                     _TRISD6	set	1094
   162                           	global	_TRISD7
   163  0447                     _TRISD7	set	1095
   164                           	global	_TX9
   165  04C6                     _TX9	set	1222
   166                           	global	_TXEN
   167  04C5                     _TXEN	set	1221
   168                           	global	_TXIE
   169  0464                     _TXIE	set	1124
   170                           psect	strings,class=STRING,delta=2
   171                           global __pstrings
   172  0003                     __pstrings:
   173                           ;	global	stringdir,stringtab,__stringbase
   174  0003                     stringtab:
   175                           ;	String table - string pointers are 1 byte each
   176  0003                     stringcode:stringdir:
      + 0003                     stringdir:	
   177  0003  3000               movlw high(stringdir)
   178  0004  008A               movwf pclath
   179  0005  0804               movf fsr,w
   180  0006  0A84               incf fsr
   181  0007  0782               	addwf pc
   182  0008                     __stringbase:
   183  0008  3400               	retlw	0
   184                           psect	strings
   185                           	
   186  0009                     STR_2:	
   187  0009  3454               	retlw	84	;'T'
   188  000A  3469               	retlw	105	;'i'
   189  000B  346D               	retlw	109	;'m'
   190  000C  3465               	retlw	101	;'e'
   191  000D  343A               	retlw	58	;':'
   192  000E  3420               	retlw	32	;' '
   193  000F  3400               	retlw	0
   194                           psect	strings
   195                           	
   196  0010                     STR_1:	
   197  0010  3444               	retlw	68	;'D'
   198  0011  3461               	retlw	97	;'a'
   199  0012  3474               	retlw	116	;'t'
   200  0013  3465               	retlw	101	;'e'
   201  0014  343A               	retlw	58	;':'
   202  0015  3420               	retlw	32	;' '
   203  0016  3400               	retlw	0
   204                           psect	strings
   205                           	
   206  0017                     STR_4:	
   207  0017  344C               	retlw	76	;'L'
   208  0018  346F               	retlw	111	;'o'
   209  0019  346E               	retlw	110	;'n'
   210  001A  3467               	retlw	103	;'g'
   211  001B  343A               	retlw	58	;':'
   212  001C  3420               	retlw	32	;' '
   213  001D  3400               	retlw	0
   214                           psect	strings
   215                           	
   216  001E                     STR_3:	
   217  001E  344C               	retlw	76	;'L'
   218  001F  3461               	retlw	97	;'a'
   219  0020  3474               	retlw	116	;'t'
   220  0021  343A               	retlw	58	;':'
   221  0022  3420               	retlw	32	;' '
   222  0023  3400               	retlw	0
   223                           psect	strings
   224                           	
   225  0024                     STR_5:	
   226  0024  3421               	retlw	33	;'!'
   227  0025  3447               	retlw	71	;'G'
   228  0026  3450               	retlw	80	;'P'
   229  0027  3453               	retlw	83	;'S'
   230  0028  3400               	retlw	0
   231                           psect	strings
   232                           	file	"gps.c.as"
   233                           	line	#
   234                           psect cinit,class=CODE,delta=2
   235                           global start_initialization
   236  002B                     start_initialization:
   237                           
   238                           psect	bssBANK0,class=BANK0,space=1
   239                           global __pbssBANK0
   240  0020                     __pbssBANK0:
   241  0020                     _workVal:
   242  0020                            ds      4
   243                           
   244  0024                     _minutesD:
   245  0024                            ds      2
   246                           
   247  0026                     _car:
   248  0026                            ds      1
   249                           
   250  0027                     _commande:
   251  0027                            ds      1
   252                           
   253  0028                     _day:
   254  0028                            ds      1
   255                           
   256  0029                     _degrees:
   257  0029                            ds      1
   258                           
   259  002A                     _dir:
   260  002A                            ds      1
   261                           
   262  002B                     _message:
   263  002B                            ds      1
   264                           
   265  002C                     _minutes:
   266  002C                            ds      1
   267                           
   268  002D                     _month:
   269  002D                            ds      1
   270                           
   271  002E                     _tmHrs:
   272  002E                            ds      1
   273                           
   274  002F                     _tmMins:
   275  002F                            ds      1
   276                           
   277  0030                     _tmSecs:
   278  0030                            ds      1
   279                           
   280  0031                     _year:
   281  0031                            ds      1
   282                           
   283                           psect clrtext,class=CODE,delta=2
   284                           global clear_ram
   285                           ;	Called with FSR containing the base address, and
   286                           ;	W with the last address+1
   287  0FBB                     clear_ram:
   288  0FBB  0064               	clrwdt			;clear the watchdog before getting into this loop
   289  0FBC                     clrloop:
   290  0FBC  0180               	clrf	indf		;clear RAM location pointed to by FSR
   291  0FBD  0A84               	incf	fsr,f		;increment pointer
   292  0FBE  0604               	xorwf	fsr,w		;XOR with final address
   293  0FBF  1903               	btfsc	status,2	;have we reached the end yet?
   294  0FC0  3400               	retlw	0		;all done for this memory range, return
   295  0FC1  0604               	xorwf	fsr,w		;XOR again to restore value
   296  0FC2  2FBC               	goto	clrloop		;do the next byte
   297                           
   298                           ; Clear objects allocated to BANK0
   299                           psect cinit,class=CODE,delta=2
   300  002B  1383               	bcf	status, 7	;select IRP bank0
   301  002C  3020               	movlw	low(__pbssBANK0)
   302  002D  0084               	movwf	fsr
   303  002E  3032               	movlw	low((__pbssBANK0)+012h)
   304  002F  120A  158A  27BB   	fcall	clear_ram
              120A  118A         
   305                           psect cinit,class=CODE,delta=2
   306                           global end_of_initialization
   307                           
   308                           ;End of C runtime variable initialization code
   309                           
   310  0034                     end_of_initialization:
   311  0034  0183               clrf status
   312  0035  120A  118A  2BD8   ljmp _main	;jump to C main() function
   313                           psect	cstackCOMMON,class=COMMON,space=1
   314                           global __pcstackCOMMON
   315  0071                     __pcstackCOMMON:
   316                           	global	?_init_PORTD
   317  0071                     ?_init_PORTD:	; 0 bytes @ 0x0
   318                           	global	??_init_PORTD
   319  0071                     ??_init_PORTD:	; 0 bytes @ 0x0
   320                           	global	?_allume_LCD
   321  0071                     ?_allume_LCD:	; 0 bytes @ 0x0
   322                           	global	??_allume_LCD
   323  0071                     ??_allume_LCD:	; 0 bytes @ 0x0
   324                           	global	?_init_LCD
   325  0071                     ?_init_LCD:	; 0 bytes @ 0x0
   326                           	global	?_init_gps_mode_smart
   327  0071                     ?_init_gps_mode_smart:	; 0 bytes @ 0x0
   328                           	global	?_init_liaison_serie
   329  0071                     ?_init_liaison_serie:	; 0 bytes @ 0x0
   330                           	global	??_init_liaison_serie
   331  0071                     ??_init_liaison_serie:	; 0 bytes @ 0x0
   332                           	global	?_efface
   333  0071                     ?_efface:	; 0 bytes @ 0x0
   334                           	global	?_goto_ligne_1
   335  0071                     ?_goto_ligne_1:	; 0 bytes @ 0x0
   336                           	global	?_print_string
   337  0071                     ?_print_string:	; 0 bytes @ 0x0
   338                           	global	?_tempo_N_ms
   339  0071                     ?_tempo_N_ms:	; 0 bytes @ 0x0
   340                           	global	?_request_gps
   341  0071                     ?_request_gps:	; 0 bytes @ 0x0
   342                           	global	?_print_char
   343  0071                     ?_print_char:	; 0 bytes @ 0x0
   344                           	global	?_goto_ligne_2
   345  0071                     ?_goto_ligne_2:	; 0 bytes @ 0x0
   346                           	global	?_main
   347  0071                     ?_main:	; 0 bytes @ 0x0
   348                           	global	?_tempo_1_ms
   349  0071                     ?_tempo_1_ms:	; 0 bytes @ 0x0
   350                           	global	??_tempo_1_ms
   351  0071                     ??_tempo_1_ms:	; 0 bytes @ 0x0
   352                           	global	?_attente_bf
   353  0071                     ?_attente_bf:	; 0 bytes @ 0x0
   354                           	global	?_ecriture_commande
   355  0071                     ?_ecriture_commande:	; 0 bytes @ 0x0
   356                           	global	?_emet_car
   357  0071                     ?_emet_car:	; 0 bytes @ 0x0
   358                           	global	??_emet_car
   359  0071                     ??_emet_car:	; 0 bytes @ 0x0
   360                           	global	?_emet_string
   361  0071                     ?_emet_string:	; 0 bytes @ 0x0
   362                           	global	??_recoit_car
   363  0071                     ??_recoit_car:	; 0 bytes @ 0x0
   364                           	global	?_lecture_commande
   365  0071                     ?_lecture_commande:	; 1 bytes @ 0x0
   366                           	global	?_recoit_car
   367  0071                     ?_recoit_car:	; 1 bytes @ 0x0
   368                           	global	?___lwdiv
   369  0071                     ?___lwdiv:	; 2 bytes @ 0x0
   370                           	global	?___awdiv
   371  0071                     ?___awdiv:	; 2 bytes @ 0x0
   372                           	global	?___awmod
   373  0071                     ?___awmod:	; 2 bytes @ 0x0
   374                           	global	emet_car@car
   375  0071                     emet_car@car:	; 1 bytes @ 0x0
   376                           	global	tempo_N_ms@N
   377  0071                     tempo_N_ms@N:	; 2 bytes @ 0x0
   378                           	global	___lwdiv@divisor
   379  0071                     ___lwdiv@divisor:	; 2 bytes @ 0x0
   380                           	global	___awdiv@divisor
   381  0071                     ___awdiv@divisor:	; 2 bytes @ 0x0
   382                           	global	___awmod@divisor
   383  0071                     ___awmod@divisor:	; 2 bytes @ 0x0
   384  0071                     	ds	1
   385                           	global	??_emet_string
   386  0072                     ??_emet_string:	; 0 bytes @ 0x1
   387  0072                     	ds	1
   388                           	global	??_tempo_N_ms
   389  0073                     ??_tempo_N_ms:	; 0 bytes @ 0x2
   390                           	global	emet_string@message
   391  0073                     emet_string@message:	; 1 bytes @ 0x2
   392                           	global	___lwdiv@dividend
   393  0073                     ___lwdiv@dividend:	; 2 bytes @ 0x2
   394                           	global	___awdiv@dividend
   395  0073                     ___awdiv@dividend:	; 2 bytes @ 0x2
   396                           	global	___awmod@dividend
   397  0073                     ___awmod@dividend:	; 2 bytes @ 0x2
   398  0073                     	ds	1
   399                           	global	tempo_N_ms@i
   400  0074                     tempo_N_ms@i:	; 2 bytes @ 0x3
   401  0074                     	ds	1
   402                           	global	??___lwdiv
   403  0075                     ??___lwdiv:	; 0 bytes @ 0x4
   404                           	global	??___awdiv
   405  0075                     ??___awdiv:	; 0 bytes @ 0x4
   406                           	global	??___awmod
   407  0075                     ??___awmod:	; 0 bytes @ 0x4
   408  0075                     	ds	1
   409                           	global	??_init_gps_mode_smart
   410  0076                     ??_init_gps_mode_smart:	; 0 bytes @ 0x5
   411                           	global	??_request_gps
   412  0076                     ??_request_gps:	; 0 bytes @ 0x5
   413                           	global	??_lecture_commande
   414  0076                     ??_lecture_commande:	; 0 bytes @ 0x5
   415                           	global	___awdiv@counter
   416  0076                     ___awdiv@counter:	; 1 bytes @ 0x5
   417                           	global	___awmod@counter
   418  0076                     ___awmod@counter:	; 1 bytes @ 0x5
   419                           	global	___lwdiv@quotient
   420  0076                     ___lwdiv@quotient:	; 2 bytes @ 0x5
   421  0076                     	ds	1
   422                           	global	___awdiv@sign
   423  0077                     ___awdiv@sign:	; 1 bytes @ 0x6
   424                           	global	___awmod@sign
   425  0077                     ___awmod@sign:	; 1 bytes @ 0x6
   426  0077                     	ds	1
   427                           	global	lecture_commande@commande
   428  0078                     lecture_commande@commande:	; 1 bytes @ 0x7
   429                           	global	request_gps@commande
   430  0078                     request_gps@commande:	; 1 bytes @ 0x7
   431                           	global	___lwdiv@counter
   432  0078                     ___lwdiv@counter:	; 1 bytes @ 0x7
   433                           	global	___awdiv@quotient
   434  0078                     ___awdiv@quotient:	; 2 bytes @ 0x7
   435  0078                     	ds	1
   436                           	global	?___lwmod
   437  0079                     ?___lwmod:	; 2 bytes @ 0x8
   438                           	global	lecture_commande@quartet_commande
   439  0079                     lecture_commande@quartet_commande:	; 1 bytes @ 0x8
   440                           	global	request_gps@high_byte
   441  0079                     request_gps@high_byte:	; 1 bytes @ 0x8
   442                           	global	___lwmod@divisor
   443  0079                     ___lwmod@divisor:	; 2 bytes @ 0x8
   444  0079                     	ds	1
   445                           	global	??_attente_bf
   446  007A                     ??_attente_bf:	; 0 bytes @ 0x9
   447                           	global	request_gps@low_byte
   448  007A                     request_gps@low_byte:	; 1 bytes @ 0x9
   449  007A                     	ds	1
   450                           	global	??_print_char
   451  007B                     ??_print_char:	; 0 bytes @ 0xA
   452                           	global	??_ecriture_commande
   453  007B                     ??_ecriture_commande:	; 0 bytes @ 0xA
   454                           	global	___lwmod@dividend
   455  007B                     ___lwmod@dividend:	; 2 bytes @ 0xA
   456  007B                     	ds	1
   457                           	global	ecriture_commande@commande
   458  007C                     ecriture_commande@commande:	; 1 bytes @ 0xB
   459  007C                     	ds	1
   460                           	global	??_init_LCD
   461  007D                     ??_init_LCD:	; 0 bytes @ 0xC
   462                           	global	??_efface
   463  007D                     ??_efface:	; 0 bytes @ 0xC
   464                           	global	??_goto_ligne_1
   465  007D                     ??_goto_ligne_1:	; 0 bytes @ 0xC
   466                           	global	??_goto_ligne_2
   467  007D                     ??_goto_ligne_2:	; 0 bytes @ 0xC
   468                           	global	??___lwmod
   469  007D                     ??___lwmod:	; 0 bytes @ 0xC
   470                           	global	print_char@car
   471  007D                     print_char@car:	; 1 bytes @ 0xC
   472  007D                     	ds	1
   473                           	global	??_print_string
   474  007E                     ??_print_string:	; 0 bytes @ 0xD
   475                           psect	cstackBANK0,class=BANK0,space=1
   476                           global __pcstackBANK0
   477  0032                     __pcstackBANK0:
   478                           	global	print_string@s
   479  0032                     print_string@s:	; 1 bytes @ 0x0
   480                           	global	___lwmod@counter
   481  0032                     ___lwmod@counter:	; 1 bytes @ 0x0
   482  0032                     	ds	1
   483                           	global	print_string@i
   484  0033                     print_string@i:	; 2 bytes @ 0x1
   485  0033                     	ds	2
   486                           	global	??_main
   487  0035                     ??_main:	; 0 bytes @ 0x3
   488  0035                     	ds	2
   489 ;;Data sizes: Strings 32, constant 0, data 0, bss 18, persistent 0 stack 0
   490 ;;Auto spaces:   Size  Autos    Used
   491 ;; COMMON          13     13      13
   492 ;; BANK0           80      5      23
   493 ;; BANK1           80      0       0
   494 ;; BANK3           96      0       0
   495 ;; BANK2           96      0       0
   496                           
   497 ;;
   498 ;; Pointer list with targets:
   499                           
   500 ;; ?___lwdiv	unsigned int  size(1) Largest target is 0
   501 ;;
   502 ;; ?___lwmod	unsigned int  size(1) Largest target is 0
   503 ;;
   504 ;; ?___awmod	int  size(1) Largest target is 0
   505 ;;
   506 ;; ?___awdiv	int  size(1) Largest target is 0
   507 ;;
   508 ;; message	PTR unsigned char  size(1) Largest target is 128
   509 ;;		 -> RAM(NULL[128]), 
   510 ;;
   511 ;; emet_string@message	PTR unsigned char  size(1) Largest target is 5
   512 ;;		 -> STR_5(CODE[5]), 
   513 ;;
   514 ;; print_string@s	PTR unsigned char  size(1) Largest target is 7
   515 ;;		 -> STR_4(CODE[7]), STR_3(CODE[6]), STR_2(CODE[7]), STR_1(CODE[7]), 
   516 ;;
   517                           
   518                           
   519 ;;
   520 ;; Critical Paths under _main in COMMON
   521 ;;
   522 ;;   _main->_print_char
   523 ;;   _main->___lwmod
   524 ;;   _goto_ligne_2->_ecriture_commande
   525 ;;   _print_string->_print_char
   526 ;;   _goto_ligne_1->_ecriture_commande
   527 ;;   _efface->_ecriture_commande
   528 ;;   _init_LCD->_ecriture_commande
   529 ;;   _ecriture_commande->_attente_bf
   530 ;;   _print_char->_attente_bf
   531 ;;   _attente_bf->_lecture_commande
   532 ;;   _lecture_commande->_tempo_N_ms
   533 ;;   _request_gps->_tempo_N_ms
   534 ;;   _init_gps_mode_smart->_tempo_N_ms
   535 ;;   _emet_string->_emet_car
   536 ;;   ___lwmod->___lwdiv
   537 ;;
   538 ;; Critical Paths under _main in BANK0
   539 ;;
   540 ;;   _main->_print_string
   541 ;;
   542 ;; Critical Paths under _main in BANK1
   543 ;;
   544 ;;   None.
   545 ;;
   546 ;; Critical Paths under _main in BANK3
   547 ;;
   548 ;;   None.
   549 ;;
   550 ;; Critical Paths under _main in BANK2
   551 ;;
   552 ;;   None.
   553                           
   554 ;;
   555 ;;Main: autosize = 0, tempsize = 2, incstack = 0, save=0
   556 ;;
   557                           
   558 ;;
   559 ;;Call Graph Tables:
   560 ;;
   561 ;; ---------------------------------------------------------------------------------
   562 ;; (Depth) Function   	        Calls       Base Space   Used Autos Params    Refs
   563 ;; ---------------------------------------------------------------------------------
   564 ;; (0) _main                                                 2     2      0    2508
   565 ;;                                              3 BANK0      2     2      0
   566 ;;                         _init_PORTD
   567 ;;                         _allume_LCD
   568 ;;                           _init_LCD
   569 ;;                _init_gps_mode_smart
   570 ;;                 _init_liaison_serie
   571 ;;                             _efface
   572 ;;                       _goto_ligne_1
   573 ;;                       _print_string
   574 ;;                         _tempo_N_ms
   575 ;;                        _request_gps
   576 ;;                            ___awdiv
   577 ;;                         _print_char
   578 ;;                            ___awmod
   579 ;;                       _goto_ligne_2
   580 ;;                            ___lwdiv
   581 ;;                            ___lwmod
   582 ;; ---------------------------------------------------------------------------------
   583 ;; (1) _goto_ligne_2                                         0     0      0     182
   584 ;;                  _ecriture_commande
   585 ;; ---------------------------------------------------------------------------------
   586 ;; (1) _print_string                                         3     3      0     272
   587 ;;                                              0 BANK0      3     3      0
   588 ;;                         _print_char
   589 ;; ---------------------------------------------------------------------------------
   590 ;; (1) _goto_ligne_1                                         0     0      0     182
   591 ;;                  _ecriture_commande
   592 ;; ---------------------------------------------------------------------------------
   593 ;; (1) _efface                                               0     0      0     182
   594 ;;                  _ecriture_commande
   595 ;; ---------------------------------------------------------------------------------
   596 ;; (1) _init_LCD                                             0     0      0     228
   597 ;;                         _tempo_N_ms
   598 ;;                  _ecriture_commande
   599 ;; ---------------------------------------------------------------------------------
   600 ;; (2) _ecriture_commande                                    2     2      0     182
   601 ;;                                             10 COMMON     2     2      0
   602 ;;                         _attente_bf
   603 ;; ---------------------------------------------------------------------------------
   604 ;; (1) _print_char                                           3     3      0     182
   605 ;;                                             10 COMMON     3     3      0
   606 ;;                         _attente_bf
   607 ;; ---------------------------------------------------------------------------------
   608 ;; (3) _attente_bf                                           1     1      0     138
   609 ;;                                              9 COMMON     1     1      0
   610 ;;                   _lecture_commande
   611 ;; ---------------------------------------------------------------------------------
   612 ;; (4) _lecture_commande                                     4     4      0     138
   613 ;;                                              5 COMMON     4     4      0
   614 ;;                         _tempo_N_ms
   615 ;; ---------------------------------------------------------------------------------
   616 ;; (1) _request_gps                                          5     5      0     271
   617 ;;                                              5 COMMON     5     5      0
   618 ;;                        _emet_string
   619 ;;                           _emet_car
   620 ;;                         _tempo_N_ms
   621 ;;                         _recoit_car
   622 ;; ---------------------------------------------------------------------------------
   623 ;; (1) _init_gps_mode_smart                                  0     0      0      46
   624 ;;                         _tempo_N_ms
   625 ;; ---------------------------------------------------------------------------------
   626 ;; (2) _emet_string                                          2     2      0      67
   627 ;;                                              1 COMMON     2     2      0
   628 ;;                           _emet_car
   629 ;; ---------------------------------------------------------------------------------
   630 ;; (5) _tempo_N_ms                                           5     3      2      46
   631 ;;                                              0 COMMON     5     3      2
   632 ;;                         _tempo_1_ms
   633 ;; ---------------------------------------------------------------------------------
   634 ;; (1) _allume_LCD                                           0     0      0       0
   635 ;;                         _init_PORTD
   636 ;; ---------------------------------------------------------------------------------
   637 ;; (1) ___awmod                                              7     3      4     296
   638 ;;                                              0 COMMON     7     3      4
   639 ;; ---------------------------------------------------------------------------------
   640 ;; (1) ___awdiv                                              9     5      4     300
   641 ;;                                              0 COMMON     9     5      4
   642 ;; ---------------------------------------------------------------------------------
   643 ;; (1) ___lwmod                                              6     2      4     159
   644 ;;                                              8 COMMON     5     1      4
   645 ;;                                              0 BANK0      1     1      0
   646 ;;                            ___lwdiv (ARG)
   647 ;; ---------------------------------------------------------------------------------
   648 ;; (1) ___lwdiv                                              8     4      4     162
   649 ;;                                              0 COMMON     8     4      4
   650 ;; ---------------------------------------------------------------------------------
   651 ;; (2) _recoit_car                                           0     0      0       0
   652 ;; ---------------------------------------------------------------------------------
   653 ;; (2) _emet_car                                             1     1      0      22
   654 ;;                                              0 COMMON     1     1      0
   655 ;; ---------------------------------------------------------------------------------
   656 ;; (6) _tempo_1_ms                                           0     0      0       0
   657 ;; ---------------------------------------------------------------------------------
   658 ;; (1) _init_liaison_serie                                   0     0      0       0
   659 ;; ---------------------------------------------------------------------------------
   660 ;; (2) _init_PORTD                                           0     0      0       0
   661 ;; ---------------------------------------------------------------------------------
   662 ;; Estimated maximum stack depth 6
   663 ;; ---------------------------------------------------------------------------------
   664                           
   665 ;; Call Graph Graphs:
   666                           
   667 ;; _main (ROOT)
   668 ;;   _init_PORTD
   669 ;;   _allume_LCD
   670 ;;     _init_PORTD
   671 ;;   _init_LCD
   672 ;;     _tempo_N_ms
   673 ;;       _tempo_1_ms
   674 ;;     _ecriture_commande
   675 ;;       _attente_bf
   676 ;;         _lecture_commande
   677 ;;           _tempo_N_ms
   678 ;;             _tempo_1_ms
   679 ;;   _init_gps_mode_smart
   680 ;;     _tempo_N_ms
   681 ;;       _tempo_1_ms
   682 ;;   _init_liaison_serie
   683 ;;   _efface
   684 ;;     _ecriture_commande
   685 ;;       _attente_bf
   686 ;;         _lecture_commande
   687 ;;           _tempo_N_ms
   688 ;;             _tempo_1_ms
   689 ;;   _goto_ligne_1
   690 ;;     _ecriture_commande
   691 ;;       _attente_bf
   692 ;;         _lecture_commande
   693 ;;           _tempo_N_ms
   694 ;;             _tempo_1_ms
   695 ;;   _print_string
   696 ;;     _print_char
   697 ;;       _attente_bf
   698 ;;         _lecture_commande
   699 ;;           _tempo_N_ms
   700 ;;             _tempo_1_ms
   701 ;;   _tempo_N_ms
   702 ;;     _tempo_1_ms
   703 ;;   _request_gps
   704 ;;     _emet_string
   705 ;;       _emet_car
   706 ;;     _emet_car
   707 ;;     _tempo_N_ms
   708 ;;       _tempo_1_ms
   709 ;;     _recoit_car
   710 ;;   ___awdiv
   711 ;;   _print_char
   712 ;;     _attente_bf
   713 ;;       _lecture_commande
   714 ;;         _tempo_N_ms
   715 ;;           _tempo_1_ms
   716 ;;   ___awmod
   717 ;;   _goto_ligne_2
   718 ;;     _ecriture_commande
   719 ;;       _attente_bf
   720 ;;         _lecture_commande
   721 ;;           _tempo_N_ms
   722 ;;             _tempo_1_ms
   723 ;;   ___lwdiv
   724 ;;   ___lwmod
   725 ;;     ___lwdiv (ARG)
   726 ;;
   727                           
   728 ;; Address spaces:
   729                           
   730 ;;Name               Size   Autos  Total    Cost      Usage
   731 ;;BITCOMMON            D      0       0       0        0.0%
   732 ;;EEDATA             100      0       0       0        0.0%
   733 ;;NULL                 0      0       0       0        0.0%
   734 ;;CODE                 0      0       0       0        0.0%
   735 ;;COMMON               D      D       D       1      100.0%
   736 ;;BITSFR0              0      0       0       1        0.0%
   737 ;;SFR0                 0      0       0       1        0.0%
   738 ;;BITSFR1              0      0       0       2        0.0%
   739 ;;SFR1                 0      0       0       2        0.0%
   740 ;;STACK                0      0       6       2        0.0%
   741 ;;ABS                  0      0      24       3        0.0%
   742 ;;BITBANK0            50      0       0       4        0.0%
   743 ;;BITSFR3              0      0       0       4        0.0%
   744 ;;SFR3                 0      0       0       4        0.0%
   745 ;;BANK0               50      5      17       5       28.8%
   746 ;;BITSFR2              0      0       0       5        0.0%
   747 ;;SFR2                 0      0       0       5        0.0%
   748 ;;BITBANK1            50      0       0       6        0.0%
   749 ;;BANK1               50      0       0       7        0.0%
   750 ;;BITBANK3            60      0       0       8        0.0%
   751 ;;BANK3               60      0       0       9        0.0%
   752 ;;BITBANK2            60      0       0      10        0.0%
   753 ;;BANK2               60      0       0      11        0.0%
   754 ;;DATA                 0      0      2A      12        0.0%
   755                           
   756                           	global	_main
   757                           psect	maintext,global,class=CODE,delta=2
   758                           global __pmaintext
   759  03D8                     __pmaintext:
   760                           
   761 ;; *************** function _main *****************
   762 ;; Defined at:
   763 ;;		line 32 in file "D:\MICROCONTREU\projet_gps\projet_1__everything_string\gps.c"
   764 ;; Parameters:    Size  Location     Type
   765 ;;		None
   766 ;; Auto vars:     Size  Location     Type
   767 ;;		None
   768 ;; Return value:  Size  Location     Type
   769 ;;		None               void
   770 ;; Registers used:
   771 ;;		wreg, fsr0l, fsr0h, status,2, status,0, btemp+0, pclath, cstack
   772 ;; Tracked objects:
   773 ;;		On entry : 17F/0
   774 ;;		On exit  : 0/0
   775 ;;		Unchanged: 0/0
   776 ;; Data sizes:     COMMON   BANK0   BANK1   BANK3   BANK2
   777 ;;      Params:         0       0       0       0       0
   778 ;;      Locals:         0       0       0       0       0
   779 ;;      Temps:          0       2       0       0       0
   780 ;;      Totals:         0       2       0       0       0
   781 ;;Total ram usage:        2 bytes
   782 ;; Hardware stack levels required when called:    6
   783 ;; This function calls:
   784 ;;		_init_PORTD
   785 ;;		_allume_LCD
   786 ;;		_init_LCD
   787 ;;		_init_gps_mode_smart
   788 ;;		_init_liaison_serie
   789 ;;		_efface
   790 ;;		_goto_ligne_1
   791 ;;		_print_string
   792 ;;		_tempo_N_ms
   793 ;;		_request_gps
   794 ;;		___awdiv
   795 ;;		_print_char
   796 ;;		___awmod
   797 ;;		_goto_ligne_2
   798 ;;		___lwdiv
   799 ;;		___lwmod
   800 ;; This function is called by:
   801 ;;		Startup code after reset
   802 ;; This function uses a non-reentrant model
   803 ;;
   804                           psect	maintext
   805                           	file	"D:\MICROCONTREU\projet_gps\projet_1__everything_string\gps.c"
   806                           	line	32
   807                           	global	__size_of_main
   808  0428                     	__size_of_main	equ	__end_of_main-_main
   809                           	
   810  03D8                     _main:	
   811                           	opt	stack 8
   812                           ; Regs used in _main: [wreg-fsr0h+status,2-btemp+0+pclath+cstack]
   813                           	line	36
   814                           	
   815  03D8                     l4307:	
   816                           ;gps.c: 36: init_PORTD();
   817  03D8  120A  158A  2798   	fcall	_init_PORTD
              120A  118A         
   818                           	line	37
   819                           ;gps.c: 37: allume_LCD();
   820  03DD  120A  158A  27C3   	fcall	_allume_LCD
              120A  118A         
   821                           	line	38
   822                           	
   823  03E2                     l4309:	
   824                           ;gps.c: 38: init_LCD();
   825  03E2  120A  118A  21CB   	fcall	_init_LCD
              120A  118A         
   826                           	line	41
   827                           	
   828  03E7                     l4311:	
   829                           ;gps.c: 41: init_gps_mode_smart();
   830  03E7  120A  158A  27EE   	fcall	_init_gps_mode_smart
              120A  118A         
   831                           	line	45
   832                           	
   833  03EC                     l4313:	
   834                           ;gps.c: 45: init_liaison_serie();
   835  03EC  120A  118A  2038   	fcall	_init_liaison_serie
              120A  118A         
   836                           	line	49
   837                           ;gps.c: 49: while(1)
   838                           	
   839  03F1                     l613:	
   840                           	line	52
   841                           	
   842  03F1                     l4315:	
   843                           ;gps.c: 50: {
   844                           ;gps.c: 52: efface();
   845  03F1  120A  158A  27A6   	fcall	_efface
              120A  118A         
   846                           	line	53
   847                           	
   848  03F6                     l4317:	
   849                           ;gps.c: 53: goto_ligne_1();
   850  03F6  120A  158A  27AD   	fcall	_goto_ligne_1
              120A  118A         
   851                           	line	54
   852                           	
   853  03FB                     l4319:	
   854                           ;gps.c: 54: print_string("Date: ");
   855  03FB  3008               	movlw	((STR_1-__stringbase))&0ffh
   856  03FC  120A  118A  20DF   	fcall	_print_string
              120A  118A         
   857                           	line	55
   858                           	
   859  0401                     l4321:	
   860                           ;gps.c: 55: tempo_N_ms(160);
   861  0401  30A0               	movlw	low(0A0h)
   862  0402  00F1               	movwf	(?_tempo_N_ms)
   863  0403  3000               	movlw	high(0A0h)
   864  0404  00F2               	movwf	((?_tempo_N_ms))+1
   865  0405  120A  118A  20B6   	fcall	_tempo_N_ms
              120A  118A         
   866                           	line	56
   867                           	
   868  040A                     l4323:	
   869                           ;gps.c: 56: request_gps(0x04);
   870  040A  3004               	movlw	(04h)
   871  040B  120A  118A  22E9   	fcall	_request_gps
              120A  118A         
   872                           	line	58
   873                           	
   874  0410                     l4325:	
   875                           ;gps.c: 58: tempo_N_ms(1000);
   876  0410  30E8               	movlw	low(03E8h)
   877  0411  00F1               	movwf	(?_tempo_N_ms)
   878  0412  3003               	movlw	high(03E8h)
   879  0413  00F2               	movwf	((?_tempo_N_ms))+1
   880  0414  120A  118A  20B6   	fcall	_tempo_N_ms
              120A  118A         
   881                           	line	59
   882                           	
   883  0419                     l4327:	
   884                           ;gps.c: 59: tempo_N_ms(1000);
   885  0419  30E8               	movlw	low(03E8h)
   886  041A  00F1               	movwf	(?_tempo_N_ms)
   887  041B  3003               	movlw	high(03E8h)
   888  041C  00F2               	movwf	((?_tempo_N_ms))+1
   889  041D  120A  118A  20B6   	fcall	_tempo_N_ms
              120A  118A         
   890                           	line	60
   891                           	
   892  0422                     l4329:	
   893                           ;gps.c: 60: print_char(day / 10 + '0');
   894  0422  300A               	movlw	low(0Ah)
   895  0423  00F1               	movwf	(?___awdiv)
   896  0424  3000               	movlw	high(0Ah)
   897  0425  00F2               	movwf	((?___awdiv))+1
   898  0426  1283               	bcf	status, 5	;RP0=0, select bank0
   899  0427  1303               	bcf	status, 6	;RP1=0, select bank0
   900  0428  0828               	movf	(_day),w
   901  0429  00B5               	movwf	(??_main+0)+0
   902  042A  01B6               	clrf	(??_main+0)+0+1
   903  042B  0835               	movf	0+(??_main+0)+0,w
   904  042C  00F3               	movwf	0+(?___awdiv)+02h
   905  042D  0836               	movf	1+(??_main+0)+0,w
   906  042E  00F4               	movwf	1+(?___awdiv)+02h
   907  042F  120A  118A  2279   	fcall	___awdiv
              120A  118A         
   908  0434  0871               	movf	(0+(?___awdiv)),w
   909  0435  3E30               	addlw	030h
   910  0436  120A  118A  2095   	fcall	_print_char
              120A  118A         
   911                           	line	61
   912                           	
   913  043B                     l4331:	
   914                           ;gps.c: 61: print_char(day % 10 + '0');
   915  043B  300A               	movlw	low(0Ah)
   916  043C  00F1               	movwf	(?___awmod)
   917  043D  3000               	movlw	high(0Ah)
   918  043E  00F2               	movwf	((?___awmod))+1
   919  043F  1283               	bcf	status, 5	;RP0=0, select bank0
   920  0440  1303               	bcf	status, 6	;RP1=0, select bank0
   921  0441  0828               	movf	(_day),w
   922  0442  00B5               	movwf	(??_main+0)+0
   923  0443  01B6               	clrf	(??_main+0)+0+1
   924  0444  0835               	movf	0+(??_main+0)+0,w
   925  0445  00F3               	movwf	0+(?___awmod)+02h
   926  0446  0836               	movf	1+(??_main+0)+0,w
   927  0447  00F4               	movwf	1+(?___awmod)+02h
   928  0448  120A  118A  2219   	fcall	___awmod
              120A  118A         
   929  044D  0871               	movf	(0+(?___awmod)),w
   930  044E  3E30               	addlw	030h
   931  044F  120A  118A  2095   	fcall	_print_char
              120A  118A         
   932                           	line	62
   933                           	
   934  0454                     l4333:	
   935                           ;gps.c: 62: print_char('/');
   936  0454  302F               	movlw	(02Fh)
   937  0455  120A  118A  2095   	fcall	_print_char
              120A  118A         
   938                           	line	63
   939                           	
   940  045A                     l4335:	
   941                           ;gps.c: 63: print_char(month / 10 + '0');
   942  045A  300A               	movlw	low(0Ah)
   943  045B  00F1               	movwf	(?___awdiv)
   944  045C  3000               	movlw	high(0Ah)
   945  045D  00F2               	movwf	((?___awdiv))+1
   946  045E  1283               	bcf	status, 5	;RP0=0, select bank0
   947  045F  1303               	bcf	status, 6	;RP1=0, select bank0
   948  0460  082D               	movf	(_month),w
   949  0461  00B5               	movwf	(??_main+0)+0
   950  0462  01B6               	clrf	(??_main+0)+0+1
   951  0463  0835               	movf	0+(??_main+0)+0,w
   952  0464  00F3               	movwf	0+(?___awdiv)+02h
   953  0465  0836               	movf	1+(??_main+0)+0,w
   954  0466  00F4               	movwf	1+(?___awdiv)+02h
   955  0467  120A  118A  2279   	fcall	___awdiv
              120A  118A         
   956  046C  0871               	movf	(0+(?___awdiv)),w
   957  046D  3E30               	addlw	030h
   958  046E  120A  118A  2095   	fcall	_print_char
              120A  118A         
   959                           	line	64
   960                           	
   961  0473                     l4337:	
   962                           ;gps.c: 64: print_char(month % 10 + '0');
   963  0473  300A               	movlw	low(0Ah)
   964  0474  00F1               	movwf	(?___awmod)
   965  0475  3000               	movlw	high(0Ah)
   966  0476  00F2               	movwf	((?___awmod))+1
   967  0477  1283               	bcf	status, 5	;RP0=0, select bank0
   968  0478  1303               	bcf	status, 6	;RP1=0, select bank0
   969  0479  082D               	movf	(_month),w
   970  047A  00B5               	movwf	(??_main+0)+0
   971  047B  01B6               	clrf	(??_main+0)+0+1
   972  047C  0835               	movf	0+(??_main+0)+0,w
   973  047D  00F3               	movwf	0+(?___awmod)+02h
   974  047E  0836               	movf	1+(??_main+0)+0,w
   975  047F  00F4               	movwf	1+(?___awmod)+02h
   976  0480  120A  118A  2219   	fcall	___awmod
              120A  118A         
   977  0485  0871               	movf	(0+(?___awmod)),w
   978  0486  3E30               	addlw	030h
   979  0487  120A  118A  2095   	fcall	_print_char
              120A  118A         
   980                           	line	65
   981                           	
   982  048C                     l4339:	
   983                           ;gps.c: 65: print_char('/');
   984  048C  302F               	movlw	(02Fh)
   985  048D  120A  118A  2095   	fcall	_print_char
              120A  118A         
   986                           	line	66
   987                           	
   988  0492                     l4341:	
   989                           ;gps.c: 66: print_char(year / 10 + '0');
   990  0492  300A               	movlw	low(0Ah)
   991  0493  00F1               	movwf	(?___awdiv)
   992  0494  3000               	movlw	high(0Ah)
   993  0495  00F2               	movwf	((?___awdiv))+1
   994  0496  1283               	bcf	status, 5	;RP0=0, select bank0
   995  0497  1303               	bcf	status, 6	;RP1=0, select bank0
   996  0498  0831               	movf	(_year),w
   997  0499  00B5               	movwf	(??_main+0)+0
   998  049A  01B6               	clrf	(??_main+0)+0+1
   999  049B  0835               	movf	0+(??_main+0)+0,w
  1000  049C  00F3               	movwf	0+(?___awdiv)+02h
  1001  049D  0836               	movf	1+(??_main+0)+0,w
  1002  049E  00F4               	movwf	1+(?___awdiv)+02h
  1003  049F  120A  118A  2279   	fcall	___awdiv
              120A  118A         
  1004  04A4  0871               	movf	(0+(?___awdiv)),w
  1005  04A5  3E30               	addlw	030h
  1006  04A6  120A  118A  2095   	fcall	_print_char
              120A  118A         
  1007                           	line	67
  1008                           	
  1009  04AB                     l4343:	
  1010                           ;gps.c: 67: print_char(year % 10 + '0');
  1011  04AB  300A               	movlw	low(0Ah)
  1012  04AC  00F1               	movwf	(?___awmod)
  1013  04AD  3000               	movlw	high(0Ah)
  1014  04AE  00F2               	movwf	((?___awmod))+1
  1015  04AF  1283               	bcf	status, 5	;RP0=0, select bank0
  1016  04B0  1303               	bcf	status, 6	;RP1=0, select bank0
  1017  04B1  0831               	movf	(_year),w
  1018  04B2  00B5               	movwf	(??_main+0)+0
  1019  04B3  01B6               	clrf	(??_main+0)+0+1
  1020  04B4  0835               	movf	0+(??_main+0)+0,w
  1021  04B5  00F3               	movwf	0+(?___awmod)+02h
  1022  04B6  0836               	movf	1+(??_main+0)+0,w
  1023  04B7  00F4               	movwf	1+(?___awmod)+02h
  1024  04B8  120A  118A  2219   	fcall	___awmod
              120A  118A         
  1025  04BD  0871               	movf	(0+(?___awmod)),w
  1026  04BE  3E30               	addlw	030h
  1027  04BF  120A  118A  2095   	fcall	_print_char
              120A  118A         
  1028                           	line	69
  1029                           	
  1030  04C4                     l4345:	
  1031                           ;gps.c: 69: tempo_N_ms(1000);
  1032  04C4  30E8               	movlw	low(03E8h)
  1033  04C5  00F1               	movwf	(?_tempo_N_ms)
  1034  04C6  3003               	movlw	high(03E8h)
  1035  04C7  00F2               	movwf	((?_tempo_N_ms))+1
  1036  04C8  120A  118A  20B6   	fcall	_tempo_N_ms
              120A  118A         
  1037                           	line	72
  1038                           	
  1039  04CD                     l4347:	
  1040                           ;gps.c: 72: goto_ligne_2();
  1041  04CD  120A  158A  27B4   	fcall	_goto_ligne_2
              120A  118A         
  1042                           	line	73
  1043                           	
  1044  04D2                     l4349:	
  1045                           ;gps.c: 73: print_string("Time: ");
  1046  04D2  3001               	movlw	((STR_2-__stringbase))&0ffh
  1047  04D3  120A  118A  20DF   	fcall	_print_string
              120A  118A         
  1048                           	line	75
  1049                           	
  1050  04D8                     l4351:	
  1051                           ;gps.c: 75: tempo_N_ms(160);
  1052  04D8  30A0               	movlw	low(0A0h)
  1053  04D9  00F1               	movwf	(?_tempo_N_ms)
  1054  04DA  3000               	movlw	high(0A0h)
  1055  04DB  00F2               	movwf	((?_tempo_N_ms))+1
  1056  04DC  120A  118A  20B6   	fcall	_tempo_N_ms
              120A  118A         
  1057                           	line	76
  1058                           	
  1059  04E1                     l4353:	
  1060                           ;gps.c: 76: request_gps(0x03);
  1061  04E1  3003               	movlw	(03h)
  1062  04E2  120A  118A  22E9   	fcall	_request_gps
              120A  118A         
  1063                           	line	77
  1064                           	
  1065  04E7                     l4355:	
  1066                           ;gps.c: 77: print_char(tmHrs / 10 + '0');
  1067  04E7  300A               	movlw	low(0Ah)
  1068  04E8  00F1               	movwf	(?___awdiv)
  1069  04E9  3000               	movlw	high(0Ah)
  1070  04EA  00F2               	movwf	((?___awdiv))+1
  1071  04EB  1283               	bcf	status, 5	;RP0=0, select bank0
  1072  04EC  1303               	bcf	status, 6	;RP1=0, select bank0
  1073  04ED  082E               	movf	(_tmHrs),w
  1074  04EE  00B5               	movwf	(??_main+0)+0
  1075  04EF  01B6               	clrf	(??_main+0)+0+1
  1076  04F0  0835               	movf	0+(??_main+0)+0,w
  1077  04F1  00F3               	movwf	0+(?___awdiv)+02h
  1078  04F2  0836               	movf	1+(??_main+0)+0,w
  1079  04F3  00F4               	movwf	1+(?___awdiv)+02h
  1080  04F4  120A  118A  2279   	fcall	___awdiv
              120A  118A         
  1081  04F9  0871               	movf	(0+(?___awdiv)),w
  1082  04FA  3E30               	addlw	030h
  1083  04FB  120A  118A  2095   	fcall	_print_char
              120A  118A         
  1084                           	line	78
  1085                           	
  1086  0500                     l4357:	
  1087                           ;gps.c: 78: print_char(tmHrs % 10 + '0');
  1088  0500  300A               	movlw	low(0Ah)
  1089  0501  00F1               	movwf	(?___awmod)
  1090  0502  3000               	movlw	high(0Ah)
  1091  0503  00F2               	movwf	((?___awmod))+1
  1092  0504  1283               	bcf	status, 5	;RP0=0, select bank0
  1093  0505  1303               	bcf	status, 6	;RP1=0, select bank0
  1094  0506  082E               	movf	(_tmHrs),w
  1095  0507  00B5               	movwf	(??_main+0)+0
  1096  0508  01B6               	clrf	(??_main+0)+0+1
  1097  0509  0835               	movf	0+(??_main+0)+0,w
  1098  050A  00F3               	movwf	0+(?___awmod)+02h
  1099  050B  0836               	movf	1+(??_main+0)+0,w
  1100  050C  00F4               	movwf	1+(?___awmod)+02h
  1101  050D  120A  118A  2219   	fcall	___awmod
              120A  118A         
  1102  0512  0871               	movf	(0+(?___awmod)),w
  1103  0513  3E30               	addlw	030h
  1104  0514  120A  118A  2095   	fcall	_print_char
              120A  118A         
  1105                           	line	79
  1106                           	
  1107  0519                     l4359:	
  1108                           ;gps.c: 79: print_char(':');
  1109  0519  303A               	movlw	(03Ah)
  1110  051A  120A  118A  2095   	fcall	_print_char
              120A  118A         
  1111                           	line	80
  1112                           	
  1113  051F                     l4361:	
  1114                           ;gps.c: 80: print_char(tmMins / 10 + '0');
  1115  051F  300A               	movlw	low(0Ah)
  1116  0520  00F1               	movwf	(?___awdiv)
  1117  0521  3000               	movlw	high(0Ah)
  1118  0522  00F2               	movwf	((?___awdiv))+1
  1119  0523  1283               	bcf	status, 5	;RP0=0, select bank0
  1120  0524  1303               	bcf	status, 6	;RP1=0, select bank0
  1121  0525  082F               	movf	(_tmMins),w
  1122  0526  00B5               	movwf	(??_main+0)+0
  1123  0527  01B6               	clrf	(??_main+0)+0+1
  1124  0528  0835               	movf	0+(??_main+0)+0,w
  1125  0529  00F3               	movwf	0+(?___awdiv)+02h
  1126  052A  0836               	movf	1+(??_main+0)+0,w
  1127  052B  00F4               	movwf	1+(?___awdiv)+02h
  1128  052C  120A  118A  2279   	fcall	___awdiv
              120A  118A         
  1129  0531  0871               	movf	(0+(?___awdiv)),w
  1130  0532  3E30               	addlw	030h
  1131  0533  120A  118A  2095   	fcall	_print_char
              120A  118A         
  1132                           	line	81
  1133                           	
  1134  0538                     l4363:	
  1135                           ;gps.c: 81: print_char(tmMins % 10 + '0');
  1136  0538  300A               	movlw	low(0Ah)
  1137  0539  00F1               	movwf	(?___awmod)
  1138  053A  3000               	movlw	high(0Ah)
  1139  053B  00F2               	movwf	((?___awmod))+1
  1140  053C  1283               	bcf	status, 5	;RP0=0, select bank0
  1141  053D  1303               	bcf	status, 6	;RP1=0, select bank0
  1142  053E  082F               	movf	(_tmMins),w
  1143  053F  00B5               	movwf	(??_main+0)+0
  1144  0540  01B6               	clrf	(??_main+0)+0+1
  1145  0541  0835               	movf	0+(??_main+0)+0,w
  1146  0542  00F3               	movwf	0+(?___awmod)+02h
  1147  0543  0836               	movf	1+(??_main+0)+0,w
  1148  0544  00F4               	movwf	1+(?___awmod)+02h
  1149  0545  120A  118A  2219   	fcall	___awmod
              120A  118A         
  1150  054A  0871               	movf	(0+(?___awmod)),w
  1151  054B  3E30               	addlw	030h
  1152  054C  120A  118A  2095   	fcall	_print_char
              120A  118A         
  1153                           	line	82
  1154                           	
  1155  0551                     l4365:	
  1156                           ;gps.c: 82: print_char(':');
  1157  0551  303A               	movlw	(03Ah)
  1158  0552  120A  118A  2095   	fcall	_print_char
              120A  118A         
  1159                           	line	83
  1160                           	
  1161  0557                     l4367:	
  1162                           ;gps.c: 83: print_char(tmSecs / 10 + '0');
  1163  0557  300A               	movlw	low(0Ah)
  1164  0558  00F1               	movwf	(?___awdiv)
  1165  0559  3000               	movlw	high(0Ah)
  1166  055A  00F2               	movwf	((?___awdiv))+1
  1167  055B  1283               	bcf	status, 5	;RP0=0, select bank0
  1168  055C  1303               	bcf	status, 6	;RP1=0, select bank0
  1169  055D  0830               	movf	(_tmSecs),w
  1170  055E  00B5               	movwf	(??_main+0)+0
  1171  055F  01B6               	clrf	(??_main+0)+0+1
  1172  0560  0835               	movf	0+(??_main+0)+0,w
  1173  0561  00F3               	movwf	0+(?___awdiv)+02h
  1174  0562  0836               	movf	1+(??_main+0)+0,w
  1175  0563  00F4               	movwf	1+(?___awdiv)+02h
  1176  0564  120A  118A  2279   	fcall	___awdiv
              120A  118A         
  1177  0569  0871               	movf	(0+(?___awdiv)),w
  1178  056A  3E30               	addlw	030h
  1179  056B  120A  118A  2095   	fcall	_print_char
              120A  118A         
  1180                           	line	84
  1181                           	
  1182  0570                     l4369:	
  1183                           ;gps.c: 84: print_char(tmSecs % 10 + '0');
  1184  0570  300A               	movlw	low(0Ah)
  1185  0571  00F1               	movwf	(?___awmod)
  1186  0572  3000               	movlw	high(0Ah)
  1187  0573  00F2               	movwf	((?___awmod))+1
  1188  0574  1283               	bcf	status, 5	;RP0=0, select bank0
  1189  0575  1303               	bcf	status, 6	;RP1=0, select bank0
  1190  0576  0830               	movf	(_tmSecs),w
  1191  0577  00B5               	movwf	(??_main+0)+0
  1192  0578  01B6               	clrf	(??_main+0)+0+1
  1193  0579  0835               	movf	0+(??_main+0)+0,w
  1194  057A  00F3               	movwf	0+(?___awmod)+02h
  1195  057B  0836               	movf	1+(??_main+0)+0,w
  1196  057C  00F4               	movwf	1+(?___awmod)+02h
  1197  057D  120A  118A  2219   	fcall	___awmod
              120A  118A         
  1198  0582  0871               	movf	(0+(?___awmod)),w
  1199  0583  3E30               	addlw	030h
  1200  0584  120A  118A  2095   	fcall	_print_char
              120A  118A         
  1201                           	line	87
  1202                           	
  1203  0589                     l4371:	
  1204                           ;gps.c: 87: tempo_N_ms(1000);
  1205  0589  30E8               	movlw	low(03E8h)
  1206  058A  00F1               	movwf	(?_tempo_N_ms)
  1207  058B  3003               	movlw	high(03E8h)
  1208  058C  00F2               	movwf	((?_tempo_N_ms))+1
  1209  058D  120A  118A  20B6   	fcall	_tempo_N_ms
              120A  118A         
  1210                           	line	91
  1211                           	
  1212  0592                     l4373:	
  1213                           ;gps.c: 91: efface();
  1214  0592  120A  158A  27A6   	fcall	_efface
              120A  118A         
  1215                           	line	92
  1216                           	
  1217  0597                     l4375:	
  1218                           ;gps.c: 92: goto_ligne_1();
  1219  0597  120A  158A  27AD   	fcall	_goto_ligne_1
              120A  118A         
  1220                           	line	93
  1221                           	
  1222  059C                     l4377:	
  1223                           ;gps.c: 93: print_string("Lat: ");
  1224  059C  3016               	movlw	((STR_3-__stringbase))&0ffh
  1225  059D  120A  118A  20DF   	fcall	_print_string
              120A  118A         
  1226                           	line	95
  1227                           	
  1228  05A2                     l4379:	
  1229                           ;gps.c: 95: tempo_N_ms(160);
  1230  05A2  30A0               	movlw	low(0A0h)
  1231  05A3  00F1               	movwf	(?_tempo_N_ms)
  1232  05A4  3000               	movlw	high(0A0h)
  1233  05A5  00F2               	movwf	((?_tempo_N_ms))+1
  1234  05A6  120A  118A  20B6   	fcall	_tempo_N_ms
              120A  118A         
  1235                           	line	96
  1236                           	
  1237  05AB                     l4381:	
  1238                           ;gps.c: 96: request_gps(0x05);
  1239  05AB  3005               	movlw	(05h)
  1240  05AC  120A  118A  22E9   	fcall	_request_gps
              120A  118A         
  1241                           	line	97
  1242                           	
  1243  05B1                     l4383:	
  1244                           ;gps.c: 97: print_char(degrees / 10 + '0');
  1245  05B1  300A               	movlw	low(0Ah)
  1246  05B2  00F1               	movwf	(?___awdiv)
  1247  05B3  3000               	movlw	high(0Ah)
  1248  05B4  00F2               	movwf	((?___awdiv))+1
  1249  05B5  1283               	bcf	status, 5	;RP0=0, select bank0
  1250  05B6  1303               	bcf	status, 6	;RP1=0, select bank0
  1251  05B7  0829               	movf	(_degrees),w
  1252  05B8  00B5               	movwf	(??_main+0)+0
  1253  05B9  01B6               	clrf	(??_main+0)+0+1
  1254  05BA  0835               	movf	0+(??_main+0)+0,w
  1255  05BB  00F3               	movwf	0+(?___awdiv)+02h
  1256  05BC  0836               	movf	1+(??_main+0)+0,w
  1257  05BD  00F4               	movwf	1+(?___awdiv)+02h
  1258  05BE  120A  118A  2279   	fcall	___awdiv
              120A  118A         
  1259  05C3  0871               	movf	(0+(?___awdiv)),w
  1260  05C4  3E30               	addlw	030h
  1261  05C5  120A  118A  2095   	fcall	_print_char
              120A  118A         
  1262                           	line	98
  1263                           	
  1264  05CA                     l4385:	
  1265                           ;gps.c: 98: print_char(degrees % 10 + '0');
  1266  05CA  300A               	movlw	low(0Ah)
  1267  05CB  00F1               	movwf	(?___awmod)
  1268  05CC  3000               	movlw	high(0Ah)
  1269  05CD  00F2               	movwf	((?___awmod))+1
  1270  05CE  1283               	bcf	status, 5	;RP0=0, select bank0
  1271  05CF  1303               	bcf	status, 6	;RP1=0, select bank0
  1272  05D0  0829               	movf	(_degrees),w
  1273  05D1  00B5               	movwf	(??_main+0)+0
  1274  05D2  01B6               	clrf	(??_main+0)+0+1
  1275  05D3  0835               	movf	0+(??_main+0)+0,w
  1276  05D4  00F3               	movwf	0+(?___awmod)+02h
  1277  05D5  0836               	movf	1+(??_main+0)+0,w
  1278  05D6  00F4               	movwf	1+(?___awmod)+02h
  1279  05D7  120A  118A  2219   	fcall	___awmod
              120A  118A         
  1280  05DC  0871               	movf	(0+(?___awmod)),w
  1281  05DD  3E30               	addlw	030h
  1282  05DE  120A  118A  2095   	fcall	_print_char
              120A  118A         
  1283                           	line	99
  1284                           	
  1285  05E3                     l4387:	
  1286                           ;gps.c: 99: print_char(' ');
  1287  05E3  3020               	movlw	(020h)
  1288  05E4  120A  118A  2095   	fcall	_print_char
              120A  118A         
  1289                           	line	100
  1290                           	
  1291  05E9                     l4389:	
  1292                           ;gps.c: 100: print_char(minutes / 10 + '0');
  1293  05E9  300A               	movlw	low(0Ah)
  1294  05EA  00F1               	movwf	(?___awdiv)
  1295  05EB  3000               	movlw	high(0Ah)
  1296  05EC  00F2               	movwf	((?___awdiv))+1
  1297  05ED  1283               	bcf	status, 5	;RP0=0, select bank0
  1298  05EE  1303               	bcf	status, 6	;RP1=0, select bank0
  1299  05EF  082C               	movf	(_minutes),w
  1300  05F0  00B5               	movwf	(??_main+0)+0
  1301  05F1  01B6               	clrf	(??_main+0)+0+1
  1302  05F2  0835               	movf	0+(??_main+0)+0,w
  1303  05F3  00F3               	movwf	0+(?___awdiv)+02h
  1304  05F4  0836               	movf	1+(??_main+0)+0,w
  1305  05F5  00F4               	movwf	1+(?___awdiv)+02h
  1306  05F6  120A  118A  2279   	fcall	___awdiv
              120A  118A         
  1307  05FB  0871               	movf	(0+(?___awdiv)),w
  1308  05FC  3E30               	addlw	030h
  1309  05FD  120A  118A  2095   	fcall	_print_char
              120A  118A         
  1310                           	line	101
  1311                           	
  1312  0602                     l4391:	
  1313                           ;gps.c: 101: print_char(minutes % 10 + '0');
  1314  0602  300A               	movlw	low(0Ah)
  1315  0603  00F1               	movwf	(?___awmod)
  1316  0604  3000               	movlw	high(0Ah)
  1317  0605  00F2               	movwf	((?___awmod))+1
  1318  0606  1283               	bcf	status, 5	;RP0=0, select bank0
  1319  0607  1303               	bcf	status, 6	;RP1=0, select bank0
  1320  0608  082C               	movf	(_minutes),w
  1321  0609  00B5               	movwf	(??_main+0)+0
  1322  060A  01B6               	clrf	(??_main+0)+0+1
  1323  060B  0835               	movf	0+(??_main+0)+0,w
  1324  060C  00F3               	movwf	0+(?___awmod)+02h
  1325  060D  0836               	movf	1+(??_main+0)+0,w
  1326  060E  00F4               	movwf	1+(?___awmod)+02h
  1327  060F  120A  118A  2219   	fcall	___awmod
              120A  118A         
  1328  0614  0871               	movf	(0+(?___awmod)),w
  1329  0615  3E30               	addlw	030h
  1330  0616  120A  118A  2095   	fcall	_print_char
              120A  118A         
  1331                           	line	102
  1332                           	
  1333  061B                     l4393:	
  1334                           ;gps.c: 102: print_char('.');
  1335  061B  302E               	movlw	(02Eh)
  1336  061C  120A  118A  2095   	fcall	_print_char
              120A  118A         
  1337                           	line	103
  1338                           	
  1339  0621                     l4395:	
  1340                           ;gps.c: 103: print_char((minutesD / 1000) % 10 + '0');
  1341  0621  300A               	movlw	low(0Ah)
  1342  0622  00F9               	movwf	(?___lwmod)
  1343  0623  3000               	movlw	high(0Ah)
  1344  0624  00FA               	movwf	((?___lwmod))+1
  1345  0625  30E8               	movlw	low(03E8h)
  1346  0626  00F1               	movwf	(?___lwdiv)
  1347  0627  3003               	movlw	high(03E8h)
  1348  0628  00F2               	movwf	((?___lwdiv))+1
  1349  0629  1283               	bcf	status, 5	;RP0=0, select bank0
  1350  062A  1303               	bcf	status, 6	;RP1=0, select bank0
  1351  062B  0825               	movf	(_minutesD+1),w
  1352  062C  01F4               	clrf	1+(?___lwdiv)+02h
  1353  062D  07F4               	addwf	1+(?___lwdiv)+02h
  1354  062E  0824               	movf	(_minutesD),w
  1355  062F  01F3               	clrf	0+(?___lwdiv)+02h
  1356  0630  07F3               	addwf	0+(?___lwdiv)+02h
  1357                           
  1358  0631  120A  118A  2182   	fcall	___lwdiv
              120A  118A         
  1359  0636  0872               	movf	(1+(?___lwdiv)),w
  1360  0637  01FC               	clrf	1+(?___lwmod)+02h
  1361  0638  07FC               	addwf	1+(?___lwmod)+02h
  1362  0639  0871               	movf	(0+(?___lwdiv)),w
  1363  063A  01FB               	clrf	0+(?___lwmod)+02h
  1364  063B  07FB               	addwf	0+(?___lwmod)+02h
  1365                           
  1366  063C  120A  118A  2143   	fcall	___lwmod
              120A  118A         
  1367  0641  0879               	movf	(0+(?___lwmod)),w
  1368  0642  3E30               	addlw	030h
  1369  0643  120A  118A  2095   	fcall	_print_char
              120A  118A         
  1370                           	line	104
  1371                           	
  1372  0648                     l4397:	
  1373                           ;gps.c: 104: print_char((minutesD / 100) % 10 + '0');
  1374  0648  300A               	movlw	low(0Ah)
  1375  0649  00F9               	movwf	(?___lwmod)
  1376  064A  3000               	movlw	high(0Ah)
  1377  064B  00FA               	movwf	((?___lwmod))+1
  1378  064C  3064               	movlw	low(064h)
  1379  064D  00F1               	movwf	(?___lwdiv)
  1380  064E  3000               	movlw	high(064h)
  1381  064F  00F2               	movwf	((?___lwdiv))+1
  1382  0650  1283               	bcf	status, 5	;RP0=0, select bank0
  1383  0651  1303               	bcf	status, 6	;RP1=0, select bank0
  1384  0652  0825               	movf	(_minutesD+1),w
  1385  0653  01F4               	clrf	1+(?___lwdiv)+02h
  1386  0654  07F4               	addwf	1+(?___lwdiv)+02h
  1387  0655  0824               	movf	(_minutesD),w
  1388  0656  01F3               	clrf	0+(?___lwdiv)+02h
  1389  0657  07F3               	addwf	0+(?___lwdiv)+02h
  1390                           
  1391  0658  120A  118A  2182   	fcall	___lwdiv
              120A  118A         
  1392  065D  0872               	movf	(1+(?___lwdiv)),w
  1393  065E  01FC               	clrf	1+(?___lwmod)+02h
  1394  065F  07FC               	addwf	1+(?___lwmod)+02h
  1395  0660  0871               	movf	(0+(?___lwdiv)),w
  1396  0661  01FB               	clrf	0+(?___lwmod)+02h
  1397  0662  07FB               	addwf	0+(?___lwmod)+02h
  1398                           
  1399  0663  120A  118A  2143   	fcall	___lwmod
              120A  118A         
  1400  0668  0879               	movf	(0+(?___lwmod)),w
  1401  0669  3E30               	addlw	030h
  1402  066A  120A  118A  2095   	fcall	_print_char
              120A  118A         
  1403                           	line	105
  1404                           	
  1405  066F                     l4399:	
  1406                           ;gps.c: 105: print_char((minutesD / 10) % 10 + '0');
  1407  066F  300A               	movlw	low(0Ah)
  1408  0670  00F9               	movwf	(?___lwmod)
  1409  0671  3000               	movlw	high(0Ah)
  1410  0672  00FA               	movwf	((?___lwmod))+1
  1411  0673  300A               	movlw	low(0Ah)
  1412  0674  00F1               	movwf	(?___lwdiv)
  1413  0675  3000               	movlw	high(0Ah)
  1414  0676  00F2               	movwf	((?___lwdiv))+1
  1415  0677  1283               	bcf	status, 5	;RP0=0, select bank0
  1416  0678  1303               	bcf	status, 6	;RP1=0, select bank0
  1417  0679  0825               	movf	(_minutesD+1),w
  1418  067A  01F4               	clrf	1+(?___lwdiv)+02h
  1419  067B  07F4               	addwf	1+(?___lwdiv)+02h
  1420  067C  0824               	movf	(_minutesD),w
  1421  067D  01F3               	clrf	0+(?___lwdiv)+02h
  1422  067E  07F3               	addwf	0+(?___lwdiv)+02h
  1423                           
  1424  067F  120A  118A  2182   	fcall	___lwdiv
              120A  118A         
  1425  0684  0872               	movf	(1+(?___lwdiv)),w
  1426  0685  01FC               	clrf	1+(?___lwmod)+02h
  1427  0686  07FC               	addwf	1+(?___lwmod)+02h
  1428  0687  0871               	movf	(0+(?___lwdiv)),w
  1429  0688  01FB               	clrf	0+(?___lwmod)+02h
  1430  0689  07FB               	addwf	0+(?___lwmod)+02h
  1431                           
  1432  068A  120A  118A  2143   	fcall	___lwmod
              120A  118A         
  1433  068F  0879               	movf	(0+(?___lwmod)),w
  1434  0690  3E30               	addlw	030h
  1435  0691  120A  118A  2095   	fcall	_print_char
              120A  118A         
  1436                           	line	106
  1437                           	
  1438  0696                     l4401:	
  1439                           ;gps.c: 106: print_char(minutesD % 10 + '0');
  1440  0696  300A               	movlw	low(0Ah)
  1441  0697  00F9               	movwf	(?___lwmod)
  1442  0698  3000               	movlw	high(0Ah)
  1443  0699  00FA               	movwf	((?___lwmod))+1
  1444  069A  1283               	bcf	status, 5	;RP0=0, select bank0
  1445  069B  1303               	bcf	status, 6	;RP1=0, select bank0
  1446  069C  0825               	movf	(_minutesD+1),w
  1447  069D  01FC               	clrf	1+(?___lwmod)+02h
  1448  069E  07FC               	addwf	1+(?___lwmod)+02h
  1449  069F  0824               	movf	(_minutesD),w
  1450  06A0  01FB               	clrf	0+(?___lwmod)+02h
  1451  06A1  07FB               	addwf	0+(?___lwmod)+02h
  1452                           
  1453  06A2  120A  118A  2143   	fcall	___lwmod
              120A  118A         
  1454  06A7  0879               	movf	(0+(?___lwmod)),w
  1455  06A8  3E30               	addlw	030h
  1456  06A9  120A  118A  2095   	fcall	_print_char
              120A  118A         
  1457                           	line	107
  1458                           	
  1459  06AE                     l4403:	
  1460                           ;gps.c: 107: print_char(' ');
  1461  06AE  3020               	movlw	(020h)
  1462  06AF  120A  118A  2095   	fcall	_print_char
              120A  118A         
  1463                           	line	108
  1464                           	
  1465  06B4                     l4405:	
  1466                           ;gps.c: 108: print_char(dir);
  1467  06B4  1283               	bcf	status, 5	;RP0=0, select bank0
  1468  06B5  1303               	bcf	status, 6	;RP1=0, select bank0
  1469  06B6  082A               	movf	(_dir),w
  1470  06B7  120A  118A  2095   	fcall	_print_char
              120A  118A         
  1471                           	line	109
  1472                           	
  1473  06BC                     l4407:	
  1474                           ;gps.c: 109: tempo_N_ms(1000);
  1475  06BC  30E8               	movlw	low(03E8h)
  1476  06BD  00F1               	movwf	(?_tempo_N_ms)
  1477  06BE  3003               	movlw	high(03E8h)
  1478  06BF  00F2               	movwf	((?_tempo_N_ms))+1
  1479  06C0  120A  118A  20B6   	fcall	_tempo_N_ms
              120A  118A         
  1480                           	line	114
  1481                           	
  1482  06C5                     l4409:	
  1483                           ;gps.c: 114: goto_ligne_2();
  1484  06C5  120A  158A  27B4   	fcall	_goto_ligne_2
              120A  118A         
  1485                           	line	115
  1486                           	
  1487  06CA                     l4411:	
  1488                           ;gps.c: 115: print_string("Long: ");
  1489  06CA  300F               	movlw	((STR_4-__stringbase))&0ffh
  1490  06CB  120A  118A  20DF   	fcall	_print_string
              120A  118A         
  1491                           	line	117
  1492                           	
  1493  06D0                     l4413:	
  1494                           ;gps.c: 117: tempo_N_ms(160);
  1495  06D0  30A0               	movlw	low(0A0h)
  1496  06D1  00F1               	movwf	(?_tempo_N_ms)
  1497  06D2  3000               	movlw	high(0A0h)
  1498  06D3  00F2               	movwf	((?_tempo_N_ms))+1
  1499  06D4  120A  118A  20B6   	fcall	_tempo_N_ms
              120A  118A         
  1500                           	line	118
  1501                           	
  1502  06D9                     l4415:	
  1503                           ;gps.c: 118: request_gps(0x06);
  1504  06D9  3006               	movlw	(06h)
  1505  06DA  120A  118A  22E9   	fcall	_request_gps
              120A  118A         
  1506                           	line	119
  1507                           	
  1508  06DF                     l4417:	
  1509                           ;gps.c: 119: print_char(degrees / 10 + '0');
  1510  06DF  300A               	movlw	low(0Ah)
  1511  06E0  00F1               	movwf	(?___awdiv)
  1512  06E1  3000               	movlw	high(0Ah)
  1513  06E2  00F2               	movwf	((?___awdiv))+1
  1514  06E3  1283               	bcf	status, 5	;RP0=0, select bank0
  1515  06E4  1303               	bcf	status, 6	;RP1=0, select bank0
  1516  06E5  0829               	movf	(_degrees),w
  1517  06E6  00B5               	movwf	(??_main+0)+0
  1518  06E7  01B6               	clrf	(??_main+0)+0+1
  1519  06E8  0835               	movf	0+(??_main+0)+0,w
  1520  06E9  00F3               	movwf	0+(?___awdiv)+02h
  1521  06EA  0836               	movf	1+(??_main+0)+0,w
  1522  06EB  00F4               	movwf	1+(?___awdiv)+02h
  1523  06EC  120A  118A  2279   	fcall	___awdiv
              120A  118A         
  1524  06F1  0871               	movf	(0+(?___awdiv)),w
  1525  06F2  3E30               	addlw	030h
  1526  06F3  120A  118A  2095   	fcall	_print_char
              120A  118A         
  1527                           	line	120
  1528                           	
  1529  06F8                     l4419:	
  1530                           ;gps.c: 120: print_char(degrees % 10 + '0');
  1531  06F8  300A               	movlw	low(0Ah)
  1532  06F9  00F1               	movwf	(?___awmod)
  1533  06FA  3000               	movlw	high(0Ah)
  1534  06FB  00F2               	movwf	((?___awmod))+1
  1535  06FC  1283               	bcf	status, 5	;RP0=0, select bank0
  1536  06FD  1303               	bcf	status, 6	;RP1=0, select bank0
  1537  06FE  0829               	movf	(_degrees),w
  1538  06FF  00B5               	movwf	(??_main+0)+0
  1539  0700  01B6               	clrf	(??_main+0)+0+1
  1540  0701  0835               	movf	0+(??_main+0)+0,w
  1541  0702  00F3               	movwf	0+(?___awmod)+02h
  1542  0703  0836               	movf	1+(??_main+0)+0,w
  1543  0704  00F4               	movwf	1+(?___awmod)+02h
  1544  0705  120A  118A  2219   	fcall	___awmod
              120A  118A         
  1545  070A  0871               	movf	(0+(?___awmod)),w
  1546  070B  3E30               	addlw	030h
  1547  070C  120A  118A  2095   	fcall	_print_char
              120A  118A         
  1548                           	line	121
  1549                           	
  1550  0711                     l4421:	
  1551                           ;gps.c: 121: print_char(' ');
  1552  0711  3020               	movlw	(020h)
  1553  0712  120A  118A  2095   	fcall	_print_char
              120A  118A         
  1554                           	line	122
  1555                           	
  1556  0717                     l4423:	
  1557                           ;gps.c: 122: print_char(minutes / 10 + '0');
  1558  0717  300A               	movlw	low(0Ah)
  1559  0718  00F1               	movwf	(?___awdiv)
  1560  0719  3000               	movlw	high(0Ah)
  1561  071A  00F2               	movwf	((?___awdiv))+1
  1562  071B  1283               	bcf	status, 5	;RP0=0, select bank0
  1563  071C  1303               	bcf	status, 6	;RP1=0, select bank0
  1564  071D  082C               	movf	(_minutes),w
  1565  071E  00B5               	movwf	(??_main+0)+0
  1566  071F  01B6               	clrf	(??_main+0)+0+1
  1567  0720  0835               	movf	0+(??_main+0)+0,w
  1568  0721  00F3               	movwf	0+(?___awdiv)+02h
  1569  0722  0836               	movf	1+(??_main+0)+0,w
  1570  0723  00F4               	movwf	1+(?___awdiv)+02h
  1571  0724  120A  118A  2279   	fcall	___awdiv
              120A  118A         
  1572  0729  0871               	movf	(0+(?___awdiv)),w
  1573  072A  3E30               	addlw	030h
  1574  072B  120A  118A  2095   	fcall	_print_char
              120A  118A         
  1575                           	line	123
  1576                           	
  1577  0730                     l4425:	
  1578                           ;gps.c: 123: print_char(minutes % 10 + '0');
  1579  0730  300A               	movlw	low(0Ah)
  1580  0731  00F1               	movwf	(?___awmod)
  1581  0732  3000               	movlw	high(0Ah)
  1582  0733  00F2               	movwf	((?___awmod))+1
  1583  0734  1283               	bcf	status, 5	;RP0=0, select bank0
  1584  0735  1303               	bcf	status, 6	;RP1=0, select bank0
  1585  0736  082C               	movf	(_minutes),w
  1586  0737  00B5               	movwf	(??_main+0)+0
  1587  0738  01B6               	clrf	(??_main+0)+0+1
  1588  0739  0835               	movf	0+(??_main+0)+0,w
  1589  073A  00F3               	movwf	0+(?___awmod)+02h
  1590  073B  0836               	movf	1+(??_main+0)+0,w
  1591  073C  00F4               	movwf	1+(?___awmod)+02h
  1592  073D  120A  118A  2219   	fcall	___awmod
              120A  118A         
  1593  0742  0871               	movf	(0+(?___awmod)),w
  1594  0743  3E30               	addlw	030h
  1595  0744  120A  118A  2095   	fcall	_print_char
              120A  118A         
  1596                           	line	124
  1597                           	
  1598  0749                     l4427:	
  1599                           ;gps.c: 124: print_char('.');
  1600  0749  302E               	movlw	(02Eh)
  1601  074A  120A  118A  2095   	fcall	_print_char
              120A  118A         
  1602                           	line	125
  1603                           	
  1604  074F                     l4429:	
  1605                           ;gps.c: 125: print_char((minutesD / 1000) % 10 + '0');
  1606  074F  300A               	movlw	low(0Ah)
  1607  0750  00F9               	movwf	(?___lwmod)
  1608  0751  3000               	movlw	high(0Ah)
  1609  0752  00FA               	movwf	((?___lwmod))+1
  1610  0753  30E8               	movlw	low(03E8h)
  1611  0754  00F1               	movwf	(?___lwdiv)
  1612  0755  3003               	movlw	high(03E8h)
  1613  0756  00F2               	movwf	((?___lwdiv))+1
  1614  0757  1283               	bcf	status, 5	;RP0=0, select bank0
  1615  0758  1303               	bcf	status, 6	;RP1=0, select bank0
  1616  0759  0825               	movf	(_minutesD+1),w
  1617  075A  01F4               	clrf	1+(?___lwdiv)+02h
  1618  075B  07F4               	addwf	1+(?___lwdiv)+02h
  1619  075C  0824               	movf	(_minutesD),w
  1620  075D  01F3               	clrf	0+(?___lwdiv)+02h
  1621  075E  07F3               	addwf	0+(?___lwdiv)+02h
  1622                           
  1623  075F  120A  118A  2182   	fcall	___lwdiv
              120A  118A         
  1624  0764  0872               	movf	(1+(?___lwdiv)),w
  1625  0765  01FC               	clrf	1+(?___lwmod)+02h
  1626  0766  07FC               	addwf	1+(?___lwmod)+02h
  1627  0767  0871               	movf	(0+(?___lwdiv)),w
  1628  0768  01FB               	clrf	0+(?___lwmod)+02h
  1629  0769  07FB               	addwf	0+(?___lwmod)+02h
  1630                           
  1631  076A  120A  118A  2143   	fcall	___lwmod
              120A  118A         
  1632  076F  0879               	movf	(0+(?___lwmod)),w
  1633  0770  3E30               	addlw	030h
  1634  0771  120A  118A  2095   	fcall	_print_char
              120A  118A         
  1635                           	line	126
  1636                           	
  1637  0776                     l4431:	
  1638                           ;gps.c: 126: print_char((minutesD / 100) % 10 + '0');
  1639  0776  300A               	movlw	low(0Ah)
  1640  0777  00F9               	movwf	(?___lwmod)
  1641  0778  3000               	movlw	high(0Ah)
  1642  0779  00FA               	movwf	((?___lwmod))+1
  1643  077A  3064               	movlw	low(064h)
  1644  077B  00F1               	movwf	(?___lwdiv)
  1645  077C  3000               	movlw	high(064h)
  1646  077D  00F2               	movwf	((?___lwdiv))+1
  1647  077E  1283               	bcf	status, 5	;RP0=0, select bank0
  1648  077F  1303               	bcf	status, 6	;RP1=0, select bank0
  1649  0780  0825               	movf	(_minutesD+1),w
  1650  0781  01F4               	clrf	1+(?___lwdiv)+02h
  1651  0782  07F4               	addwf	1+(?___lwdiv)+02h
  1652  0783  0824               	movf	(_minutesD),w
  1653  0784  01F3               	clrf	0+(?___lwdiv)+02h
  1654  0785  07F3               	addwf	0+(?___lwdiv)+02h
  1655                           
  1656  0786  120A  118A  2182   	fcall	___lwdiv
              120A  118A         
  1657  078B  0872               	movf	(1+(?___lwdiv)),w
  1658  078C  01FC               	clrf	1+(?___lwmod)+02h
  1659  078D  07FC               	addwf	1+(?___lwmod)+02h
  1660  078E  0871               	movf	(0+(?___lwdiv)),w
  1661  078F  01FB               	clrf	0+(?___lwmod)+02h
  1662  0790  07FB               	addwf	0+(?___lwmod)+02h
  1663                           
  1664  0791  120A  118A  2143   	fcall	___lwmod
              120A  118A         
  1665  0796  0879               	movf	(0+(?___lwmod)),w
  1666  0797  3E30               	addlw	030h
  1667  0798  120A  118A  2095   	fcall	_print_char
              120A  118A         
  1668                           	line	127
  1669                           	
  1670  079D                     l4433:	
  1671                           ;gps.c: 127: print_char((minutesD / 10) % 10 + '0');
  1672  079D  300A               	movlw	low(0Ah)
  1673  079E  00F9               	movwf	(?___lwmod)
  1674  079F  3000               	movlw	high(0Ah)
  1675  07A0  00FA               	movwf	((?___lwmod))+1
  1676  07A1  300A               	movlw	low(0Ah)
  1677  07A2  00F1               	movwf	(?___lwdiv)
  1678  07A3  3000               	movlw	high(0Ah)
  1679  07A4  00F2               	movwf	((?___lwdiv))+1
  1680  07A5  1283               	bcf	status, 5	;RP0=0, select bank0
  1681  07A6  1303               	bcf	status, 6	;RP1=0, select bank0
  1682  07A7  0825               	movf	(_minutesD+1),w
  1683  07A8  01F4               	clrf	1+(?___lwdiv)+02h
  1684  07A9  07F4               	addwf	1+(?___lwdiv)+02h
  1685  07AA  0824               	movf	(_minutesD),w
  1686  07AB  01F3               	clrf	0+(?___lwdiv)+02h
  1687  07AC  07F3               	addwf	0+(?___lwdiv)+02h
  1688                           
  1689  07AD  120A  118A  2182   	fcall	___lwdiv
              120A  118A         
  1690  07B2  0872               	movf	(1+(?___lwdiv)),w
  1691  07B3  01FC               	clrf	1+(?___lwmod)+02h
  1692  07B4  07FC               	addwf	1+(?___lwmod)+02h
  1693  07B5  0871               	movf	(0+(?___lwdiv)),w
  1694  07B6  01FB               	clrf	0+(?___lwmod)+02h
  1695  07B7  07FB               	addwf	0+(?___lwmod)+02h
  1696                           
  1697  07B8  120A  118A  2143   	fcall	___lwmod
              120A  118A         
  1698  07BD  0879               	movf	(0+(?___lwmod)),w
  1699  07BE  3E30               	addlw	030h
  1700  07BF  120A  118A  2095   	fcall	_print_char
              120A  118A         
  1701                           	line	128
  1702                           	
  1703  07C4                     l4435:	
  1704                           ;gps.c: 128: print_char(minutesD % 10 + '0');
  1705  07C4  300A               	movlw	low(0Ah)
  1706  07C5  00F9               	movwf	(?___lwmod)
  1707  07C6  3000               	movlw	high(0Ah)
  1708  07C7  00FA               	movwf	((?___lwmod))+1
  1709  07C8  1283               	bcf	status, 5	;RP0=0, select bank0
  1710  07C9  1303               	bcf	status, 6	;RP1=0, select bank0
  1711  07CA  0825               	movf	(_minutesD+1),w
  1712  07CB  01FC               	clrf	1+(?___lwmod)+02h
  1713  07CC  07FC               	addwf	1+(?___lwmod)+02h
  1714  07CD  0824               	movf	(_minutesD),w
  1715  07CE  01FB               	clrf	0+(?___lwmod)+02h
  1716  07CF  07FB               	addwf	0+(?___lwmod)+02h
  1717                           
  1718  07D0  120A  118A  2143   	fcall	___lwmod
              120A  118A         
  1719  07D5  0879               	movf	(0+(?___lwmod)),w
  1720  07D6  3E30               	addlw	030h
  1721  07D7  120A  118A  2095   	fcall	_print_char
              120A  118A         
  1722                           	line	129
  1723                           	
  1724  07DC                     l4437:	
  1725                           ;gps.c: 129: print_char(' ');
  1726  07DC  3020               	movlw	(020h)
  1727  07DD  120A  118A  2095   	fcall	_print_char
              120A  118A         
  1728                           	line	130
  1729                           	
  1730  07E2                     l4439:	
  1731                           ;gps.c: 130: print_char(dir);
  1732  07E2  1283               	bcf	status, 5	;RP0=0, select bank0
  1733  07E3  1303               	bcf	status, 6	;RP1=0, select bank0
  1734  07E4  082A               	movf	(_dir),w
  1735  07E5  120A  118A  2095   	fcall	_print_char
              120A  118A         
  1736                           	line	131
  1737                           	
  1738  07EA                     l4441:	
  1739                           ;gps.c: 131: tempo_N_ms(1000);
  1740  07EA  30E8               	movlw	low(03E8h)
  1741  07EB  00F1               	movwf	(?_tempo_N_ms)
  1742  07EC  3003               	movlw	high(03E8h)
  1743  07ED  00F2               	movwf	((?_tempo_N_ms))+1
  1744  07EE  120A  118A  20B6   	fcall	_tempo_N_ms
              120A  118A         
  1745                           	line	134
  1746                           	
  1747  07F3                     l4443:	
  1748                           ;gps.c: 134: tempo_N_ms(30);
  1749  07F3  301E               	movlw	low(01Eh)
  1750  07F4  00F1               	movwf	(?_tempo_N_ms)
  1751  07F5  3000               	movlw	high(01Eh)
  1752  07F6  00F2               	movwf	((?_tempo_N_ms))+1
  1753  07F7  120A  118A  20B6   	fcall	_tempo_N_ms
              120A  118A         
  1754                           	line	135
  1755                           	
  1756  07FC                     l614:	
  1757                           	line	49
  1758  07FC  2BF1               	goto	l613
  1759                           	
  1760  07FD                     l615:	
  1761                           	line	136
  1762                           	
  1763  07FD                     l616:	
  1764                           	global	start
  1765  07FD  120A  118A  2800   	ljmp	start
  1766                           	opt stack 0
  1767                           GLOBAL	__end_of_main
  1768  0800                     	__end_of_main:
  1769 ;; =============== function _main ends ============
  1770                           
  1771                           	signat	_main,88
  1772                           	global	_goto_ligne_2
  1773                           psect	text487,local,class=CODE,delta=2
  1774                           global __ptext487
  1775  0FB4                     __ptext487:
  1776                           
  1777 ;; *************** function _goto_ligne_2 *****************
  1778 ;; Defined at:
  1779 ;;		line 221 in file "D:\MICROCONTREU\projet_gps\projet_1__everything_string\lcdbt.c"
  1780 ;; Parameters:    Size  Location     Type
  1781 ;;		None
  1782 ;; Auto vars:     Size  Location     Type
  1783 ;;		None
  1784 ;; Return value:  Size  Location     Type
  1785 ;;		None               void
  1786 ;; Registers used:
  1787 ;;		wreg, status,2, status,0, pclath, cstack
  1788 ;; Tracked objects:
  1789 ;;		On entry : 0/0
  1790 ;;		On exit  : 0/0
  1791 ;;		Unchanged: 0/0
  1792 ;; Data sizes:     COMMON   BANK0   BANK1   BANK3   BANK2
  1793 ;;      Params:         0       0       0       0       0
  1794 ;;      Locals:         0       0       0       0       0
  1795 ;;      Temps:          0       0       0       0       0
  1796 ;;      Totals:         0       0       0       0       0
  1797 ;;Total ram usage:        0 bytes
  1798 ;; Hardware stack levels used:    1
  1799 ;; Hardware stack levels required when called:    5
  1800 ;; This function calls:
  1801 ;;		_ecriture_commande
  1802 ;; This function is called by:
  1803 ;;		_main
  1804 ;; This function uses a non-reentrant model
  1805 ;;
  1806                           psect	text487
  1807                           	file	"D:\MICROCONTREU\projet_gps\projet_1__everything_string\lcdbt.c"
  1808                           	line	221
  1809                           	global	__size_of_goto_ligne_2
  1810  0007                     	__size_of_goto_ligne_2	equ	__end_of_goto_ligne_2-_goto_ligne_2
  1811                           	
  1812  0FB4                     _goto_ligne_2:	
  1813                           	opt	stack 7
  1814                           ; Regs used in _goto_ligne_2: [wreg+status,2+status,0+pclath+cstack]
  1815                           	line	224
  1816                           	
  1817  0FB4                     l4305:	
  1818                           ;lcdbt.c: 224: ecriture_commande(0xC0);
  1819  0FB4  30C0               	movlw	(0C0h)
  1820  0FB5  120A  118A  2076   	fcall	_ecriture_commande
              120A  158A         
  1821                           	line	226
  1822                           	
  1823  0FBA                     l1220:	
  1824  0FBA  0008               	return
  1825                           	opt stack 0
  1826                           GLOBAL	__end_of_goto_ligne_2
  1827  0FBB                     	__end_of_goto_ligne_2:
  1828 ;; =============== function _goto_ligne_2 ends ============
  1829                           
  1830                           	signat	_goto_ligne_2,88
  1831                           	global	_print_string
  1832                           psect	text488,local,class=CODE,delta=2
  1833                           global __ptext488
  1834  00DF                     __ptext488:
  1835                           
  1836 ;; *************** function _print_string *****************
  1837 ;; Defined at:
  1838 ;;		line 191 in file "D:\MICROCONTREU\projet_gps\projet_1__everything_string\lcdbt.c"
  1839 ;; Parameters:    Size  Location     Type
  1840 ;;  s               1    wreg     PTR unsigned char 
  1841 ;;		 -> STR_4(7), STR_3(6), STR_2(7), STR_1(7), 
  1842 ;; Auto vars:     Size  Location     Type
  1843 ;;  s               1    0[BANK0 ] PTR unsigned char 
  1844 ;;		 -> STR_4(7), STR_3(6), STR_2(7), STR_1(7), 
  1845 ;;  i               2    1[BANK0 ] int 
  1846 ;; Return value:  Size  Location     Type
  1847 ;;		None               void
  1848 ;; Registers used:
  1849 ;;		wreg, fsr0l, fsr0h, status,2, status,0, pclath, cstack
  1850 ;; Tracked objects:
  1851 ;;		On entry : 0/0
  1852 ;;		On exit  : 0/0
  1853 ;;		Unchanged: 0/0
  1854 ;; Data sizes:     COMMON   BANK0   BANK1   BANK3   BANK2
  1855 ;;      Params:         0       0       0       0       0
  1856 ;;      Locals:         0       3       0       0       0
  1857 ;;      Temps:          0       0       0       0       0
  1858 ;;      Totals:         0       3       0       0       0
  1859 ;;Total ram usage:        3 bytes
  1860 ;; Hardware stack levels used:    1
  1861 ;; Hardware stack levels required when called:    5
  1862 ;; This function calls:
  1863 ;;		_print_char
  1864 ;; This function is called by:
  1865 ;;		_main
  1866 ;; This function uses a non-reentrant model
  1867 ;;
  1868                           psect	text488
  1869                           	file	"D:\MICROCONTREU\projet_gps\projet_1__everything_string\lcdbt.c"
  1870                           	line	191
  1871                           	global	__size_of_print_string
  1872  002B                     	__size_of_print_string	equ	__end_of_print_string-_print_string
  1873                           	
  1874  00DF                     _print_string:	
  1875                           	opt	stack 7
  1876                           ; Regs used in _print_string: [wreg-fsr0h+status,2+status,0+pclath+cstack]
  1877                           ;print_string@s stored from wreg
  1878                           	line	194
  1879  00DF  1283               	bcf	status, 5	;RP0=0, select bank0
  1880  00E0  1303               	bcf	status, 6	;RP1=0, select bank0
  1881  00E1  00B2               	movwf	(print_string@s)
  1882                           	
  1883  00E2                     l4297:	
  1884                           ;lcdbt.c: 194: int i=0;
  1885  00E2  3000               	movlw	low(0)
  1886  00E3  00B3               	movwf	(print_string@i)
  1887  00E4  3000               	movlw	high(0)
  1888  00E5  00B4               	movwf	((print_string@i))+1
  1889                           	line	195
  1890                           ;lcdbt.c: 195: while(s[i])
  1891  00E6  28FC               	goto	l1211
  1892                           	
  1893  00E7                     l1212:	
  1894                           	line	197
  1895                           	
  1896  00E7                     l4299:	
  1897                           ;lcdbt.c: 196: {
  1898                           ;lcdbt.c: 197: print_char(s[i]);
  1899  00E7  0833               	movf	(print_string@i),w
  1900  00E8  0732               	addwf	(print_string@s),w
  1901  00E9  0084               	movwf	fsr0
  1902  00EA  120A  118A  2003   	fcall	stringdir
              120A  118A         
  1903  00EF  120A  118A  2095   	fcall	_print_char
              120A  118A         
  1904                           	line	198
  1905                           	
  1906  00F4                     l4301:	
  1907                           ;lcdbt.c: 198: i++;
  1908  00F4  3001               	movlw	low(01h)
  1909  00F5  1283               	bcf	status, 5	;RP0=0, select bank0
  1910  00F6  1303               	bcf	status, 6	;RP1=0, select bank0
  1911  00F7  07B3               	addwf	(print_string@i),f
  1912  00F8  1803               	skipnc
  1913  00F9  0AB4               	incf	(print_string@i+1),f
  1914  00FA  3000               	movlw	high(01h)
  1915  00FB  07B4               	addwf	(print_string@i+1),f
  1916                           	line	199
  1917                           	
  1918  00FC                     l1211:	
  1919                           	line	195
  1920                           	
  1921  00FC                     l4303:	
  1922  00FC  0833               	movf	(print_string@i),w
  1923  00FD  0732               	addwf	(print_string@s),w
  1924  00FE  0084               	movwf	fsr0
  1925  00FF  120A  118A  2003   	fcall	stringdir
              120A  118A         
  1926  0104  3800               	iorlw	0
  1927  0105  1D03               	skipz
  1928  0106  2908               	goto	u2711
  1929  0107  2909               	goto	u2710
  1930  0108                     u2711:
  1931  0108  28E7               	goto	l1212
  1932  0109                     u2710:
  1933                           	
  1934  0109                     l1213:	
  1935                           	line	201
  1936                           	
  1937  0109                     l1214:	
  1938  0109  0008               	return
  1939                           	opt stack 0
  1940                           GLOBAL	__end_of_print_string
  1941  010A                     	__end_of_print_string:
  1942 ;; =============== function _print_string ends ============
  1943                           
  1944                           	signat	_print_string,4216
  1945                           	global	_goto_ligne_1
  1946                           psect	text489,local,class=CODE,delta=2
  1947                           global __ptext489
  1948  0FAD                     __ptext489:
  1949                           
  1950 ;; *************** function _goto_ligne_1 *****************
  1951 ;; Defined at:
  1952 ;;		line 209 in file "D:\MICROCONTREU\projet_gps\projet_1__everything_string\lcdbt.c"
  1953 ;; Parameters:    Size  Location     Type
  1954 ;;		None
  1955 ;; Auto vars:     Size  Location     Type
  1956 ;;		None
  1957 ;; Return value:  Size  Location     Type
  1958 ;;		None               void
  1959 ;; Registers used:
  1960 ;;		wreg, status,2, status,0, pclath, cstack
  1961 ;; Tracked objects:
  1962 ;;		On entry : 0/0
  1963 ;;		On exit  : 0/0
  1964 ;;		Unchanged: 0/0
  1965 ;; Data sizes:     COMMON   BANK0   BANK1   BANK3   BANK2
  1966 ;;      Params:         0       0       0       0       0
  1967 ;;      Locals:         0       0       0       0       0
  1968 ;;      Temps:          0       0       0       0       0
  1969 ;;      Totals:         0       0       0       0       0
  1970 ;;Total ram usage:        0 bytes
  1971 ;; Hardware stack levels used:    1
  1972 ;; Hardware stack levels required when called:    5
  1973 ;; This function calls:
  1974 ;;		_ecriture_commande
  1975 ;; This function is called by:
  1976 ;;		_main
  1977 ;; This function uses a non-reentrant model
  1978 ;;
  1979                           psect	text489
  1980                           	file	"D:\MICROCONTREU\projet_gps\projet_1__everything_string\lcdbt.c"
  1981                           	line	209
  1982                           	global	__size_of_goto_ligne_1
  1983  0007                     	__size_of_goto_ligne_1	equ	__end_of_goto_ligne_1-_goto_ligne_1
  1984                           	
  1985  0FAD                     _goto_ligne_1:	
  1986                           	opt	stack 7
  1987                           ; Regs used in _goto_ligne_1: [wreg+status,2+status,0+pclath+cstack]
  1988                           	line	212
  1989                           	
  1990  0FAD                     l4295:	
  1991                           ;lcdbt.c: 212: ecriture_commande(0x80);
  1992  0FAD  3080               	movlw	(080h)
  1993  0FAE  120A  118A  2076   	fcall	_ecriture_commande
              120A  158A         
  1994                           	line	215
  1995                           	
  1996  0FB3                     l1217:	
  1997  0FB3  0008               	return
  1998                           	opt stack 0
  1999                           GLOBAL	__end_of_goto_ligne_1
  2000  0FB4                     	__end_of_goto_ligne_1:
  2001 ;; =============== function _goto_ligne_1 ends ============
  2002                           
  2003                           	signat	_goto_ligne_1,88
  2004                           	global	_efface
  2005                           psect	text490,local,class=CODE,delta=2
  2006                           global __ptext490
  2007  0FA6                     __ptext490:
  2008                           
  2009 ;; *************** function _efface *****************
  2010 ;; Defined at:
  2011 ;;		line 294 in file "D:\MICROCONTREU\projet_gps\projet_1__everything_string\lcdbt.c"
  2012 ;; Parameters:    Size  Location     Type
  2013 ;;		None
  2014 ;; Auto vars:     Size  Location     Type
  2015 ;;		None
  2016 ;; Return value:  Size  Location     Type
  2017 ;;		None               void
  2018 ;; Registers used:
  2019 ;;		wreg, status,2, status,0, pclath, cstack
  2020 ;; Tracked objects:
  2021 ;;		On entry : 0/0
  2022 ;;		On exit  : 0/0
  2023 ;;		Unchanged: 0/0
  2024 ;; Data sizes:     COMMON   BANK0   BANK1   BANK3   BANK2
  2025 ;;      Params:         0       0       0       0       0
  2026 ;;      Locals:         0       0       0       0       0
  2027 ;;      Temps:          0       0       0       0       0
  2028 ;;      Totals:         0       0       0       0       0
  2029 ;;Total ram usage:        0 bytes
  2030 ;; Hardware stack levels used:    1
  2031 ;; Hardware stack levels required when called:    5
  2032 ;; This function calls:
  2033 ;;		_ecriture_commande
  2034 ;; This function is called by:
  2035 ;;		_main
  2036 ;; This function uses a non-reentrant model
  2037 ;;
  2038                           psect	text490
  2039                           	file	"D:\MICROCONTREU\projet_gps\projet_1__everything_string\lcdbt.c"
  2040                           	line	294
  2041                           	global	__size_of_efface
  2042  0007                     	__size_of_efface	equ	__end_of_efface-_efface
  2043                           	
  2044  0FA6                     _efface:	
  2045                           	opt	stack 7
  2046                           ; Regs used in _efface: [wreg+status,2+status,0+pclath+cstack]
  2047                           	line	297
  2048                           	
  2049  0FA6                     l4293:	
  2050                           ;lcdbt.c: 297: ecriture_commande(0x01);
  2051  0FA6  3001               	movlw	(01h)
  2052  0FA7  120A  118A  2076   	fcall	_ecriture_commande
              120A  158A         
  2053                           	line	298
  2054                           	
  2055  0FAC                     l1240:	
  2056  0FAC  0008               	return
  2057                           	opt stack 0
  2058                           GLOBAL	__end_of_efface
  2059  0FAD                     	__end_of_efface:
  2060 ;; =============== function _efface ends ============
  2061                           
  2062                           	signat	_efface,88
  2063                           	global	_init_LCD
  2064                           psect	text491,local,class=CODE,delta=2
  2065                           global __ptext491
  2066  01CB                     __ptext491:
  2067                           
  2068 ;; *************** function _init_LCD *****************
  2069 ;; Defined at:
  2070 ;;		line 117 in file "D:\MICROCONTREU\projet_gps\projet_1__everything_string\lcdbt.c"
  2071 ;; Parameters:    Size  Location     Type
  2072 ;;		None
  2073 ;; Auto vars:     Size  Location     Type
  2074 ;;		None
  2075 ;; Return value:  Size  Location     Type
  2076 ;;		None               void
  2077 ;; Registers used:
  2078 ;;		wreg, status,2, status,0, pclath, cstack
  2079 ;; Tracked objects:
  2080 ;;		On entry : 0/0
  2081 ;;		On exit  : 0/0
  2082 ;;		Unchanged: 0/0
  2083 ;; Data sizes:     COMMON   BANK0   BANK1   BANK3   BANK2
  2084 ;;      Params:         0       0       0       0       0
  2085 ;;      Locals:         0       0       0       0       0
  2086 ;;      Temps:          0       0       0       0       0
  2087 ;;      Totals:         0       0       0       0       0
  2088 ;;Total ram usage:        0 bytes
  2089 ;; Hardware stack levels used:    1
  2090 ;; Hardware stack levels required when called:    5
  2091 ;; This function calls:
  2092 ;;		_tempo_N_ms
  2093 ;;		_ecriture_commande
  2094 ;; This function is called by:
  2095 ;;		_main
  2096 ;; This function uses a non-reentrant model
  2097 ;;
  2098                           psect	text491
  2099                           	file	"D:\MICROCONTREU\projet_gps\projet_1__everything_string\lcdbt.c"
  2100                           	line	117
  2101                           	global	__size_of_init_LCD
  2102  004E                     	__size_of_init_LCD	equ	__end_of_init_LCD-_init_LCD
  2103                           	
  2104  01CB                     _init_LCD:	
  2105                           	opt	stack 7
  2106                           ; Regs used in _init_LCD: [wreg+status,2+status,0+pclath+cstack]
  2107                           	line	118
  2108                           	
  2109  01CB                     l4251:	
  2110                           ;lcdbt.c: 118: tempo_N_ms(30);
  2111  01CB  301E               	movlw	low(01Eh)
  2112  01CC  00F1               	movwf	(?_tempo_N_ms)
  2113  01CD  3000               	movlw	high(01Eh)
  2114  01CE  00F2               	movwf	((?_tempo_N_ms))+1
  2115  01CF  120A  118A  20B6   	fcall	_tempo_N_ms
              120A  118A         
  2116                           	line	119
  2117                           	
  2118  01D4                     l4253:	
  2119                           ;lcdbt.c: 119: TRISD=0x00;
  2120  01D4  1683               	bsf	status, 5	;RP0=1, select bank1
  2121  01D5  1303               	bcf	status, 6	;RP1=0, select bank1
  2122  01D6  0188               	clrf	(136)^080h	;volatile
  2123                           	line	120
  2124                           	
  2125  01D7                     l4255:	
  2126                           ;lcdbt.c: 120: RD7=1;
  2127  01D7  1283               	bcf	status, 5	;RP0=0, select bank0
  2128  01D8  1303               	bcf	status, 6	;RP1=0, select bank0
  2129  01D9  1788               	bsf	(71/8),(71)&7
  2130                           	line	121
  2131                           	
  2132  01DA                     l4257:	
  2133                           ;lcdbt.c: 121: RD4=0;
  2134  01DA  1208               	bcf	(68/8),(68)&7
  2135                           	line	122
  2136                           	
  2137  01DB                     l4259:	
  2138                           ;lcdbt.c: 122: RD6=0;
  2139  01DB  1308               	bcf	(70/8),(70)&7
  2140                           	line	123
  2141                           	
  2142  01DC                     l4261:	
  2143                           ;lcdbt.c: 123: RD5=0;
  2144  01DC  1288               	bcf	(69/8),(69)&7
  2145                           	line	125
  2146                           	
  2147  01DD                     l4263:	
  2148                           ;lcdbt.c: 125: PORTD=PORTD|0x03;
  2149  01DD  0808               	movf	(8),w	;volatile
  2150  01DE  3803               	iorlw	03h
  2151  01DF  0088               	movwf	(8)	;volatile
  2152                           	line	126
  2153                           	
  2154  01E0                     l4265:	
  2155                           ;lcdbt.c: 126: RD6=1;
  2156  01E0  1708               	bsf	(70/8),(70)&7
  2157                           	line	127
  2158                           	
  2159  01E1                     l4267:	
  2160                           ;lcdbt.c: 127: RD6=0;
  2161  01E1  1308               	bcf	(70/8),(70)&7
  2162                           	line	128
  2163                           	
  2164  01E2                     l4269:	
  2165                           ;lcdbt.c: 128: tempo_N_ms(30);
  2166  01E2  301E               	movlw	low(01Eh)
  2167  01E3  00F1               	movwf	(?_tempo_N_ms)
  2168  01E4  3000               	movlw	high(01Eh)
  2169  01E5  00F2               	movwf	((?_tempo_N_ms))+1
  2170  01E6  120A  118A  20B6   	fcall	_tempo_N_ms
              120A  118A         
  2171                           	line	131
  2172                           	
  2173  01EB                     l4271:	
  2174                           ;lcdbt.c: 131: PORTD=PORTD|0x03;
  2175  01EB  1283               	bcf	status, 5	;RP0=0, select bank0
  2176  01EC  1303               	bcf	status, 6	;RP1=0, select bank0
  2177  01ED  0808               	movf	(8),w	;volatile
  2178  01EE  3803               	iorlw	03h
  2179  01EF  0088               	movwf	(8)	;volatile
  2180                           	line	132
  2181                           	
  2182  01F0                     l4273:	
  2183                           ;lcdbt.c: 132: RD6=1;
  2184  01F0  1708               	bsf	(70/8),(70)&7
  2185                           	line	133
  2186                           	
  2187  01F1                     l4275:	
  2188                           ;lcdbt.c: 133: RD6=0;
  2189  01F1  1308               	bcf	(70/8),(70)&7
  2190                           	line	137
  2191                           	
  2192  01F2                     l4277:	
  2193                           ;lcdbt.c: 137: PORTD=PORTD|0x03;
  2194  01F2  0808               	movf	(8),w	;volatile
  2195  01F3  3803               	iorlw	03h
  2196  01F4  0088               	movwf	(8)	;volatile
  2197                           	line	138
  2198                           	
  2199  01F5                     l4279:	
  2200                           ;lcdbt.c: 138: RD6=1;
  2201  01F5  1708               	bsf	(70/8),(70)&7
  2202                           	line	139
  2203                           	
  2204  01F6                     l4281:	
  2205                           ;lcdbt.c: 139: RD6=0;
  2206  01F6  1308               	bcf	(70/8),(70)&7
  2207                           	line	140
  2208                           	
  2209  01F7                     l4283:	
  2210                           ;lcdbt.c: 140: tempo_N_ms(30);
  2211  01F7  301E               	movlw	low(01Eh)
  2212  01F8  00F1               	movwf	(?_tempo_N_ms)
  2213  01F9  3000               	movlw	high(01Eh)
  2214  01FA  00F2               	movwf	((?_tempo_N_ms))+1
  2215  01FB  120A  118A  20B6   	fcall	_tempo_N_ms
              120A  118A         
  2216                           	line	145
  2217                           	
  2218  0200                     l4285:	
  2219                           ;lcdbt.c: 145: ecriture_commande(0x28);
  2220  0200  3028               	movlw	(028h)
  2221  0201  120A  118A  2076   	fcall	_ecriture_commande
              120A  118A         
  2222                           	line	148
  2223                           	
  2224  0206                     l4287:	
  2225                           ;lcdbt.c: 148: ecriture_commande(0x0F);
  2226  0206  300F               	movlw	(0Fh)
  2227  0207  120A  118A  2076   	fcall	_ecriture_commande
              120A  118A         
  2228                           	line	152
  2229                           	
  2230  020C                     l4289:	
  2231                           ;lcdbt.c: 152: ecriture_commande(0x01);
  2232  020C  3001               	movlw	(01h)
  2233  020D  120A  118A  2076   	fcall	_ecriture_commande
              120A  118A         
  2234                           	line	157
  2235                           	
  2236  0212                     l4291:	
  2237                           ;lcdbt.c: 157: ecriture_commande(0x06);
  2238  0212  3006               	movlw	(06h)
  2239  0213  120A  118A  2076   	fcall	_ecriture_commande
              120A  118A         
  2240                           	line	158
  2241                           	
  2242  0218                     l1205:	
  2243  0218  0008               	return
  2244                           	opt stack 0
  2245                           GLOBAL	__end_of_init_LCD
  2246  0219                     	__end_of_init_LCD:
  2247 ;; =============== function _init_LCD ends ============
  2248                           
  2249                           	signat	_init_LCD,88
  2250                           	global	_ecriture_commande
  2251                           psect	text492,local,class=CODE,delta=2
  2252                           global __ptext492
  2253  0076                     __ptext492:
  2254                           
  2255 ;; *************** function _ecriture_commande *****************
  2256 ;; Defined at:
  2257 ;;		line 97 in file "D:\MICROCONTREU\projet_gps\projet_1__everything_string\lcdbt.c"
  2258 ;; Parameters:    Size  Location     Type
  2259 ;;  commande        1    wreg     unsigned char 
  2260 ;; Auto vars:     Size  Location     Type
  2261 ;;  commande        1   11[COMMON] unsigned char 
  2262 ;; Return value:  Size  Location     Type
  2263 ;;		None               void
  2264 ;; Registers used:
  2265 ;;		wreg, status,2, status,0, pclath, cstack
  2266 ;; Tracked objects:
  2267 ;;		On entry : 0/0
  2268 ;;		On exit  : 0/0
  2269 ;;		Unchanged: 0/0
  2270 ;; Data sizes:     COMMON   BANK0   BANK1   BANK3   BANK2
  2271 ;;      Params:         0       0       0       0       0
  2272 ;;      Locals:         1       0       0       0       0
  2273 ;;      Temps:          1       0       0       0       0
  2274 ;;      Totals:         2       0       0       0       0
  2275 ;;Total ram usage:        2 bytes
  2276 ;; Hardware stack levels used:    1
  2277 ;; Hardware stack levels required when called:    4
  2278 ;; This function calls:
  2279 ;;		_attente_bf
  2280 ;; This function is called by:
  2281 ;;		_init_LCD
  2282 ;;		_goto_ligne_1
  2283 ;;		_goto_ligne_2
  2284 ;;		_efface
  2285 ;;		_curseur_droite
  2286 ;;		_curseur_gauche
  2287 ;;		_ecran_droite
  2288 ;;		_ecran_gauche
  2289 ;;		_go_to
  2290 ;; This function uses a non-reentrant model
  2291 ;;
  2292                           psect	text492
  2293                           	file	"D:\MICROCONTREU\projet_gps\projet_1__everything_string\lcdbt.c"
  2294                           	line	97
  2295                           	global	__size_of_ecriture_commande
  2296  001F                     	__size_of_ecriture_commande	equ	__end_of_ecriture_commande-_ecriture_commande
  2297                           	
  2298  0076                     _ecriture_commande:	
  2299                           	opt	stack 6
  2300                           ; Regs used in _ecriture_commande: [wreg+status,2+status,0+pclath+cstack]
  2301                           ;ecriture_commande@commande stored from wreg
  2302  0076  00FC               	movwf	(ecriture_commande@commande)
  2303                           	line	98
  2304                           	
  2305  0077                     l4233:	
  2306                           ;lcdbt.c: 98: attente_bf();
  2307  0077  120A  158A  27E2   	fcall	_attente_bf
              120A  118A         
  2308                           	line	99
  2309                           	
  2310  007C                     l4235:	
  2311                           ;lcdbt.c: 99: RD5=0;
  2312  007C  1283               	bcf	status, 5	;RP0=0, select bank0
  2313  007D  1303               	bcf	status, 6	;RP1=0, select bank0
  2314  007E  1288               	bcf	(69/8),(69)&7
  2315                           	line	100
  2316                           	
  2317  007F                     l4237:	
  2318                           ;lcdbt.c: 100: RD4=0;
  2319  007F  1208               	bcf	(68/8),(68)&7
  2320                           	line	101
  2321                           	
  2322  0080                     l4239:	
  2323                           ;lcdbt.c: 101: PORTD=((commande>>4)&0x0F)|0x80;
  2324  0080  087C               	movf	(ecriture_commande@commande),w
  2325  0081  00FB               	movwf	(??_ecriture_commande+0)+0
  2326  0082  3004               	movlw	04h
  2327  0083                     u2705:
  2328  0083  1003               	clrc
  2329  0084  0CFB               	rrf	(??_ecriture_commande+0)+0,f
  2330  0085  3EFF               	addlw	-1
  2331  0086  1D03               	skipz
  2332  0087  2883               	goto	u2705
  2333  0088  087B               	movf	0+(??_ecriture_commande+0)+0,w
  2334  0089  390F               	andlw	0Fh
  2335  008A  3880               	iorlw	080h
  2336  008B  0088               	movwf	(8)	;volatile
  2337                           	line	103
  2338                           	
  2339  008C                     l4241:	
  2340                           ;lcdbt.c: 103: RD6=1;
  2341  008C  1708               	bsf	(70/8),(70)&7
  2342                           	line	104
  2343                           	
  2344  008D                     l4243:	
  2345                           ;lcdbt.c: 104: RD6=0;
  2346  008D  1308               	bcf	(70/8),(70)&7
  2347                           	line	106
  2348                           	
  2349  008E                     l4245:	
  2350                           ;lcdbt.c: 106: PORTD=(commande&0x0F)|0x80;
  2351  008E  087C               	movf	(ecriture_commande@commande),w
  2352  008F  390F               	andlw	0Fh
  2353  0090  3880               	iorlw	080h
  2354  0091  0088               	movwf	(8)	;volatile
  2355                           	line	108
  2356                           	
  2357  0092                     l4247:	
  2358                           ;lcdbt.c: 108: RD6=1;
  2359  0092  1708               	bsf	(70/8),(70)&7
  2360                           	line	109
  2361                           	
  2362  0093                     l4249:	
  2363                           ;lcdbt.c: 109: RD6=0;
  2364  0093  1308               	bcf	(70/8),(70)&7
  2365                           	line	110
  2366                           	
  2367  0094                     l1202:	
  2368  0094  0008               	return
  2369                           	opt stack 0
  2370                           GLOBAL	__end_of_ecriture_commande
  2371  0095                     	__end_of_ecriture_commande:
  2372 ;; =============== function _ecriture_commande ends ============
  2373                           
  2374                           	signat	_ecriture_commande,4216
  2375                           	global	_print_char
  2376                           psect	text493,local,class=CODE,delta=2
  2377                           global __ptext493
  2378  0095                     __ptext493:
  2379                           
  2380 ;; *************** function _print_char *****************
  2381 ;; Defined at:
  2382 ;;		line 165 in file "D:\MICROCONTREU\projet_gps\projet_1__everything_string\lcdbt.c"
  2383 ;; Parameters:    Size  Location     Type
  2384 ;;  car             1    wreg     unsigned char 
  2385 ;; Auto vars:     Size  Location     Type
  2386 ;;  car             1   12[COMMON] unsigned char 
  2387 ;; Return value:  Size  Location     Type
  2388 ;;		None               void
  2389 ;; Registers used:
  2390 ;;		wreg, status,2, status,0, pclath, cstack
  2391 ;; Tracked objects:
  2392 ;;		On entry : 0/0
  2393 ;;		On exit  : 0/0
  2394 ;;		Unchanged: 0/0
  2395 ;; Data sizes:     COMMON   BANK0   BANK1   BANK3   BANK2
  2396 ;;      Params:         0       0       0       0       0
  2397 ;;      Locals:         1       0       0       0       0
  2398 ;;      Temps:          2       0       0       0       0
  2399 ;;      Totals:         3       0       0       0       0
  2400 ;;Total ram usage:        3 bytes
  2401 ;; Hardware stack levels used:    1
  2402 ;; Hardware stack levels required when called:    4
  2403 ;; This function calls:
  2404 ;;		_attente_bf
  2405 ;; This function is called by:
  2406 ;;		_main
  2407 ;;		_print_string
  2408 ;; This function uses a non-reentrant model
  2409 ;;
  2410                           psect	text493
  2411                           	file	"D:\MICROCONTREU\projet_gps\projet_1__everything_string\lcdbt.c"
  2412                           	line	165
  2413                           	global	__size_of_print_char
  2414  0021                     	__size_of_print_char	equ	__end_of_print_char-_print_char
  2415                           	
  2416  0095                     _print_char:	
  2417                           	opt	stack 7
  2418                           ; Regs used in _print_char: [wreg+status,2+status,0+pclath+cstack]
  2419                           ;print_char@car stored from wreg
  2420                           	line	168
  2421  0095  00FD               	movwf	(print_char@car)
  2422                           	
  2423  0096                     l4219:	
  2424                           ;lcdbt.c: 168: attente_bf();
  2425  0096  120A  158A  27E2   	fcall	_attente_bf
              120A  118A         
  2426                           	line	170
  2427                           	
  2428  009B                     l4221:	
  2429                           ;lcdbt.c: 170: PORTD=0xD0;
  2430  009B  30D0               	movlw	(0D0h)
  2431  009C  1283               	bcf	status, 5	;RP0=0, select bank0
  2432  009D  1303               	bcf	status, 6	;RP1=0, select bank0
  2433  009E  0088               	movwf	(8)	;volatile
  2434                           	line	171
  2435                           	
  2436  009F                     l4223:	
  2437                           ;lcdbt.c: 171: PORTD|=((car>>4)&0x0F);
  2438  009F  087D               	movf	(print_char@car),w
  2439  00A0  00FB               	movwf	(??_print_char+0)+0
  2440  00A1  3004               	movlw	04h
  2441  00A2                     u2695:
  2442  00A2  1003               	clrc
  2443  00A3  0CFB               	rrf	(??_print_char+0)+0,f
  2444  00A4  3EFF               	addlw	-1
  2445  00A5  1D03               	skipz
  2446  00A6  28A2               	goto	u2695
  2447  00A7  087B               	movf	0+(??_print_char+0)+0,w
  2448  00A8  390F               	andlw	0Fh
  2449  00A9  00FC               	movwf	(??_print_char+1)+0
  2450  00AA  087C               	movf	(??_print_char+1)+0,w
  2451  00AB  0488               	iorwf	(8),f	;volatile
  2452                           	line	173
  2453                           	
  2454  00AC                     l4225:	
  2455                           ;lcdbt.c: 173: RD6=0;
  2456  00AC  1308               	bcf	(70/8),(70)&7
  2457                           	line	175
  2458                           	
  2459  00AD                     l4227:	
  2460                           ;lcdbt.c: 175: PORTD=0xD0;
  2461  00AD  30D0               	movlw	(0D0h)
  2462  00AE  0088               	movwf	(8)	;volatile
  2463                           	line	176
  2464                           	
  2465  00AF                     l4229:	
  2466                           ;lcdbt.c: 176: PORTD|=(car & 0x0F);
  2467  00AF  087D               	movf	(print_char@car),w
  2468  00B0  390F               	andlw	0Fh
  2469  00B1  00FB               	movwf	(??_print_char+0)+0
  2470  00B2  087B               	movf	(??_print_char+0)+0,w
  2471  00B3  0488               	iorwf	(8),f	;volatile
  2472                           	line	180
  2473                           	
  2474  00B4                     l4231:	
  2475                           ;lcdbt.c: 180: RD6=0;
  2476  00B4  1308               	bcf	(70/8),(70)&7
  2477                           	line	184
  2478                           	
  2479  00B5                     l1208:	
  2480  00B5  0008               	return
  2481                           	opt stack 0
  2482                           GLOBAL	__end_of_print_char
  2483  00B6                     	__end_of_print_char:
  2484 ;; =============== function _print_char ends ============
  2485                           
  2486                           	signat	_print_char,4216
  2487                           	global	_attente_bf
  2488                           psect	text494,local,class=CODE,delta=2
  2489                           global __ptext494
  2490  0FE2                     __ptext494:
  2491                           
  2492 ;; *************** function _attente_bf *****************
  2493 ;; Defined at:
  2494 ;;		line 88 in file "D:\MICROCONTREU\projet_gps\projet_1__everything_string\lcdbt.c"
  2495 ;; Parameters:    Size  Location     Type
  2496 ;;		None
  2497 ;; Auto vars:     Size  Location     Type
  2498 ;;		None
  2499 ;; Return value:  Size  Location     Type
  2500 ;;		None               void
  2501 ;; Registers used:
  2502 ;;		wreg, status,2, status,0, pclath, cstack
  2503 ;; Tracked objects:
  2504 ;;		On entry : 0/0
  2505 ;;		On exit  : 0/0
  2506 ;;		Unchanged: 0/0
  2507 ;; Data sizes:     COMMON   BANK0   BANK1   BANK3   BANK2
  2508 ;;      Params:         0       0       0       0       0
  2509 ;;      Locals:         0       0       0       0       0
  2510 ;;      Temps:          1       0       0       0       0
  2511 ;;      Totals:         1       0       0       0       0
  2512 ;;Total ram usage:        1 bytes
  2513 ;; Hardware stack levels used:    1
  2514 ;; Hardware stack levels required when called:    3
  2515 ;; This function calls:
  2516 ;;		_lecture_commande
  2517 ;; This function is called by:
  2518 ;;		_ecriture_commande
  2519 ;;		_print_char
  2520 ;; This function uses a non-reentrant model
  2521 ;;
  2522                           psect	text494
  2523                           	file	"D:\MICROCONTREU\projet_gps\projet_1__everything_string\lcdbt.c"
  2524                           	line	88
  2525                           	global	__size_of_attente_bf
  2526  000C                     	__size_of_attente_bf	equ	__end_of_attente_bf-_attente_bf
  2527                           	
  2528  0FE2                     _attente_bf:	
  2529                           	opt	stack 5
  2530                           ; Regs used in _attente_bf: [wreg+status,2+status,0+pclath+cstack]
  2531                           	line	89
  2532                           	
  2533  0FE2                     l4215:	
  2534                           ;lcdbt.c: 89: while (lecture_commande( ) & 0x80);
  2535  0FE2  2FE3               	goto	l1196
  2536                           	
  2537  0FE3                     l1197:	
  2538                           	
  2539  0FE3                     l1196:	
  2540                           	
  2541  0FE3                     l4217:	
  2542  0FE3  120A  118A  210A   	fcall	_lecture_commande
              120A  158A         
  2543  0FE8  00FA               	movwf	(??_attente_bf+0)+0
  2544  0FE9  1BFA               	btfsc	0+(??_attente_bf+0)+0,(7)&7
  2545  0FEA  2FEC               	goto	u2681
  2546  0FEB  2FED               	goto	u2680
  2547  0FEC                     u2681:
  2548  0FEC  2FE3               	goto	l1197
  2549  0FED                     u2680:
  2550                           	
  2551  0FED                     l1198:	
  2552                           	line	90
  2553                           	
  2554  0FED                     l1199:	
  2555  0FED  0008               	return
  2556                           	opt stack 0
  2557                           GLOBAL	__end_of_attente_bf
  2558  0FEE                     	__end_of_attente_bf:
  2559 ;; =============== function _attente_bf ends ============
  2560                           
  2561                           	signat	_attente_bf,88
  2562                           	global	_lecture_commande
  2563                           psect	text495,local,class=CODE,delta=2
  2564                           global __ptext495
  2565  010A                     __ptext495:
  2566                           
  2567 ;; *************** function _lecture_commande *****************
  2568 ;; Defined at:
  2569 ;;		line 64 in file "D:\MICROCONTREU\projet_gps\projet_1__everything_string\lcdbt.c"
  2570 ;; Parameters:    Size  Location     Type
  2571 ;;		None
  2572 ;; Auto vars:     Size  Location     Type
  2573 ;;  quartet_comm    1    8[COMMON] unsigned char 
  2574 ;;  commande        1    7[COMMON] unsigned char 
  2575 ;; Return value:  Size  Location     Type
  2576 ;;                  1    wreg      unsigned char 
  2577 ;; Registers used:
  2578 ;;		wreg, status,2, status,0, pclath, cstack
  2579 ;; Tracked objects:
  2580 ;;		On entry : 0/0
  2581 ;;		On exit  : 0/0
  2582 ;;		Unchanged: 0/0
  2583 ;; Data sizes:     COMMON   BANK0   BANK1   BANK3   BANK2
  2584 ;;      Params:         0       0       0       0       0
  2585 ;;      Locals:         2       0       0       0       0
  2586 ;;      Temps:          2       0       0       0       0
  2587 ;;      Totals:         4       0       0       0       0
  2588 ;;Total ram usage:        4 bytes
  2589 ;; Hardware stack levels used:    1
  2590 ;; Hardware stack levels required when called:    2
  2591 ;; This function calls:
  2592 ;;		_tempo_N_ms
  2593 ;; This function is called by:
  2594 ;;		_attente_bf
  2595 ;; This function uses a non-reentrant model
  2596 ;;
  2597                           psect	text495
  2598                           	file	"D:\MICROCONTREU\projet_gps\projet_1__everything_string\lcdbt.c"
  2599                           	line	64
  2600                           	global	__size_of_lecture_commande
  2601  0039                     	__size_of_lecture_commande	equ	__end_of_lecture_commande-_lecture_commande
  2602                           	
  2603  010A                     _lecture_commande:	
  2604                           	opt	stack 4
  2605                           ; Regs used in _lecture_commande: [wreg+status,2+status,0+pclath+cstack]
  2606                           	line	66
  2607                           	
  2608  010A                     l4183:	
  2609                           ;lcdbt.c: 65: unsigned char commande, quartet_commande;
  2610                           ;lcdbt.c: 66: TRISD=0x0F;
  2611  010A  300F               	movlw	(0Fh)
  2612  010B  1683               	bsf	status, 5	;RP0=1, select bank1
  2613  010C  1303               	bcf	status, 6	;RP1=0, select bank1
  2614  010D  0088               	movwf	(136)^080h	;volatile
  2615                           	line	67
  2616                           	
  2617  010E                     l4185:	
  2618                           ;lcdbt.c: 67: RD5=1;
  2619  010E  1283               	bcf	status, 5	;RP0=0, select bank0
  2620  010F  1303               	bcf	status, 6	;RP1=0, select bank0
  2621  0110  1688               	bsf	(69/8),(69)&7
  2622                           	line	68
  2623                           	
  2624  0111                     l4187:	
  2625                           ;lcdbt.c: 68: RD4=0;
  2626  0111  1208               	bcf	(68/8),(68)&7
  2627                           	line	69
  2628                           	
  2629  0112                     l4189:	
  2630                           ;lcdbt.c: 69: tempo_N_ms(2);
  2631  0112  3002               	movlw	low(02h)
  2632  0113  00F1               	movwf	(?_tempo_N_ms)
  2633  0114  3000               	movlw	high(02h)
  2634  0115  00F2               	movwf	((?_tempo_N_ms))+1
  2635  0116  120A  118A  20B6   	fcall	_tempo_N_ms
              120A  118A         
  2636                           	line	70
  2637                           	
  2638  011B                     l4191:	
  2639                           ;lcdbt.c: 70: RD6=1;
  2640  011B  1283               	bcf	status, 5	;RP0=0, select bank0
  2641  011C  1303               	bcf	status, 6	;RP1=0, select bank0
  2642  011D  1708               	bsf	(70/8),(70)&7
  2643                           	line	71
  2644                           	
  2645  011E                     l4193:	
  2646                           ;lcdbt.c: 71: quartet_commande=PORTD;
  2647  011E  0808               	movf	(8),w	;volatile
  2648  011F  00F6               	movwf	(??_lecture_commande+0)+0
  2649  0120  0876               	movf	(??_lecture_commande+0)+0,w
  2650  0121  00F9               	movwf	(lecture_commande@quartet_commande)
  2651                           	line	72
  2652                           	
  2653  0122                     l4195:	
  2654                           ;lcdbt.c: 72: commande=((quartet_commande<<4)& 0xF0);
  2655  0122  0879               	movf	(lecture_commande@quartet_commande),w
  2656  0123  00F6               	movwf	(??_lecture_commande+0)+0
  2657  0124  3003               	movlw	(04h)-1
  2658  0125                     u2675:
  2659  0125  1003               	clrc
  2660  0126  0DF6               	rlf	(??_lecture_commande+0)+0,f
  2661  0127  3EFF               	addlw	-1
  2662  0128  1D03               	skipz
  2663  0129  2925               	goto	u2675
  2664  012A  1003               	clrc
  2665  012B  0D76               	rlf	(??_lecture_commande+0)+0,w
  2666  012C  39F0               	andlw	0F0h
  2667  012D  00F7               	movwf	(??_lecture_commande+1)+0
  2668  012E  0877               	movf	(??_lecture_commande+1)+0,w
  2669  012F  00F8               	movwf	(lecture_commande@commande)
  2670                           	line	73
  2671                           	
  2672  0130                     l4197:	
  2673                           ;lcdbt.c: 73: RD6=0;
  2674  0130  1308               	bcf	(70/8),(70)&7
  2675                           	line	74
  2676                           	
  2677  0131                     l4199:	
  2678                           ;lcdbt.c: 74: RD6=1;
  2679  0131  1708               	bsf	(70/8),(70)&7
  2680                           	line	75
  2681                           	
  2682  0132                     l4201:	
  2683                           ;lcdbt.c: 75: quartet_commande=PORTD;
  2684  0132  0808               	movf	(8),w	;volatile
  2685  0133  00F6               	movwf	(??_lecture_commande+0)+0
  2686  0134  0876               	movf	(??_lecture_commande+0)+0,w
  2687  0135  00F9               	movwf	(lecture_commande@quartet_commande)
  2688                           	line	76
  2689                           	
  2690  0136                     l4203:	
  2691                           ;lcdbt.c: 76: commande=commande|(quartet_commande & 0x0F);
  2692  0136  0879               	movf	(lecture_commande@quartet_commande),w
  2693  0137  390F               	andlw	0Fh
  2694  0138  0478               	iorwf	(lecture_commande@commande),w
  2695  0139  00F6               	movwf	(??_lecture_commande+0)+0
  2696  013A  0876               	movf	(??_lecture_commande+0)+0,w
  2697  013B  00F8               	movwf	(lecture_commande@commande)
  2698                           	line	77
  2699                           	
  2700  013C                     l4205:	
  2701                           ;lcdbt.c: 77: RD6=0;
  2702  013C  1308               	bcf	(70/8),(70)&7
  2703                           	line	78
  2704                           	
  2705  013D                     l4207:	
  2706                           ;lcdbt.c: 78: RD5=0;
  2707  013D  1288               	bcf	(69/8),(69)&7
  2708                           	line	79
  2709                           	
  2710  013E                     l4209:	
  2711                           ;lcdbt.c: 79: TRISD=0x00;
  2712  013E  1683               	bsf	status, 5	;RP0=1, select bank1
  2713  013F  1303               	bcf	status, 6	;RP1=0, select bank1
  2714  0140  0188               	clrf	(136)^080h	;volatile
  2715                           	line	80
  2716                           	
  2717  0141                     l4211:	
  2718                           ;lcdbt.c: 80: return(commande);
  2719  0141  0878               	movf	(lecture_commande@commande),w
  2720                           	
  2721  0142                     l4213:	
  2722                           	line	81
  2723                           	
  2724  0142                     l1193:	
  2725  0142  0008               	return
  2726                           	opt stack 0
  2727                           GLOBAL	__end_of_lecture_commande
  2728  0143                     	__end_of_lecture_commande:
  2729 ;; =============== function _lecture_commande ends ============
  2730                           
  2731                           	signat	_lecture_commande,89
  2732                           	global	_request_gps
  2733                           psect	text496,local,class=CODE,delta=2
  2734                           global __ptext496
  2735  02E9                     __ptext496:
  2736                           
  2737 ;; *************** function _request_gps *****************
  2738 ;; Defined at:
  2739 ;;		line 122 in file "D:\MICROCONTREU\projet_gps\projet_1__everything_string\functions .c"
  2740 ;; Parameters:    Size  Location     Type
  2741 ;;  commande        1    wreg     unsigned char 
  2742 ;; Auto vars:     Size  Location     Type
  2743 ;;  commande        1    7[COMMON] unsigned char 
  2744 ;;  low_byte        1    9[COMMON] unsigned char 
  2745 ;;  high_byte       1    8[COMMON] unsigned char 
  2746 ;; Return value:  Size  Location     Type
  2747 ;;		None               void
  2748 ;; Registers used:
  2749 ;;		wreg, fsr0l, fsr0h, status,2, status,0, btemp+0, pclath, cstack
  2750 ;; Tracked objects:
  2751 ;;		On entry : 0/0
  2752 ;;		On exit  : 0/0
  2753 ;;		Unchanged: 0/0
  2754 ;; Data sizes:     COMMON   BANK0   BANK1   BANK3   BANK2
  2755 ;;      Params:         0       0       0       0       0
  2756 ;;      Locals:         3       0       0       0       0
  2757 ;;      Temps:          2       0       0       0       0
  2758 ;;      Totals:         5       0       0       0       0
  2759 ;;Total ram usage:        5 bytes
  2760 ;; Hardware stack levels used:    1
  2761 ;; Hardware stack levels required when called:    2
  2762 ;; This function calls:
  2763 ;;		_emet_string
  2764 ;;		_emet_car
  2765 ;;		_tempo_N_ms
  2766 ;;		_recoit_car
  2767 ;; This function is called by:
  2768 ;;		_main
  2769 ;; This function uses a non-reentrant model
  2770 ;;
  2771                           psect	text496
  2772                           	file	"D:\MICROCONTREU\projet_gps\projet_1__everything_string\functions .c"
  2773                           	line	122
  2774                           	global	__size_of_request_gps
  2775  00EF                     	__size_of_request_gps	equ	__end_of_request_gps-_request_gps
  2776                           	
  2777  02E9                     _request_gps:	
  2778                           	opt	stack 7
  2779                           ; Regs used in _request_gps: [wreg-fsr0h+status,2-btemp+0+pclath+cstack]
  2780                           ;request_gps@commande stored from wreg
  2781                           	line	125
  2782  02E9  00F8               	movwf	(request_gps@commande)
  2783                           	
  2784  02EA                     l4155:	
  2785                           ;functions .c: 125: emet_string((unsigned char *)"!GPS");
  2786  02EA  301C               	movlw	((STR_5-__stringbase))&0ffh
  2787  02EB  120A  118A  2057   	fcall	_emet_string
              120A  118A         
  2788                           	line	127
  2789                           	
  2790  02F0                     l4157:	
  2791                           ;functions .c: 127: emet_car(commande);
  2792  02F0  0878               	movf	(request_gps@commande),w
  2793  02F1  120A  158A  27D6   	fcall	_emet_car
              120A  118A         
  2794                           	line	130
  2795                           	
  2796  02F6                     l4159:	
  2797                           ;functions .c: 130: tempo_N_ms(100);
  2798  02F6  3064               	movlw	low(064h)
  2799  02F7  00F1               	movwf	(?_tempo_N_ms)
  2800  02F8  3000               	movlw	high(064h)
  2801  02F9  00F2               	movwf	((?_tempo_N_ms))+1
  2802  02FA  120A  118A  20B6   	fcall	_tempo_N_ms
              120A  118A         
  2803                           	line	131
  2804                           	
  2805  02FF                     l4161:	
  2806                           ;functions .c: 131: RC4=1;
  2807  02FF  1283               	bcf	status, 5	;RP0=0, select bank0
  2808  0300  1303               	bcf	status, 6	;RP1=0, select bank0
  2809  0301  1607               	bsf	(60/8),(60)&7
  2810                           	line	133
  2811                           ;functions .c: 133: switch (commande) {
  2812  0302  2BC9               	goto	l1855
  2813                           	line	134
  2814                           ;functions .c: 134: case 0x03:
  2815                           	
  2816  0303                     l1856:	
  2817                           	line	135
  2818                           	
  2819  0303                     l4163:	
  2820                           ;functions .c: 135: tmHrs = recoit_car();
  2821  0303  120A  158A  27CC   	fcall	_recoit_car
              120A  118A         
  2822  0308  00F6               	movwf	(??_request_gps+0)+0
  2823  0309  0876               	movf	(??_request_gps+0)+0,w
  2824  030A  1283               	bcf	status, 5	;RP0=0, select bank0
  2825  030B  1303               	bcf	status, 6	;RP1=0, select bank0
  2826  030C  00AE               	movwf	(_tmHrs)
  2827                           	line	136
  2828                           ;functions .c: 136: tmMins = recoit_car();
  2829  030D  120A  158A  27CC   	fcall	_recoit_car
              120A  118A         
  2830  0312  00F6               	movwf	(??_request_gps+0)+0
  2831  0313  0876               	movf	(??_request_gps+0)+0,w
  2832  0314  1283               	bcf	status, 5	;RP0=0, select bank0
  2833  0315  1303               	bcf	status, 6	;RP1=0, select bank0
  2834  0316  00AF               	movwf	(_tmMins)
  2835                           	line	137
  2836                           ;functions .c: 137: tmSecs = recoit_car();
  2837  0317  120A  158A  27CC   	fcall	_recoit_car
              120A  118A         
  2838  031C  00F6               	movwf	(??_request_gps+0)+0
  2839  031D  0876               	movf	(??_request_gps+0)+0,w
  2840  031E  1283               	bcf	status, 5	;RP0=0, select bank0
  2841  031F  1303               	bcf	status, 6	;RP1=0, select bank0
  2842  0320  00B0               	movwf	(_tmSecs)
  2843                           	line	138
  2844                           ;functions .c: 138: break;
  2845  0321  2BD7               	goto	l1857
  2846                           	line	140
  2847                           ;functions .c: 140: case 0x04:
  2848                           	
  2849  0322                     l1858:	
  2850                           	line	141
  2851                           	
  2852  0322                     l4165:	
  2853                           ;functions .c: 141: day = recoit_car();
  2854  0322  120A  158A  27CC   	fcall	_recoit_car
              120A  118A         
  2855  0327  00F6               	movwf	(??_request_gps+0)+0
  2856  0328  0876               	movf	(??_request_gps+0)+0,w
  2857  0329  1283               	bcf	status, 5	;RP0=0, select bank0
  2858  032A  1303               	bcf	status, 6	;RP1=0, select bank0
  2859  032B  00A8               	movwf	(_day)
  2860                           	line	142
  2861                           ;functions .c: 142: month = recoit_car();
  2862  032C  120A  158A  27CC   	fcall	_recoit_car
              120A  118A         
  2863  0331  00F6               	movwf	(??_request_gps+0)+0
  2864  0332  0876               	movf	(??_request_gps+0)+0,w
  2865  0333  1283               	bcf	status, 5	;RP0=0, select bank0
  2866  0334  1303               	bcf	status, 6	;RP1=0, select bank0
  2867  0335  00AD               	movwf	(_month)
  2868                           	line	143
  2869                           ;functions .c: 143: year = recoit_car();
  2870  0336  120A  158A  27CC   	fcall	_recoit_car
              120A  118A         
  2871  033B  00F6               	movwf	(??_request_gps+0)+0
  2872  033C  0876               	movf	(??_request_gps+0)+0,w
  2873  033D  1283               	bcf	status, 5	;RP0=0, select bank0
  2874  033E  1303               	bcf	status, 6	;RP1=0, select bank0
  2875  033F  00B1               	movwf	(_year)
  2876                           	line	144
  2877                           ;functions .c: 144: break;
  2878  0340  2BD7               	goto	l1857
  2879                           	line	146
  2880                           ;functions .c: 146: case 0x05:
  2881                           	
  2882  0341                     l1859:	
  2883                           	line	147
  2884                           	
  2885  0341                     l4167:	
  2886                           ;functions .c: 147: degrees = recoit_car();
  2887  0341  120A  158A  27CC   	fcall	_recoit_car
              120A  118A         
  2888  0346  00F6               	movwf	(??_request_gps+0)+0
  2889  0347  0876               	movf	(??_request_gps+0)+0,w
  2890  0348  1283               	bcf	status, 5	;RP0=0, select bank0
  2891  0349  1303               	bcf	status, 6	;RP1=0, select bank0
  2892  034A  00A9               	movwf	(_degrees)
  2893                           	line	148
  2894                           ;functions .c: 148: minutes = recoit_car();
  2895  034B  120A  158A  27CC   	fcall	_recoit_car
              120A  118A         
  2896  0350  00F6               	movwf	(??_request_gps+0)+0
  2897  0351  0876               	movf	(??_request_gps+0)+0,w
  2898  0352  1283               	bcf	status, 5	;RP0=0, select bank0
  2899  0353  1303               	bcf	status, 6	;RP1=0, select bank0
  2900  0354  00AC               	movwf	(_minutes)
  2901                           	line	150
  2902                           ;functions .c: 150: unsigned char high_byte = recoit_car();
  2903  0355  120A  158A  27CC   	fcall	_recoit_car
              120A  118A         
  2904  035A  00F6               	movwf	(??_request_gps+0)+0
  2905  035B  0876               	movf	(??_request_gps+0)+0,w
  2906  035C  00F9               	movwf	(request_gps@high_byte)
  2907                           	line	151
  2908                           ;functions .c: 151: unsigned char low_byte = recoit_car();
  2909  035D  120A  158A  27CC   	fcall	_recoit_car
              120A  118A         
  2910  0362  00F6               	movwf	(??_request_gps+0)+0
  2911  0363  0876               	movf	(??_request_gps+0)+0,w
  2912  0364  00FA               	movwf	(request_gps@low_byte)
  2913                           	line	152
  2914                           	
  2915  0365                     l4169:	
  2916                           ;functions .c: 152: minutesD = (high_byte << 8) + low_byte;
  2917  0365  0879               	movf	(request_gps@high_byte),w
  2918  0366  00F6               	movwf	(??_request_gps+0)+0
  2919  0367  01F7               	clrf	(??_request_gps+0)+0+1
  2920  0368  3008               	movlw	08h
  2921  0369  00FE               	movwf	btemp+0
  2922  036A                     u2655:
  2923  036A  1003               	clrc
  2924  036B  0DF6               	rlf	(??_request_gps+0)+0,f
  2925  036C  0DF7               	rlf	(??_request_gps+0)+1,f
  2926  036D  0BFE               	decfsz	btemp+0,f
  2927  036E  2B6A               	goto	u2655
  2928  036F  087A               	movf	(request_gps@low_byte),w
  2929  0370  0776               	addwf	0+(??_request_gps+0)+0,w
  2930  0371  1283               	bcf	status, 5	;RP0=0, select bank0
  2931  0372  1303               	bcf	status, 6	;RP1=0, select bank0
  2932  0373  00A4               	movwf	(_minutesD)
  2933  0374  3000               	movlw	0
  2934  0375  1803               	skipnc
  2935  0376  3001               	movlw	1
  2936  0377  0777               	addwf	1+(??_request_gps+0)+0,w
  2937  0378  00A5               	movwf	1+(_minutesD)
  2938                           	line	153
  2939                           	
  2940  0379                     l4171:	
  2941                           ;functions .c: 153: dir = recoit_car();
  2942  0379  120A  158A  27CC   	fcall	_recoit_car
              120A  118A         
  2943  037E  00F6               	movwf	(??_request_gps+0)+0
  2944  037F  0876               	movf	(??_request_gps+0)+0,w
  2945  0380  1283               	bcf	status, 5	;RP0=0, select bank0
  2946  0381  1303               	bcf	status, 6	;RP1=0, select bank0
  2947  0382  00AA               	movwf	(_dir)
  2948                           	line	154
  2949                           ;functions .c: 154: break;
  2950  0383  2BD7               	goto	l1857
  2951                           	line	156
  2952                           ;functions .c: 156: case 0x06:
  2953                           	
  2954  0384                     l1860:	
  2955                           	line	157
  2956                           	
  2957  0384                     l4173:	
  2958                           ;functions .c: 157: degrees = recoit_car();
  2959  0384  120A  158A  27CC   	fcall	_recoit_car
              120A  118A         
  2960  0389  00F6               	movwf	(??_request_gps+0)+0
  2961  038A  0876               	movf	(??_request_gps+0)+0,w
  2962  038B  1283               	bcf	status, 5	;RP0=0, select bank0
  2963  038C  1303               	bcf	status, 6	;RP1=0, select bank0
  2964  038D  00A9               	movwf	(_degrees)
  2965                           	line	158
  2966                           ;functions .c: 158: minutes = recoit_car();
  2967  038E  120A  158A  27CC   	fcall	_recoit_car
              120A  118A         
  2968  0393  00F6               	movwf	(??_request_gps+0)+0
  2969  0394  0876               	movf	(??_request_gps+0)+0,w
  2970  0395  1283               	bcf	status, 5	;RP0=0, select bank0
  2971  0396  1303               	bcf	status, 6	;RP1=0, select bank0
  2972  0397  00AC               	movwf	(_minutes)
  2973                           	line	160
  2974                           ;functions .c: 160: high_byte = recoit_car();
  2975  0398  120A  158A  27CC   	fcall	_recoit_car
              120A  118A         
  2976  039D  00F6               	movwf	(??_request_gps+0)+0
  2977  039E  0876               	movf	(??_request_gps+0)+0,w
  2978  039F  00F9               	movwf	(request_gps@high_byte)
  2979                           	line	161
  2980                           ;functions .c: 161: low_byte = recoit_car();
  2981  03A0  120A  158A  27CC   	fcall	_recoit_car
              120A  118A         
  2982  03A5  00F6               	movwf	(??_request_gps+0)+0
  2983  03A6  0876               	movf	(??_request_gps+0)+0,w
  2984  03A7  00FA               	movwf	(request_gps@low_byte)
  2985                           	line	162
  2986                           	
  2987  03A8                     l4175:	
  2988                           ;functions .c: 162: minutesD = (high_byte << 8) + low_byte;
  2989  03A8  0879               	movf	(request_gps@high_byte),w
  2990  03A9  00F6               	movwf	(??_request_gps+0)+0
  2991  03AA  01F7               	clrf	(??_request_gps+0)+0+1
  2992  03AB  3008               	movlw	08h
  2993  03AC  00FE               	movwf	btemp+0
  2994  03AD                     u2665:
  2995  03AD  1003               	clrc
  2996  03AE  0DF6               	rlf	(??_request_gps+0)+0,f
  2997  03AF  0DF7               	rlf	(??_request_gps+0)+1,f
  2998  03B0  0BFE               	decfsz	btemp+0,f
  2999  03B1  2BAD               	goto	u2665
  3000  03B2  087A               	movf	(request_gps@low_byte),w
  3001  03B3  0776               	addwf	0+(??_request_gps+0)+0,w
  3002  03B4  1283               	bcf	status, 5	;RP0=0, select bank0
  3003  03B5  1303               	bcf	status, 6	;RP1=0, select bank0
  3004  03B6  00A4               	movwf	(_minutesD)
  3005  03B7  3000               	movlw	0
  3006  03B8  1803               	skipnc
  3007  03B9  3001               	movlw	1
  3008  03BA  0777               	addwf	1+(??_request_gps+0)+0,w
  3009  03BB  00A5               	movwf	1+(_minutesD)
  3010                           	line	163
  3011                           	
  3012  03BC                     l4177:	
  3013                           ;functions .c: 163: dir = recoit_car();
  3014  03BC  120A  158A  27CC   	fcall	_recoit_car
              120A  118A         
  3015  03C1  00F6               	movwf	(??_request_gps+0)+0
  3016  03C2  0876               	movf	(??_request_gps+0)+0,w
  3017  03C3  1283               	bcf	status, 5	;RP0=0, select bank0
  3018  03C4  1303               	bcf	status, 6	;RP1=0, select bank0
  3019  03C5  00AA               	movwf	(_dir)
  3020                           	line	164
  3021                           ;functions .c: 164: break;
  3022  03C6  2BD7               	goto	l1857
  3023                           	line	166
  3024                           ;functions .c: 166: default:
  3025                           	
  3026  03C7                     l1861:	
  3027                           	line	167
  3028                           ;functions .c: 167: break;
  3029  03C7  2BD7               	goto	l1857
  3030                           	line	168
  3031                           	
  3032  03C8                     l4179:	
  3033                           ;functions .c: 168: }
  3034  03C8  2BD7               	goto	l1857
  3035                           	line	133
  3036                           	
  3037  03C9                     l1855:	
  3038                           	
  3039  03C9                     l4181:	
  3040  03C9  0878               	movf	(request_gps@commande),w
  3041                           	; Switch size 1, requested type "space"
  3042                           ; Number of cases is 4, Range of values is 3 to 6
  3043                           ; switch strategies available:
  3044                           ; Name         Bytes Cycles
  3045                           ; simple_byte    13     7 (average)
  3046                           ; direct_byte    34    22 (fixed)
  3047                           ;	Chosen strategy is simple_byte
  3048                           
  3049  03CA  3A03               	xorlw	3^0	; case 3
  3050  03CB  1903               	skipnz
  3051  03CC  2B03               	goto	l1856
  3052  03CD  3A07               	xorlw	4^3	; case 4
  3053  03CE  1903               	skipnz
  3054  03CF  2B22               	goto	l1858
  3055  03D0  3A01               	xorlw	5^4	; case 5
  3056  03D1  1903               	skipnz
  3057  03D2  2B41               	goto	l1859
  3058  03D3  3A03               	xorlw	6^5	; case 6
  3059  03D4  1903               	skipnz
  3060  03D5  2B84               	goto	l1860
  3061  03D6  2BC7               	goto	l1861
  3062                           
  3063                           	line	168
  3064                           	
  3065  03D7                     l1857:	
  3066                           	line	169
  3067                           	
  3068  03D7                     l1862:	
  3069  03D7  0008               	return
  3070                           	opt stack 0
  3071                           GLOBAL	__end_of_request_gps
  3072  03D8                     	__end_of_request_gps:
  3073 ;; =============== function _request_gps ends ============
  3074                           
  3075                           	signat	_request_gps,4216
  3076                           	global	_init_gps_mode_smart
  3077                           psect	text497,local,class=CODE,delta=2
  3078                           global __ptext497
  3079  0FEE                     __ptext497:
  3080                           
  3081 ;; *************** function _init_gps_mode_smart *****************
  3082 ;; Defined at:
  3083 ;;		line 104 in file "D:\MICROCONTREU\projet_gps\projet_1__everything_string\functions .c"
  3084 ;; Parameters:    Size  Location     Type
  3085 ;;		None
  3086 ;; Auto vars:     Size  Location     Type
  3087 ;;		None
  3088 ;; Return value:  Size  Location     Type
  3089 ;;		None               void
  3090 ;; Registers used:
  3091 ;;		wreg, status,2, status,0, pclath, cstack
  3092 ;; Tracked objects:
  3093 ;;		On entry : 0/0
  3094 ;;		On exit  : 0/0
  3095 ;;		Unchanged: 0/0
  3096 ;; Data sizes:     COMMON   BANK0   BANK1   BANK3   BANK2
  3097 ;;      Params:         0       0       0       0       0
  3098 ;;      Locals:         0       0       0       0       0
  3099 ;;      Temps:          0       0       0       0       0
  3100 ;;      Totals:         0       0       0       0       0
  3101 ;;Total ram usage:        0 bytes
  3102 ;; Hardware stack levels used:    1
  3103 ;; Hardware stack levels required when called:    2
  3104 ;; This function calls:
  3105 ;;		_tempo_N_ms
  3106 ;; This function is called by:
  3107 ;;		_main
  3108 ;; This function uses a non-reentrant model
  3109 ;;
  3110                           psect	text497
  3111                           	file	"D:\MICROCONTREU\projet_gps\projet_1__everything_string\functions .c"
  3112                           	line	104
  3113                           	global	__size_of_init_gps_mode_smart
  3114  0012                     	__size_of_init_gps_mode_smart	equ	__end_of_init_gps_mode_smart-_init_gps_mode_smart
  3115                           	
  3116  0FEE                     _init_gps_mode_smart:	
  3117                           	opt	stack 7
  3118                           ; Regs used in _init_gps_mode_smart: [wreg+status,2+status,0+pclath+cstack]
  3119                           	line	109
  3120                           	
  3121  0FEE                     l4151:	
  3122                           ;functions .c: 109: TRISC4 = 0;
  3123  0FEE  1683               	bsf	status, 5	;RP0=1, select bank1
  3124  0FEF  1303               	bcf	status, 6	;RP1=0, select bank1
  3125  0FF0  1207               	bcf	(1084/8)^080h,(1084)&7
  3126                           	line	112
  3127                           ;functions .c: 112: TRISC5 = 0;
  3128  0FF1  1287               	bcf	(1085/8)^080h,(1085)&7
  3129                           	line	113
  3130                           ;functions .c: 113: RC4=0;
  3131  0FF2  1283               	bcf	status, 5	;RP0=0, select bank0
  3132  0FF3  1303               	bcf	status, 6	;RP1=0, select bank0
  3133  0FF4  1207               	bcf	(60/8),(60)&7
  3134                           	line	114
  3135                           ;functions .c: 114: RC5=1;
  3136  0FF5  1687               	bsf	(61/8),(61)&7
  3137                           	line	119
  3138                           	
  3139  0FF6                     l4153:	
  3140                           ;functions .c: 119: tempo_N_ms(10);
  3141  0FF6  300A               	movlw	low(0Ah)
  3142  0FF7  00F1               	movwf	(?_tempo_N_ms)
  3143  0FF8  3000               	movlw	high(0Ah)
  3144  0FF9  00F2               	movwf	((?_tempo_N_ms))+1
  3145  0FFA  120A  118A  20B6   	fcall	_tempo_N_ms
              120A  158A         
  3146                           	line	120
  3147                           	
  3148  0FFF                     l1852:	
  3149  0FFF  0008               	return
  3150                           	opt stack 0
  3151                           GLOBAL	__end_of_init_gps_mode_smart
  3152  1000                     	__end_of_init_gps_mode_smart:
  3153 ;; =============== function _init_gps_mode_smart ends ============
  3154                           
  3155                           	signat	_init_gps_mode_smart,88
  3156                           	global	_emet_string
  3157                           psect	text498,local,class=CODE,delta=2
  3158                           global __ptext498
  3159  0057                     __ptext498:
  3160                           
  3161 ;; *************** function _emet_string *****************
  3162 ;; Defined at:
  3163 ;;		line 86 in file "D:\MICROCONTREU\projet_gps\projet_1__everything_string\functions .c"
  3164 ;; Parameters:    Size  Location     Type
  3165 ;;  message         1    wreg     PTR unsigned char 
  3166 ;;		 -> STR_5(5), 
  3167 ;; Auto vars:     Size  Location     Type
  3168 ;;  message         1    2[COMMON] PTR unsigned char 
  3169 ;;		 -> STR_5(5), 
  3170 ;; Return value:  Size  Location     Type
  3171 ;;		None               void
  3172 ;; Registers used:
  3173 ;;		wreg, fsr0l, fsr0h, status,2, status,0, pclath, cstack
  3174 ;; Tracked objects:
  3175 ;;		On entry : 0/0
  3176 ;;		On exit  : 0/0
  3177 ;;		Unchanged: 0/0
  3178 ;; Data sizes:     COMMON   BANK0   BANK1   BANK3   BANK2
  3179 ;;      Params:         0       0       0       0       0
  3180 ;;      Locals:         1       0       0       0       0
  3181 ;;      Temps:          1       0       0       0       0
  3182 ;;      Totals:         2       0       0       0       0
  3183 ;;Total ram usage:        2 bytes
  3184 ;; Hardware stack levels used:    1
  3185 ;; Hardware stack levels required when called:    1
  3186 ;; This function calls:
  3187 ;;		_emet_car
  3188 ;; This function is called by:
  3189 ;;		_request_gps
  3190 ;; This function uses a non-reentrant model
  3191 ;;
  3192                           psect	text498
  3193                           	file	"D:\MICROCONTREU\projet_gps\projet_1__everything_string\functions .c"
  3194                           	line	86
  3195                           	global	__size_of_emet_string
  3196  001F                     	__size_of_emet_string	equ	__end_of_emet_string-_emet_string
  3197                           	
  3198  0057                     _emet_string:	
  3199                           	opt	stack 6
  3200                           ; Regs used in _emet_string: [wreg-fsr0h+status,2+status,0+pclath+cstack]
  3201                           ;emet_string@message stored from wreg
  3202  0057  00F3               	movwf	(emet_string@message)
  3203                           	line	88
  3204                           	
  3205  0058                     l4143:	
  3206                           ;functions .c: 88: while (*message != 0)
  3207  0058  2869               	goto	l1840
  3208                           	
  3209  0059                     l1841:	
  3210                           	line	90
  3211                           	
  3212  0059                     l4145:	
  3213                           ;functions .c: 89: {
  3214                           ;functions .c: 90: emet_car(*message);
  3215  0059  0873               	movf	(emet_string@message),w
  3216  005A  0084               	movwf	fsr0
  3217  005B  120A  118A  2003   	fcall	stringdir
              120A  118A         
  3218  0060  120A  158A  27D6   	fcall	_emet_car
              120A  118A         
  3219                           	line	91
  3220                           	
  3221  0065                     l4147:	
  3222                           ;functions .c: 91: message++;
  3223  0065  3001               	movlw	(01h)
  3224  0066  00F2               	movwf	(??_emet_string+0)+0
  3225  0067  0872               	movf	(??_emet_string+0)+0,w
  3226  0068  07F3               	addwf	(emet_string@message),f
  3227                           	line	92
  3228                           	
  3229  0069                     l1840:	
  3230                           	line	88
  3231                           	
  3232  0069                     l4149:	
  3233  0069  0873               	movf	(emet_string@message),w
  3234  006A  0084               	movwf	fsr0
  3235  006B  120A  118A  2003   	fcall	stringdir
              120A  118A         
  3236  0070  3800               	iorlw	0
  3237  0071  1D03               	skipz
  3238  0072  2874               	goto	u2641
  3239  0073  2875               	goto	u2640
  3240  0074                     u2641:
  3241  0074  2859               	goto	l1841
  3242  0075                     u2640:
  3243                           	
  3244  0075                     l1842:	
  3245                           	line	94
  3246                           	
  3247  0075                     l1843:	
  3248  0075  0008               	return
  3249                           	opt stack 0
  3250                           GLOBAL	__end_of_emet_string
  3251  0076                     	__end_of_emet_string:
  3252 ;; =============== function _emet_string ends ============
  3253                           
  3254                           	signat	_emet_string,4216
  3255                           	global	_tempo_N_ms
  3256                           psect	text499,local,class=CODE,delta=2
  3257                           global __ptext499
  3258  00B6                     __ptext499:
  3259                           
  3260 ;; *************** function _tempo_N_ms *****************
  3261 ;; Defined at:
  3262 ;;		line 17 in file "D:\MICROCONTREU\projet_gps\projet_1__everything_string\lcdbt.c"
  3263 ;; Parameters:    Size  Location     Type
  3264 ;;  N               2    0[COMMON] int 
  3265 ;; Auto vars:     Size  Location     Type
  3266 ;;  i               2    3[COMMON] int 
  3267 ;; Return value:  Size  Location     Type
  3268 ;;		None               void
  3269 ;; Registers used:
  3270 ;;		wreg, status,2, status,0, pclath, cstack
  3271 ;; Tracked objects:
  3272 ;;		On entry : 0/0
  3273 ;;		On exit  : 0/0
  3274 ;;		Unchanged: 0/0
  3275 ;; Data sizes:     COMMON   BANK0   BANK1   BANK3   BANK2
  3276 ;;      Params:         2       0       0       0       0
  3277 ;;      Locals:         2       0       0       0       0
  3278 ;;      Temps:          1       0       0       0       0
  3279 ;;      Totals:         5       0       0       0       0
  3280 ;;Total ram usage:        5 bytes
  3281 ;; Hardware stack levels used:    1
  3282 ;; Hardware stack levels required when called:    1
  3283 ;; This function calls:
  3284 ;;		_tempo_1_ms
  3285 ;; This function is called by:
  3286 ;;		_main
  3287 ;;		_lecture_commande
  3288 ;;		_init_LCD
  3289 ;;		_init_gps_mode_smart
  3290 ;;		_request_gps
  3291 ;; This function uses a non-reentrant model
  3292 ;;
  3293                           psect	text499
  3294                           	file	"D:\MICROCONTREU\projet_gps\projet_1__everything_string\lcdbt.c"
  3295                           	line	17
  3296                           	global	__size_of_tempo_N_ms
  3297  0029                     	__size_of_tempo_N_ms	equ	__end_of_tempo_N_ms-_tempo_N_ms
  3298                           	
  3299  00B6                     _tempo_N_ms:	
  3300                           	opt	stack 3
  3301                           ; Regs used in _tempo_N_ms: [wreg+status,2+status,0+pclath+cstack]
  3302                           	line	20
  3303                           	
  3304  00B6                     l4129:	
  3305                           ;lcdbt.c: 18: int i;
  3306                           ;lcdbt.c: 20: OPTION=OPTION & 0b11000001;
  3307  00B6  1683               	bsf	status, 5	;RP0=1, select bank1
  3308  00B7  1303               	bcf	status, 6	;RP1=0, select bank1
  3309  00B8  0801               	movf	(129)^080h,w
  3310  00B9  39C1               	andlw	0C1h
  3311  00BA  0081               	movwf	(129)^080h
  3312                           	line	21
  3313                           	
  3314  00BB                     l4131:	
  3315                           ;lcdbt.c: 21: TMR0=6;
  3316  00BB  3006               	movlw	(06h)
  3317  00BC  1283               	bcf	status, 5	;RP0=0, select bank0
  3318  00BD  1303               	bcf	status, 6	;RP1=0, select bank0
  3319  00BE  0081               	movwf	(1)	;volatile
  3320                           	line	22
  3321                           	
  3322  00BF                     l4133:	
  3323                           ;lcdbt.c: 22: T0IF=0;
  3324  00BF  110B               	bcf	(90/8),(90)&7
  3325                           	line	23
  3326                           	
  3327  00C0                     l4135:	
  3328                           ;lcdbt.c: 23: for(i=0;i<N;i++)
  3329  00C0  3000               	movlw	low(0)
  3330  00C1  00F4               	movwf	(tempo_N_ms@i)
  3331  00C2  3000               	movlw	high(0)
  3332  00C3  00F5               	movwf	((tempo_N_ms@i))+1
  3333  00C4  28D0               	goto	l1181
  3334                           	line	25
  3335                           	
  3336  00C5                     l1182:	
  3337                           	
  3338  00C5                     l4137:	
  3339                           ;lcdbt.c: 25: tempo_1_ms();
  3340  00C5  120A  158A  279F   	fcall	_tempo_1_ms
              120A  118A         
  3341                           	line	23
  3342                           	
  3343  00CA                     l4139:	
  3344  00CA  3001               	movlw	low(01h)
  3345  00CB  07F4               	addwf	(tempo_N_ms@i),f
  3346  00CC  1803               	skipnc
  3347  00CD  0AF5               	incf	(tempo_N_ms@i+1),f
  3348  00CE  3000               	movlw	high(01h)
  3349  00CF  07F5               	addwf	(tempo_N_ms@i+1),f
  3350                           	
  3351  00D0                     l1181:	
  3352                           	
  3353  00D0                     l4141:	
  3354  00D0  0875               	movf	(tempo_N_ms@i+1),w
  3355  00D1  3A80               	xorlw	80h
  3356  00D2  00F3               	movwf	(??_tempo_N_ms+0)+0
  3357  00D3  0872               	movf	(tempo_N_ms@N+1),w
  3358  00D4  3A80               	xorlw	80h
  3359  00D5  0273               	subwf	(??_tempo_N_ms+0)+0,w
  3360  00D6  1D03               	skipz
  3361  00D7  28DA               	goto	u2635
  3362  00D8  0871               	movf	(tempo_N_ms@N),w
  3363  00D9  0274               	subwf	(tempo_N_ms@i),w
  3364  00DA                     u2635:
  3365                           
  3366  00DA  1C03               	skipc
  3367  00DB  28DD               	goto	u2631
  3368  00DC  28DE               	goto	u2630
  3369  00DD                     u2631:
  3370  00DD  28C5               	goto	l1182
  3371  00DE                     u2630:
  3372                           	
  3373  00DE                     l1183:	
  3374                           	line	26
  3375                           	
  3376  00DE                     l1184:	
  3377  00DE  0008               	return
  3378                           	opt stack 0
  3379                           GLOBAL	__end_of_tempo_N_ms
  3380  00DF                     	__end_of_tempo_N_ms:
  3381 ;; =============== function _tempo_N_ms ends ============
  3382                           
  3383                           	signat	_tempo_N_ms,4216
  3384                           	global	_allume_LCD
  3385                           psect	text500,local,class=CODE,delta=2
  3386                           global __ptext500
  3387  0FC3                     __ptext500:
  3388                           
  3389 ;; *************** function _allume_LCD *****************
  3390 ;; Defined at:
  3391 ;;		line 50 in file "D:\MICROCONTREU\projet_gps\projet_1__everything_string\lcdbt.c"
  3392 ;; Parameters:    Size  Location     Type
  3393 ;;		None
  3394 ;; Auto vars:     Size  Location     Type
  3395 ;;		None
  3396 ;; Return value:  Size  Location     Type
  3397 ;;		None               void
  3398 ;; Registers used:
  3399 ;;		status,2, status,0, pclath, cstack
  3400 ;; Tracked objects:
  3401 ;;		On entry : 0/0
  3402 ;;		On exit  : 0/0
  3403 ;;		Unchanged: 0/0
  3404 ;; Data sizes:     COMMON   BANK0   BANK1   BANK3   BANK2
  3405 ;;      Params:         0       0       0       0       0
  3406 ;;      Locals:         0       0       0       0       0
  3407 ;;      Temps:          0       0       0       0       0
  3408 ;;      Totals:         0       0       0       0       0
  3409 ;;Total ram usage:        0 bytes
  3410 ;; Hardware stack levels used:    1
  3411 ;; Hardware stack levels required when called:    1
  3412 ;; This function calls:
  3413 ;;		_init_PORTD
  3414 ;; This function is called by:
  3415 ;;		_main
  3416 ;; This function uses a non-reentrant model
  3417 ;;
  3418                           psect	text500
  3419                           	file	"D:\MICROCONTREU\projet_gps\projet_1__everything_string\lcdbt.c"
  3420                           	line	50
  3421                           	global	__size_of_allume_LCD
  3422  0009                     	__size_of_allume_LCD	equ	__end_of_allume_LCD-_allume_LCD
  3423                           	
  3424  0FC3                     _allume_LCD:	
  3425                           	opt	stack 7
  3426                           ; Regs used in _allume_LCD: [status,2+status,0+pclath+cstack]
  3427                           	line	53
  3428                           	
  3429  0FC3                     l4125:	
  3430                           ;lcdbt.c: 53: init_PORTD();
  3431  0FC3  120A  158A  2798   	fcall	_init_PORTD
              120A  158A         
  3432                           	line	54
  3433                           	
  3434  0FC8                     l4127:	
  3435                           ;lcdbt.c: 54: RD7=1;
  3436  0FC8  1283               	bcf	status, 5	;RP0=0, select bank0
  3437  0FC9  1303               	bcf	status, 6	;RP1=0, select bank0
  3438  0FCA  1788               	bsf	(71/8),(71)&7
  3439                           	line	56
  3440                           	
  3441  0FCB                     l1190:	
  3442  0FCB  0008               	return
  3443                           	opt stack 0
  3444                           GLOBAL	__end_of_allume_LCD
  3445  0FCC                     	__end_of_allume_LCD:
  3446 ;; =============== function _allume_LCD ends ============
  3447                           
  3448                           	signat	_allume_LCD,88
  3449                           	global	___awmod
  3450                           psect	text501,local,class=CODE,delta=2
  3451                           global __ptext501
  3452  0219                     __ptext501:
  3453                           
  3454 ;; *************** function ___awmod *****************
  3455 ;; Defined at:
  3456 ;;		line 5 in file "C:\Program Files (x86)\HI-TECH Software\PICC\9.71a\sources\awmod.c"
  3457 ;; Parameters:    Size  Location     Type
  3458 ;;  divisor         2    0[COMMON] int 
  3459 ;;  dividend        2    2[COMMON] int 
  3460 ;; Auto vars:     Size  Location     Type
  3461 ;;  sign            1    6[COMMON] unsigned char 
  3462 ;;  counter         1    5[COMMON] unsigned char 
  3463 ;; Return value:  Size  Location     Type
  3464 ;;                  2    0[COMMON] int 
  3465 ;; Registers used:
  3466 ;;		wreg, status,2, status,0
  3467 ;; Tracked objects:
  3468 ;;		On entry : 0/0
  3469 ;;		On exit  : 0/0
  3470 ;;		Unchanged: 0/0
  3471 ;; Data sizes:     COMMON   BANK0   BANK1   BANK3   BANK2
  3472 ;;      Params:         4       0       0       0       0
  3473 ;;      Locals:         2       0       0       0       0
  3474 ;;      Temps:          1       0       0       0       0
  3475 ;;      Totals:         7       0       0       0       0
  3476 ;;Total ram usage:        7 bytes
  3477 ;; Hardware stack levels used:    1
  3478 ;; This function calls:
  3479 ;;		Nothing
  3480 ;; This function is called by:
  3481 ;;		_main
  3482 ;; This function uses a non-reentrant model
  3483 ;;
  3484                           psect	text501
  3485                           	file	"C:\Program Files (x86)\HI-TECH Software\PICC\9.71a\sources\awmod.c"
  3486                           	line	5
  3487                           	global	__size_of___awmod
  3488  0060                     	__size_of___awmod	equ	__end_of___awmod-___awmod
  3489                           	
  3490  0219                     ___awmod:	
  3491                           	opt	stack 7
  3492                           ; Regs used in ___awmod: [wreg+status,2+status,0]
  3493                           	line	8
  3494                           	
  3495  0219                     l4089:	
  3496  0219  1003               	clrc
  3497  021A  3000               	movlw	0
  3498  021B  1803               	btfsc	status,0
  3499  021C  3001               	movlw	1
  3500  021D  00F7               	movwf	(___awmod@sign)
  3501                           	line	9
  3502                           	
  3503  021E                     l4091:	
  3504  021E  1FF4               	btfss	(___awmod@dividend+1),7
  3505  021F  2A21               	goto	u2541
  3506  0220  2A22               	goto	u2540
  3507  0221                     u2541:
  3508  0221  2A2A               	goto	l2079
  3509  0222                     u2540:
  3510                           	line	10
  3511                           	
  3512  0222                     l4093:	
  3513  0222  09F3               	comf	(___awmod@dividend),f
  3514  0223  09F4               	comf	(___awmod@dividend+1),f
  3515  0224  0AF3               	incf	(___awmod@dividend),f
  3516  0225  1903               	skipnz
  3517  0226  0AF4               	incf	(___awmod@dividend+1),f
  3518                           	line	11
  3519  0227  01F7               	clrf	(___awmod@sign)
  3520  0228  1403               	bsf	status,0
  3521  0229  0DF7               	rlf	(___awmod@sign),f
  3522                           	line	12
  3523                           	
  3524  022A                     l2079:	
  3525                           	line	13
  3526                           	
  3527  022A                     l4095:	
  3528  022A  1FF2               	btfss	(___awmod@divisor+1),7
  3529  022B  2A2D               	goto	u2551
  3530  022C  2A2E               	goto	u2550
  3531  022D                     u2551:
  3532  022D  2A33               	goto	l2080
  3533  022E                     u2550:
  3534                           	line	14
  3535                           	
  3536  022E                     l4097:	
  3537  022E  09F1               	comf	(___awmod@divisor),f
  3538  022F  09F2               	comf	(___awmod@divisor+1),f
  3539  0230  0AF1               	incf	(___awmod@divisor),f
  3540  0231  1903               	skipnz
  3541  0232  0AF2               	incf	(___awmod@divisor+1),f
  3542                           	
  3543  0233                     l2080:	
  3544                           	line	15
  3545                           	
  3546  0233                     l4099:	
  3547  0233  0872               	movf	(___awmod@divisor+1),w
  3548  0234  0471               	iorwf	(___awmod@divisor),w
  3549  0235  1903               	skipnz
  3550  0236  2A38               	goto	u2561
  3551  0237  2A39               	goto	u2560
  3552  0238                     u2561:
  3553  0238  2A69               	goto	l2081
  3554  0239                     u2560:
  3555                           	line	16
  3556                           	
  3557  0239                     l4101:	
  3558  0239  01F6               	clrf	(___awmod@counter)
  3559  023A  1403               	bsf	status,0
  3560  023B  0DF6               	rlf	(___awmod@counter),f
  3561                           	line	17
  3562  023C  2A48               	goto	l2082
  3563                           	
  3564  023D                     l2083:	
  3565                           	line	18
  3566                           	
  3567  023D                     l4103:	
  3568  023D  3001               	movlw	01h
  3569                           	
  3570  023E                     u2575:
  3571  023E  1003               	clrc
  3572  023F  0DF1               	rlf	(___awmod@divisor),f
  3573  0240  0DF2               	rlf	(___awmod@divisor+1),f
  3574  0241  3EFF               	addlw	-1
  3575  0242  1D03               	skipz
  3576  0243  2A3E               	goto	u2575
  3577                           	line	19
  3578                           	
  3579  0244                     l4105:	
  3580  0244  3001               	movlw	(01h)
  3581  0245  00F5               	movwf	(??___awmod+0)+0
  3582  0246  0875               	movf	(??___awmod+0)+0,w
  3583  0247  07F6               	addwf	(___awmod@counter),f
  3584                           	line	20
  3585                           	
  3586  0248                     l2082:	
  3587                           	line	17
  3588                           	
  3589  0248                     l4107:	
  3590  0248  1FF2               	btfss	(___awmod@divisor+1),(15)&7
  3591  0249  2A4B               	goto	u2581
  3592  024A  2A4C               	goto	u2580
  3593  024B                     u2581:
  3594  024B  2A3D               	goto	l2083
  3595  024C                     u2580:
  3596                           	
  3597  024C                     l2084:	
  3598                           	line	21
  3599                           	
  3600  024C                     l2085:	
  3601                           	line	22
  3602                           	
  3603  024C                     l4109:	
  3604  024C  0872               	movf	(___awmod@divisor+1),w
  3605  024D  0274               	subwf	(___awmod@dividend+1),w
  3606  024E  1D03               	skipz
  3607  024F  2A52               	goto	u2595
  3608  0250  0871               	movf	(___awmod@divisor),w
  3609  0251  0273               	subwf	(___awmod@dividend),w
  3610  0252                     u2595:
  3611  0252  1C03               	skipc
  3612  0253  2A55               	goto	u2591
  3613  0254  2A56               	goto	u2590
  3614  0255                     u2591:
  3615  0255  2A5C               	goto	l2086
  3616  0256                     u2590:
  3617                           	line	23
  3618                           	
  3619  0256                     l4111:	
  3620  0256  0871               	movf	(___awmod@divisor),w
  3621  0257  02F3               	subwf	(___awmod@dividend),f
  3622  0258  0872               	movf	(___awmod@divisor+1),w
  3623  0259  1C03               	skipc
  3624  025A  03F4               	decf	(___awmod@dividend+1),f
  3625  025B  02F4               	subwf	(___awmod@dividend+1),f
  3626                           	
  3627  025C                     l2086:	
  3628                           	line	24
  3629                           	
  3630  025C                     l4113:	
  3631  025C  3001               	movlw	01h
  3632                           	
  3633  025D                     u2605:
  3634  025D  1003               	clrc
  3635  025E  0CF2               	rrf	(___awmod@divisor+1),f
  3636  025F  0CF1               	rrf	(___awmod@divisor),f
  3637  0260  3EFF               	addlw	-1
  3638  0261  1D03               	skipz
  3639  0262  2A5D               	goto	u2605
  3640                           	line	25
  3641                           	
  3642  0263                     l4115:	
  3643  0263  3001               	movlw	low(01h)
  3644  0264  02F6               	subwf	(___awmod@counter),f
  3645  0265  1D03               	btfss	status,2
  3646  0266  2A68               	goto	u2611
  3647  0267  2A69               	goto	u2610
  3648  0268                     u2611:
  3649  0268  2A4C               	goto	l2085
  3650  0269                     u2610:
  3651                           	
  3652  0269                     l2087:	
  3653                           	line	26
  3654                           	
  3655  0269                     l2081:	
  3656                           	line	27
  3657                           	
  3658  0269                     l4117:	
  3659  0269  0877               	movf	(___awmod@sign),w
  3660  026A  1D03               	skipz
  3661  026B  2A6D               	goto	u2620
  3662  026C  2A72               	goto	l2088
  3663  026D                     u2620:
  3664                           	line	28
  3665                           	
  3666  026D                     l4119:	
  3667  026D  09F3               	comf	(___awmod@dividend),f
  3668  026E  09F4               	comf	(___awmod@dividend+1),f
  3669  026F  0AF3               	incf	(___awmod@dividend),f
  3670  0270  1903               	skipnz
  3671  0271  0AF4               	incf	(___awmod@dividend+1),f
  3672                           	
  3673  0272                     l2088:	
  3674                           	line	29
  3675                           	
  3676  0272                     l4121:	
  3677  0272  0874               	movf	(___awmod@dividend+1),w
  3678  0273  01F2               	clrf	(?___awmod+1)
  3679  0274  07F2               	addwf	(?___awmod+1)
  3680  0275  0873               	movf	(___awmod@dividend),w
  3681  0276  01F1               	clrf	(?___awmod)
  3682  0277  07F1               	addwf	(?___awmod)
  3683                           
  3684                           	
  3685  0278                     l4123:	
  3686                           	line	30
  3687                           	
  3688  0278                     l2089:	
  3689  0278  0008               	return
  3690                           	opt stack 0
  3691                           GLOBAL	__end_of___awmod
  3692  0279                     	__end_of___awmod:
  3693 ;; =============== function ___awmod ends ============
  3694                           
  3695                           	signat	___awmod,8314
  3696                           	global	___awdiv
  3697                           psect	text502,local,class=CODE,delta=2
  3698                           global __ptext502
  3699  0279                     __ptext502:
  3700                           
  3701 ;; *************** function ___awdiv *****************
  3702 ;; Defined at:
  3703 ;;		line 5 in file "C:\Program Files (x86)\HI-TECH Software\PICC\9.71a\sources\awdiv.c"
  3704 ;; Parameters:    Size  Location     Type
  3705 ;;  divisor         2    0[COMMON] int 
  3706 ;;  dividend        2    2[COMMON] int 
  3707 ;; Auto vars:     Size  Location     Type
  3708 ;;  quotient        2    7[COMMON] int 
  3709 ;;  sign            1    6[COMMON] unsigned char 
  3710 ;;  counter         1    5[COMMON] unsigned char 
  3711 ;; Return value:  Size  Location     Type
  3712 ;;                  2    0[COMMON] int 
  3713 ;; Registers used:
  3714 ;;		wreg, status,2, status,0
  3715 ;; Tracked objects:
  3716 ;;		On entry : 0/0
  3717 ;;		On exit  : 0/0
  3718 ;;		Unchanged: 0/0
  3719 ;; Data sizes:     COMMON   BANK0   BANK1   BANK3   BANK2
  3720 ;;      Params:         4       0       0       0       0
  3721 ;;      Locals:         4       0       0       0       0
  3722 ;;      Temps:          1       0       0       0       0
  3723 ;;      Totals:         9       0       0       0       0
  3724 ;;Total ram usage:        9 bytes
  3725 ;; Hardware stack levels used:    1
  3726 ;; This function calls:
  3727 ;;		Nothing
  3728 ;; This function is called by:
  3729 ;;		_main
  3730 ;; This function uses a non-reentrant model
  3731 ;;
  3732                           psect	text502
  3733                           	file	"C:\Program Files (x86)\HI-TECH Software\PICC\9.71a\sources\awdiv.c"
  3734                           	line	5
  3735                           	global	__size_of___awdiv
  3736  0070                     	__size_of___awdiv	equ	__end_of___awdiv-___awdiv
  3737                           	
  3738  0279                     ___awdiv:	
  3739                           	opt	stack 7
  3740                           ; Regs used in ___awdiv: [wreg+status,2+status,0]
  3741                           	line	9
  3742                           	
  3743  0279                     l4051:	
  3744  0279  1003               	clrc
  3745  027A  3000               	movlw	0
  3746  027B  1803               	btfsc	status,0
  3747  027C  3001               	movlw	1
  3748  027D  00F7               	movwf	(___awdiv@sign)
  3749                           	line	10
  3750                           	
  3751  027E                     l4053:	
  3752  027E  1FF2               	btfss	(___awdiv@divisor+1),7
  3753  027F  2A81               	goto	u2441
  3754  0280  2A82               	goto	u2440
  3755  0281                     u2441:
  3756  0281  2A8A               	goto	l2011
  3757  0282                     u2440:
  3758                           	line	11
  3759                           	
  3760  0282                     l4055:	
  3761  0282  09F1               	comf	(___awdiv@divisor),f
  3762  0283  09F2               	comf	(___awdiv@divisor+1),f
  3763  0284  0AF1               	incf	(___awdiv@divisor),f
  3764  0285  1903               	skipnz
  3765  0286  0AF2               	incf	(___awdiv@divisor+1),f
  3766                           	line	12
  3767  0287  01F7               	clrf	(___awdiv@sign)
  3768  0288  1403               	bsf	status,0
  3769  0289  0DF7               	rlf	(___awdiv@sign),f
  3770                           	line	13
  3771                           	
  3772  028A                     l2011:	
  3773                           	line	14
  3774                           	
  3775  028A                     l4057:	
  3776  028A  1FF4               	btfss	(___awdiv@dividend+1),7
  3777  028B  2A8D               	goto	u2451
  3778  028C  2A8E               	goto	u2450
  3779  028D                     u2451:
  3780  028D  2A97               	goto	l2012
  3781  028E                     u2450:
  3782                           	line	15
  3783                           	
  3784  028E                     l4059:	
  3785  028E  09F3               	comf	(___awdiv@dividend),f
  3786  028F  09F4               	comf	(___awdiv@dividend+1),f
  3787  0290  0AF3               	incf	(___awdiv@dividend),f
  3788  0291  1903               	skipnz
  3789  0292  0AF4               	incf	(___awdiv@dividend+1),f
  3790                           	line	16
  3791                           	
  3792  0293                     l4061:	
  3793  0293  3001               	movlw	(01h)
  3794  0294  00F5               	movwf	(??___awdiv+0)+0
  3795  0295  0875               	movf	(??___awdiv+0)+0,w
  3796  0296  06F7               	xorwf	(___awdiv@sign),f
  3797                           	line	17
  3798                           	
  3799  0297                     l2012:	
  3800                           	line	18
  3801  0297  3000               	movlw	low(0)
  3802  0298  00F8               	movwf	(___awdiv@quotient)
  3803  0299  3000               	movlw	high(0)
  3804  029A  00F9               	movwf	((___awdiv@quotient))+1
  3805                           	line	19
  3806  029B  0872               	movf	(___awdiv@divisor+1),w
  3807  029C  0471               	iorwf	(___awdiv@divisor),w
  3808  029D  1903               	skipnz
  3809  029E  2AA0               	goto	u2461
  3810  029F  2AA1               	goto	u2460
  3811  02A0                     u2461:
  3812  02A0  2AD9               	goto	l2013
  3813  02A1                     u2460:
  3814                           	line	20
  3815                           	
  3816  02A1                     l4063:	
  3817  02A1  01F6               	clrf	(___awdiv@counter)
  3818  02A2  1403               	bsf	status,0
  3819  02A3  0DF6               	rlf	(___awdiv@counter),f
  3820                           	line	21
  3821  02A4  2AB0               	goto	l2014
  3822                           	
  3823  02A5                     l2015:	
  3824                           	line	22
  3825                           	
  3826  02A5                     l4065:	
  3827  02A5  3001               	movlw	01h
  3828                           	
  3829  02A6                     u2475:
  3830  02A6  1003               	clrc
  3831  02A7  0DF1               	rlf	(___awdiv@divisor),f
  3832  02A8  0DF2               	rlf	(___awdiv@divisor+1),f
  3833  02A9  3EFF               	addlw	-1
  3834  02AA  1D03               	skipz
  3835  02AB  2AA6               	goto	u2475
  3836                           	line	23
  3837                           	
  3838  02AC                     l4067:	
  3839  02AC  3001               	movlw	(01h)
  3840  02AD  00F5               	movwf	(??___awdiv+0)+0
  3841  02AE  0875               	movf	(??___awdiv+0)+0,w
  3842  02AF  07F6               	addwf	(___awdiv@counter),f
  3843                           	line	24
  3844                           	
  3845  02B0                     l2014:	
  3846                           	line	21
  3847                           	
  3848  02B0                     l4069:	
  3849  02B0  1FF2               	btfss	(___awdiv@divisor+1),(15)&7
  3850  02B1  2AB3               	goto	u2481
  3851  02B2  2AB4               	goto	u2480
  3852  02B3                     u2481:
  3853  02B3  2AA5               	goto	l2015
  3854  02B4                     u2480:
  3855                           	
  3856  02B4                     l2016:	
  3857                           	line	25
  3858                           	
  3859  02B4                     l2017:	
  3860                           	line	26
  3861                           	
  3862  02B4                     l4071:	
  3863  02B4  3001               	movlw	01h
  3864                           	
  3865  02B5                     u2495:
  3866  02B5  1003               	clrc
  3867  02B6  0DF8               	rlf	(___awdiv@quotient),f
  3868  02B7  0DF9               	rlf	(___awdiv@quotient+1),f
  3869  02B8  3EFF               	addlw	-1
  3870  02B9  1D03               	skipz
  3871  02BA  2AB5               	goto	u2495
  3872                           	line	27
  3873  02BB  0872               	movf	(___awdiv@divisor+1),w
  3874  02BC  0274               	subwf	(___awdiv@dividend+1),w
  3875  02BD  1D03               	skipz
  3876  02BE  2AC1               	goto	u2505
  3877  02BF  0871               	movf	(___awdiv@divisor),w
  3878  02C0  0273               	subwf	(___awdiv@dividend),w
  3879  02C1                     u2505:
  3880  02C1  1C03               	skipc
  3881  02C2  2AC4               	goto	u2501
  3882  02C3  2AC5               	goto	u2500
  3883  02C4                     u2501:
  3884  02C4  2ACC               	goto	l2018
  3885  02C5                     u2500:
  3886                           	line	28
  3887                           	
  3888  02C5                     l4073:	
  3889  02C5  0871               	movf	(___awdiv@divisor),w
  3890  02C6  02F3               	subwf	(___awdiv@dividend),f
  3891  02C7  0872               	movf	(___awdiv@divisor+1),w
  3892  02C8  1C03               	skipc
  3893  02C9  03F4               	decf	(___awdiv@dividend+1),f
  3894  02CA  02F4               	subwf	(___awdiv@dividend+1),f
  3895                           	line	29
  3896                           	
  3897  02CB                     l4075:	
  3898  02CB  1478               	bsf	(___awdiv@quotient)+(0/8),(0)&7
  3899                           	line	30
  3900                           	
  3901  02CC                     l2018:	
  3902                           	line	31
  3903                           	
  3904  02CC                     l4077:	
  3905  02CC  3001               	movlw	01h
  3906                           	
  3907  02CD                     u2515:
  3908  02CD  1003               	clrc
  3909  02CE  0CF2               	rrf	(___awdiv@divisor+1),f
  3910  02CF  0CF1               	rrf	(___awdiv@divisor),f
  3911  02D0  3EFF               	addlw	-1
  3912  02D1  1D03               	skipz
  3913  02D2  2ACD               	goto	u2515
  3914                           	line	32
  3915                           	
  3916  02D3                     l4079:	
  3917  02D3  3001               	movlw	low(01h)
  3918  02D4  02F6               	subwf	(___awdiv@counter),f
  3919  02D5  1D03               	btfss	status,2
  3920  02D6  2AD8               	goto	u2521
  3921  02D7  2AD9               	goto	u2520
  3922  02D8                     u2521:
  3923  02D8  2AB4               	goto	l2017
  3924  02D9                     u2520:
  3925                           	
  3926  02D9                     l2019:	
  3927                           	line	33
  3928                           	
  3929  02D9                     l2013:	
  3930                           	line	34
  3931                           	
  3932  02D9                     l4081:	
  3933  02D9  0877               	movf	(___awdiv@sign),w
  3934  02DA  1D03               	skipz
  3935  02DB  2ADD               	goto	u2530
  3936  02DC  2AE2               	goto	l2020
  3937  02DD                     u2530:
  3938                           	line	35
  3939                           	
  3940  02DD                     l4083:	
  3941  02DD  09F8               	comf	(___awdiv@quotient),f
  3942  02DE  09F9               	comf	(___awdiv@quotient+1),f
  3943  02DF  0AF8               	incf	(___awdiv@quotient),f
  3944  02E0  1903               	skipnz
  3945  02E1  0AF9               	incf	(___awdiv@quotient+1),f
  3946                           	
  3947  02E2                     l2020:	
  3948                           	line	36
  3949                           	
  3950  02E2                     l4085:	
  3951  02E2  0879               	movf	(___awdiv@quotient+1),w
  3952  02E3  01F2               	clrf	(?___awdiv+1)
  3953  02E4  07F2               	addwf	(?___awdiv+1)
  3954  02E5  0878               	movf	(___awdiv@quotient),w
  3955  02E6  01F1               	clrf	(?___awdiv)
  3956  02E7  07F1               	addwf	(?___awdiv)
  3957                           
  3958                           	
  3959  02E8                     l4087:	
  3960                           	line	37
  3961                           	
  3962  02E8                     l2021:	
  3963  02E8  0008               	return
  3964                           	opt stack 0
  3965                           GLOBAL	__end_of___awdiv
  3966  02E9                     	__end_of___awdiv:
  3967 ;; =============== function ___awdiv ends ============
  3968                           
  3969                           	signat	___awdiv,8314
  3970                           	global	___lwmod
  3971                           psect	text503,local,class=CODE,delta=2
  3972                           global __ptext503
  3973  0143                     __ptext503:
  3974                           
  3975 ;; *************** function ___lwmod *****************
  3976 ;; Defined at:
  3977 ;;		line 5 in file "C:\Program Files (x86)\HI-TECH Software\PICC\9.71a\sources\lwmod.c"
  3978 ;; Parameters:    Size  Location     Type
  3979 ;;  divisor         2    8[COMMON] unsigned int 
  3980 ;;  dividend        2   10[COMMON] unsigned int 
  3981 ;; Auto vars:     Size  Location     Type
  3982 ;;  counter         1    0[BANK0 ] unsigned char 
  3983 ;; Return value:  Size  Location     Type
  3984 ;;                  2    8[COMMON] unsigned int 
  3985 ;; Registers used:
  3986 ;;		wreg, status,2, status,0
  3987 ;; Tracked objects:
  3988 ;;		On entry : 0/0
  3989 ;;		On exit  : 0/0
  3990 ;;		Unchanged: 0/0
  3991 ;; Data sizes:     COMMON   BANK0   BANK1   BANK3   BANK2
  3992 ;;      Params:         4       0       0       0       0
  3993 ;;      Locals:         0       1       0       0       0
  3994 ;;      Temps:          1       0       0       0       0
  3995 ;;      Totals:         5       1       0       0       0
  3996 ;;Total ram usage:        6 bytes
  3997 ;; Hardware stack levels used:    1
  3998 ;; This function calls:
  3999 ;;		Nothing
  4000 ;; This function is called by:
  4001 ;;		_main
  4002 ;; This function uses a non-reentrant model
  4003 ;;
  4004                           psect	text503
  4005                           	file	"C:\Program Files (x86)\HI-TECH Software\PICC\9.71a\sources\lwmod.c"
  4006                           	line	5
  4007                           	global	__size_of___lwmod
  4008  003F                     	__size_of___lwmod	equ	__end_of___lwmod-___lwmod
  4009                           	
  4010  0143                     ___lwmod:	
  4011                           	opt	stack 7
  4012                           ; Regs used in ___lwmod: [wreg+status,2+status,0]
  4013                           	line	8
  4014                           	
  4015  0143                     l4029:	
  4016  0143  087A               	movf	(___lwmod@divisor+1),w
  4017  0144  0479               	iorwf	(___lwmod@divisor),w
  4018  0145  1903               	skipnz
  4019  0146  2948               	goto	u2381
  4020  0147  2949               	goto	u2380
  4021  0148                     u2381:
  4022  0148  297B               	goto	l1887
  4023  0149                     u2380:
  4024                           	line	9
  4025                           	
  4026  0149                     l4031:	
  4027  0149  1283               	bcf	status, 5	;RP0=0, select bank0
  4028  014A  1303               	bcf	status, 6	;RP1=0, select bank0
  4029  014B  01B2               	clrf	(___lwmod@counter)
  4030  014C  1403               	bsf	status,0
  4031  014D  0DB2               	rlf	(___lwmod@counter),f
  4032                           	line	10
  4033  014E  295A               	goto	l1888
  4034                           	
  4035  014F                     l1889:	
  4036                           	line	11
  4037                           	
  4038  014F                     l4033:	
  4039  014F  3001               	movlw	01h
  4040                           	
  4041  0150                     u2395:
  4042  0150  1003               	clrc
  4043  0151  0DF9               	rlf	(___lwmod@divisor),f
  4044  0152  0DFA               	rlf	(___lwmod@divisor+1),f
  4045  0153  3EFF               	addlw	-1
  4046  0154  1D03               	skipz
  4047  0155  2950               	goto	u2395
  4048                           	line	12
  4049                           	
  4050  0156                     l4035:	
  4051  0156  3001               	movlw	(01h)
  4052  0157  00FD               	movwf	(??___lwmod+0)+0
  4053  0158  087D               	movf	(??___lwmod+0)+0,w
  4054  0159  07B2               	addwf	(___lwmod@counter),f
  4055                           	line	13
  4056                           	
  4057  015A                     l1888:	
  4058                           	line	10
  4059                           	
  4060  015A                     l4037:	
  4061  015A  1FFA               	btfss	(___lwmod@divisor+1),(15)&7
  4062  015B  295D               	goto	u2401
  4063  015C  295E               	goto	u2400
  4064  015D                     u2401:
  4065  015D  294F               	goto	l1889
  4066  015E                     u2400:
  4067                           	
  4068  015E                     l1890:	
  4069                           	line	14
  4070                           	
  4071  015E                     l1891:	
  4072                           	line	15
  4073                           	
  4074  015E                     l4039:	
  4075  015E  087A               	movf	(___lwmod@divisor+1),w
  4076  015F  027C               	subwf	(___lwmod@dividend+1),w
  4077  0160  1D03               	skipz
  4078  0161  2964               	goto	u2415
  4079  0162  0879               	movf	(___lwmod@divisor),w
  4080  0163  027B               	subwf	(___lwmod@dividend),w
  4081  0164                     u2415:
  4082  0164  1C03               	skipc
  4083  0165  2967               	goto	u2411
  4084  0166  2968               	goto	u2410
  4085  0167                     u2411:
  4086  0167  296E               	goto	l1892
  4087  0168                     u2410:
  4088                           	line	16
  4089                           	
  4090  0168                     l4041:	
  4091  0168  0879               	movf	(___lwmod@divisor),w
  4092  0169  02FB               	subwf	(___lwmod@dividend),f
  4093  016A  087A               	movf	(___lwmod@divisor+1),w
  4094  016B  1C03               	skipc
  4095  016C  03FC               	decf	(___lwmod@dividend+1),f
  4096  016D  02FC               	subwf	(___lwmod@dividend+1),f
  4097                           	
  4098  016E                     l1892:	
  4099                           	line	17
  4100                           	
  4101  016E                     l4043:	
  4102  016E  3001               	movlw	01h
  4103                           	
  4104  016F                     u2425:
  4105  016F  1003               	clrc
  4106  0170  0CFA               	rrf	(___lwmod@divisor+1),f
  4107  0171  0CF9               	rrf	(___lwmod@divisor),f
  4108  0172  3EFF               	addlw	-1
  4109  0173  1D03               	skipz
  4110  0174  296F               	goto	u2425
  4111                           	line	18
  4112                           	
  4113  0175                     l4045:	
  4114  0175  3001               	movlw	low(01h)
  4115  0176  02B2               	subwf	(___lwmod@counter),f
  4116  0177  1D03               	btfss	status,2
  4117  0178  297A               	goto	u2431
  4118  0179  297B               	goto	u2430
  4119  017A                     u2431:
  4120  017A  295E               	goto	l1891
  4121  017B                     u2430:
  4122                           	
  4123  017B                     l1893:	
  4124                           	line	19
  4125                           	
  4126  017B                     l1887:	
  4127                           	line	20
  4128                           	
  4129  017B                     l4047:	
  4130  017B  087C               	movf	(___lwmod@dividend+1),w
  4131  017C  01FA               	clrf	(?___lwmod+1)
  4132  017D  07FA               	addwf	(?___lwmod+1)
  4133  017E  087B               	movf	(___lwmod@dividend),w
  4134  017F  01F9               	clrf	(?___lwmod)
  4135  0180  07F9               	addwf	(?___lwmod)
  4136                           
  4137                           	
  4138  0181                     l4049:	
  4139                           	line	21
  4140                           	
  4141  0181                     l1894:	
  4142  0181  0008               	return
  4143                           	opt stack 0
  4144                           GLOBAL	__end_of___lwmod
  4145  0182                     	__end_of___lwmod:
  4146 ;; =============== function ___lwmod ends ============
  4147                           
  4148                           	signat	___lwmod,8314
  4149                           	global	___lwdiv
  4150                           psect	text504,local,class=CODE,delta=2
  4151                           global __ptext504
  4152  0182                     __ptext504:
  4153                           
  4154 ;; *************** function ___lwdiv *****************
  4155 ;; Defined at:
  4156 ;;		line 5 in file "C:\Program Files (x86)\HI-TECH Software\PICC\9.71a\sources\lwdiv.c"
  4157 ;; Parameters:    Size  Location     Type
  4158 ;;  divisor         2    0[COMMON] unsigned int 
  4159 ;;  dividend        2    2[COMMON] unsigned int 
  4160 ;; Auto vars:     Size  Location     Type
  4161 ;;  quotient        2    5[COMMON] unsigned int 
  4162 ;;  counter         1    7[COMMON] unsigned char 
  4163 ;; Return value:  Size  Location     Type
  4164 ;;                  2    0[COMMON] unsigned int 
  4165 ;; Registers used:
  4166 ;;		wreg, status,2, status,0
  4167 ;; Tracked objects:
  4168 ;;		On entry : 0/0
  4169 ;;		On exit  : 0/0
  4170 ;;		Unchanged: 0/0
  4171 ;; Data sizes:     COMMON   BANK0   BANK1   BANK3   BANK2
  4172 ;;      Params:         4       0       0       0       0
  4173 ;;      Locals:         3       0       0       0       0
  4174 ;;      Temps:          1       0       0       0       0
  4175 ;;      Totals:         8       0       0       0       0
  4176 ;;Total ram usage:        8 bytes
  4177 ;; Hardware stack levels used:    1
  4178 ;; This function calls:
  4179 ;;		Nothing
  4180 ;; This function is called by:
  4181 ;;		_main
  4182 ;; This function uses a non-reentrant model
  4183 ;;
  4184                           psect	text504
  4185                           	file	"C:\Program Files (x86)\HI-TECH Software\PICC\9.71a\sources\lwdiv.c"
  4186                           	line	5
  4187                           	global	__size_of___lwdiv
  4188  0049                     	__size_of___lwdiv	equ	__end_of___lwdiv-___lwdiv
  4189                           	
  4190  0182                     ___lwdiv:	
  4191                           	opt	stack 7
  4192                           ; Regs used in ___lwdiv: [wreg+status,2+status,0]
  4193                           	line	9
  4194                           	
  4195  0182                     l4005:	
  4196  0182  3000               	movlw	low(0)
  4197  0183  00F6               	movwf	(___lwdiv@quotient)
  4198  0184  3000               	movlw	high(0)
  4199  0185  00F7               	movwf	((___lwdiv@quotient))+1
  4200                           	line	10
  4201  0186  0872               	movf	(___lwdiv@divisor+1),w
  4202  0187  0471               	iorwf	(___lwdiv@divisor),w
  4203  0188  1903               	skipnz
  4204  0189  298B               	goto	u2311
  4205  018A  298C               	goto	u2310
  4206  018B                     u2311:
  4207  018B  29C4               	goto	l1877
  4208  018C                     u2310:
  4209                           	line	11
  4210                           	
  4211  018C                     l4007:	
  4212  018C  01F8               	clrf	(___lwdiv@counter)
  4213  018D  1403               	bsf	status,0
  4214  018E  0DF8               	rlf	(___lwdiv@counter),f
  4215                           	line	12
  4216  018F  299B               	goto	l1878
  4217                           	
  4218  0190                     l1879:	
  4219                           	line	13
  4220                           	
  4221  0190                     l4009:	
  4222  0190  3001               	movlw	01h
  4223                           	
  4224  0191                     u2325:
  4225  0191  1003               	clrc
  4226  0192  0DF1               	rlf	(___lwdiv@divisor),f
  4227  0193  0DF2               	rlf	(___lwdiv@divisor+1),f
  4228  0194  3EFF               	addlw	-1
  4229  0195  1D03               	skipz
  4230  0196  2991               	goto	u2325
  4231                           	line	14
  4232                           	
  4233  0197                     l4011:	
  4234  0197  3001               	movlw	(01h)
  4235  0198  00F5               	movwf	(??___lwdiv+0)+0
  4236  0199  0875               	movf	(??___lwdiv+0)+0,w
  4237  019A  07F8               	addwf	(___lwdiv@counter),f
  4238                           	line	15
  4239                           	
  4240  019B                     l1878:	
  4241                           	line	12
  4242                           	
  4243  019B                     l4013:	
  4244  019B  1FF2               	btfss	(___lwdiv@divisor+1),(15)&7
  4245  019C  299E               	goto	u2331
  4246  019D  299F               	goto	u2330
  4247  019E                     u2331:
  4248  019E  2990               	goto	l1879
  4249  019F                     u2330:
  4250                           	
  4251  019F                     l1880:	
  4252                           	line	16
  4253                           	
  4254  019F                     l1881:	
  4255                           	line	17
  4256                           	
  4257  019F                     l4015:	
  4258  019F  3001               	movlw	01h
  4259                           	
  4260  01A0                     u2345:
  4261  01A0  1003               	clrc
  4262  01A1  0DF6               	rlf	(___lwdiv@quotient),f
  4263  01A2  0DF7               	rlf	(___lwdiv@quotient+1),f
  4264  01A3  3EFF               	addlw	-1
  4265  01A4  1D03               	skipz
  4266  01A5  29A0               	goto	u2345
  4267                           	line	18
  4268  01A6  0872               	movf	(___lwdiv@divisor+1),w
  4269  01A7  0274               	subwf	(___lwdiv@dividend+1),w
  4270  01A8  1D03               	skipz
  4271  01A9  29AC               	goto	u2355
  4272  01AA  0871               	movf	(___lwdiv@divisor),w
  4273  01AB  0273               	subwf	(___lwdiv@dividend),w
  4274  01AC                     u2355:
  4275  01AC  1C03               	skipc
  4276  01AD  29AF               	goto	u2351
  4277  01AE  29B0               	goto	u2350
  4278  01AF                     u2351:
  4279  01AF  29B7               	goto	l1882
  4280  01B0                     u2350:
  4281                           	line	19
  4282                           	
  4283  01B0                     l4017:	
  4284  01B0  0871               	movf	(___lwdiv@divisor),w
  4285  01B1  02F3               	subwf	(___lwdiv@dividend),f
  4286  01B2  0872               	movf	(___lwdiv@divisor+1),w
  4287  01B3  1C03               	skipc
  4288  01B4  03F4               	decf	(___lwdiv@dividend+1),f
  4289  01B5  02F4               	subwf	(___lwdiv@dividend+1),f
  4290                           	line	20
  4291                           	
  4292  01B6                     l4019:	
  4293  01B6  1476               	bsf	(___lwdiv@quotient)+(0/8),(0)&7
  4294                           	line	21
  4295                           	
  4296  01B7                     l1882:	
  4297                           	line	22
  4298                           	
  4299  01B7                     l4021:	
  4300  01B7  3001               	movlw	01h
  4301                           	
  4302  01B8                     u2365:
  4303  01B8  1003               	clrc
  4304  01B9  0CF2               	rrf	(___lwdiv@divisor+1),f
  4305  01BA  0CF1               	rrf	(___lwdiv@divisor),f
  4306  01BB  3EFF               	addlw	-1
  4307  01BC  1D03               	skipz
  4308  01BD  29B8               	goto	u2365
  4309                           	line	23
  4310                           	
  4311  01BE                     l4023:	
  4312  01BE  3001               	movlw	low(01h)
  4313  01BF  02F8               	subwf	(___lwdiv@counter),f
  4314  01C0  1D03               	btfss	status,2
  4315  01C1  29C3               	goto	u2371
  4316  01C2  29C4               	goto	u2370
  4317  01C3                     u2371:
  4318  01C3  299F               	goto	l1881
  4319  01C4                     u2370:
  4320                           	
  4321  01C4                     l1883:	
  4322                           	line	24
  4323                           	
  4324  01C4                     l1877:	
  4325                           	line	25
  4326                           	
  4327  01C4                     l4025:	
  4328  01C4  0877               	movf	(___lwdiv@quotient+1),w
  4329  01C5  01F2               	clrf	(?___lwdiv+1)
  4330  01C6  07F2               	addwf	(?___lwdiv+1)
  4331  01C7  0876               	movf	(___lwdiv@quotient),w
  4332  01C8  01F1               	clrf	(?___lwdiv)
  4333  01C9  07F1               	addwf	(?___lwdiv)
  4334                           
  4335                           	
  4336  01CA                     l4027:	
  4337                           	line	26
  4338                           	
  4339  01CA                     l1884:	
  4340  01CA  0008               	return
  4341                           	opt stack 0
  4342                           GLOBAL	__end_of___lwdiv
  4343  01CB                     	__end_of___lwdiv:
  4344 ;; =============== function ___lwdiv ends ============
  4345                           
  4346                           	signat	___lwdiv,8314
  4347                           	global	_recoit_car
  4348                           psect	text505,local,class=CODE,delta=2
  4349                           global __ptext505
  4350  0FCC                     __ptext505:
  4351                           
  4352 ;; *************** function _recoit_car *****************
  4353 ;; Defined at:
  4354 ;;		line 97 in file "D:\MICROCONTREU\projet_gps\projet_1__everything_string\functions .c"
  4355 ;; Parameters:    Size  Location     Type
  4356 ;;		None
  4357 ;; Auto vars:     Size  Location     Type
  4358 ;;		None
  4359 ;; Return value:  Size  Location     Type
  4360 ;;                  1    wreg      unsigned char 
  4361 ;; Registers used:
  4362 ;;		wreg
  4363 ;; Tracked objects:
  4364 ;;		On entry : 0/0
  4365 ;;		On exit  : 0/0
  4366 ;;		Unchanged: 0/0
  4367 ;; Data sizes:     COMMON   BANK0   BANK1   BANK3   BANK2
  4368 ;;      Params:         0       0       0       0       0
  4369 ;;      Locals:         0       0       0       0       0
  4370 ;;      Temps:          0       0       0       0       0
  4371 ;;      Totals:         0       0       0       0       0
  4372 ;;Total ram usage:        0 bytes
  4373 ;; Hardware stack levels used:    1
  4374 ;; This function calls:
  4375 ;;		Nothing
  4376 ;; This function is called by:
  4377 ;;		_request_gps
  4378 ;; This function uses a non-reentrant model
  4379 ;;
  4380                           psect	text505
  4381                           	file	"D:\MICROCONTREU\projet_gps\projet_1__everything_string\functions .c"
  4382                           	line	97
  4383                           	global	__size_of_recoit_car
  4384  000A                     	__size_of_recoit_car	equ	__end_of_recoit_car-_recoit_car
  4385                           	
  4386  0FCC                     _recoit_car:	
  4387                           	opt	stack 6
  4388                           ; Regs used in _recoit_car: [wreg]
  4389                           	line	98
  4390                           	
  4391  0FCC                     l3999:	
  4392                           ;functions .c: 98: RC4=1;
  4393  0FCC  1283               	bcf	status, 5	;RP0=0, select bank0
  4394  0FCD  1303               	bcf	status, 6	;RP1=0, select bank0
  4395  0FCE  1607               	bsf	(60/8),(60)&7
  4396                           	line	99
  4397                           ;functions .c: 99: while (RCIF != 1);
  4398  0FCF  2FD0               	goto	l1846
  4399                           	
  4400  0FD0                     l1847:	
  4401                           	
  4402  0FD0                     l1846:	
  4403  0FD0  1E8C               	btfss	(101/8),(101)&7
  4404  0FD1  2FD3               	goto	u2301
  4405  0FD2  2FD4               	goto	u2300
  4406  0FD3                     u2301:
  4407  0FD3  2FD0               	goto	l1847
  4408  0FD4                     u2300:
  4409                           	
  4410  0FD4                     l1848:	
  4411                           	line	100
  4412                           	
  4413  0FD4                     l4001:	
  4414                           ;functions .c: 100: return RCREG;
  4415  0FD4  081A               	movf	(26),w	;volatile
  4416                           	
  4417  0FD5                     l4003:	
  4418                           	line	102
  4419                           	
  4420  0FD5                     l1849:	
  4421  0FD5  0008               	return
  4422                           	opt stack 0
  4423                           GLOBAL	__end_of_recoit_car
  4424  0FD6                     	__end_of_recoit_car:
  4425 ;; =============== function _recoit_car ends ============
  4426                           
  4427                           	signat	_recoit_car,89
  4428                           	global	_emet_car
  4429                           psect	text506,local,class=CODE,delta=2
  4430                           global __ptext506
  4431  0FD6                     __ptext506:
  4432                           
  4433 ;; *************** function _emet_car *****************
  4434 ;; Defined at:
  4435 ;;		line 76 in file "D:\MICROCONTREU\projet_gps\projet_1__everything_string\functions .c"
  4436 ;; Parameters:    Size  Location     Type
  4437 ;;  car             1    wreg     unsigned char 
  4438 ;; Auto vars:     Size  Location     Type
  4439 ;;  car             1    0[COMMON] unsigned char 
  4440 ;; Return value:  Size  Location     Type
  4441 ;;		None               void
  4442 ;; Registers used:
  4443 ;;		wreg
  4444 ;; Tracked objects:
  4445 ;;		On entry : 0/0
  4446 ;;		On exit  : 0/0
  4447 ;;		Unchanged: 0/0
  4448 ;; Data sizes:     COMMON   BANK0   BANK1   BANK3   BANK2
  4449 ;;      Params:         0       0       0       0       0
  4450 ;;      Locals:         1       0       0       0       0
  4451 ;;      Temps:          0       0       0       0       0
  4452 ;;      Totals:         1       0       0       0       0
  4453 ;;Total ram usage:        1 bytes
  4454 ;; Hardware stack levels used:    1
  4455 ;; This function calls:
  4456 ;;		Nothing
  4457 ;; This function is called by:
  4458 ;;		_emet_string
  4459 ;;		_request_gps
  4460 ;; This function uses a non-reentrant model
  4461 ;;
  4462                           psect	text506
  4463                           	file	"D:\MICROCONTREU\projet_gps\projet_1__everything_string\functions .c"
  4464                           	line	76
  4465                           	global	__size_of_emet_car
  4466  000C                     	__size_of_emet_car	equ	__end_of_emet_car-_emet_car
  4467                           	
  4468  0FD6                     _emet_car:	
  4469                           	opt	stack 6
  4470                           ; Regs used in _emet_car: [wreg]
  4471                           ;emet_car@car stored from wreg
  4472  0FD6  00F1               	movwf	(emet_car@car)
  4473                           	line	77
  4474                           	
  4475  0FD7                     l3995:	
  4476                           ;functions .c: 77: RC4=0;
  4477  0FD7  1283               	bcf	status, 5	;RP0=0, select bank0
  4478  0FD8  1303               	bcf	status, 6	;RP1=0, select bank0
  4479  0FD9  1207               	bcf	(60/8),(60)&7
  4480                           	line	78
  4481                           ;functions .c: 78: while(TXIF !=1 );
  4482  0FDA  2FDB               	goto	l1834
  4483                           	
  4484  0FDB                     l1835:	
  4485                           	
  4486  0FDB                     l1834:	
  4487  0FDB  1E0C               	btfss	(100/8),(100)&7
  4488  0FDC  2FDE               	goto	u2291
  4489  0FDD  2FDF               	goto	u2290
  4490  0FDE                     u2291:
  4491  0FDE  2FDB               	goto	l1835
  4492  0FDF                     u2290:
  4493                           	
  4494  0FDF                     l1836:	
  4495                           	line	79
  4496                           	
  4497  0FDF                     l3997:	
  4498                           ;functions .c: 79: TXREG = car;
  4499  0FDF  0871               	movf	(emet_car@car),w
  4500  0FE0  0099               	movwf	(25)	;volatile
  4501                           	line	80
  4502                           	
  4503  0FE1                     l1837:	
  4504  0FE1  0008               	return
  4505                           	opt stack 0
  4506                           GLOBAL	__end_of_emet_car
  4507  0FE2                     	__end_of_emet_car:
  4508 ;; =============== function _emet_car ends ============
  4509                           
  4510                           	signat	_emet_car,4216
  4511                           	global	_tempo_1_ms
  4512                           psect	text507,local,class=CODE,delta=2
  4513                           global __ptext507
  4514  0F9F                     __ptext507:
  4515                           
  4516 ;; *************** function _tempo_1_ms *****************
  4517 ;; Defined at:
  4518 ;;		line 12 in file "D:\MICROCONTREU\projet_gps\projet_1__everything_string\lcdbt.c"
  4519 ;; Parameters:    Size  Location     Type
  4520 ;;		None
  4521 ;; Auto vars:     Size  Location     Type
  4522 ;;		None
  4523 ;; Return value:  Size  Location     Type
  4524 ;;		None               void
  4525 ;; Registers used:
  4526 ;;		None
  4527 ;; Tracked objects:
  4528 ;;		On entry : 0/0
  4529 ;;		On exit  : 0/0
  4530 ;;		Unchanged: 0/0
  4531 ;; Data sizes:     COMMON   BANK0   BANK1   BANK3   BANK2
  4532 ;;      Params:         0       0       0       0       0
  4533 ;;      Locals:         0       0       0       0       0
  4534 ;;      Temps:          0       0       0       0       0
  4535 ;;      Totals:         0       0       0       0       0
  4536 ;;Total ram usage:        0 bytes
  4537 ;; Hardware stack levels used:    1
  4538 ;; This function calls:
  4539 ;;		Nothing
  4540 ;; This function is called by:
  4541 ;;		_tempo_N_ms
  4542 ;; This function uses a non-reentrant model
  4543 ;;
  4544                           psect	text507
  4545                           	file	"D:\MICROCONTREU\projet_gps\projet_1__everything_string\lcdbt.c"
  4546                           	line	12
  4547                           	global	__size_of_tempo_1_ms
  4548  0007                     	__size_of_tempo_1_ms	equ	__end_of_tempo_1_ms-_tempo_1_ms
  4549                           	
  4550  0F9F                     _tempo_1_ms:	
  4551                           	opt	stack 2
  4552                           ; Regs used in _tempo_1_ms: []
  4553                           	
  4554  0F9F                     l3979:	
  4555  0F9F  2FA0               	goto	l1175
  4556                           	
  4557  0FA0                     l1176:	
  4558                           	
  4559  0FA0                     l1175:	
  4560  0FA0  1D0B               	btfss	(90/8),(90)&7
  4561  0FA1  2FA3               	goto	u2271
  4562  0FA2  2FA4               	goto	u2270
  4563  0FA3                     u2271:
  4564  0FA3  2FA0               	goto	l1176
  4565  0FA4                     u2270:
  4566                           	
  4567  0FA4                     l1177:	
  4568                           	line	13
  4569                           ;lcdbt.c: 13: T0IF=0;
  4570  0FA4  110B               	bcf	(90/8),(90)&7
  4571                           	line	14
  4572                           	
  4573  0FA5                     l1178:	
  4574  0FA5  0008               	return
  4575                           	opt stack 0
  4576                           GLOBAL	__end_of_tempo_1_ms
  4577  0FA6                     	__end_of_tempo_1_ms:
  4578 ;; =============== function _tempo_1_ms ends ============
  4579                           
  4580                           	signat	_tempo_1_ms,88
  4581                           	global	_init_liaison_serie
  4582                           psect	text508,local,class=CODE,delta=2
  4583                           global __ptext508
  4584  0038                     __ptext508:
  4585                           
  4586 ;; *************** function _init_liaison_serie *****************
  4587 ;; Defined at:
  4588 ;;		line 47 in file "D:\MICROCONTREU\projet_gps\projet_1__everything_string\functions .c"
  4589 ;; Parameters:    Size  Location     Type
  4590 ;;		None
  4591 ;; Auto vars:     Size  Location     Type
  4592 ;;		None
  4593 ;; Return value:  Size  Location     Type
  4594 ;;		None               void
  4595 ;; Registers used:
  4596 ;;		wreg
  4597 ;; Tracked objects:
  4598 ;;		On entry : 0/0
  4599 ;;		On exit  : 0/0
  4600 ;;		Unchanged: 0/0
  4601 ;; Data sizes:     COMMON   BANK0   BANK1   BANK3   BANK2
  4602 ;;      Params:         0       0       0       0       0
  4603 ;;      Locals:         0       0       0       0       0
  4604 ;;      Temps:          0       0       0       0       0
  4605 ;;      Totals:         0       0       0       0       0
  4606 ;;Total ram usage:        0 bytes
  4607 ;; Hardware stack levels used:    1
  4608 ;; This function calls:
  4609 ;;		Nothing
  4610 ;; This function is called by:
  4611 ;;		_main
  4612 ;; This function uses a non-reentrant model
  4613 ;;
  4614                           psect	text508
  4615                           	file	"D:\MICROCONTREU\projet_gps\projet_1__everything_string\functions .c"
  4616                           	line	47
  4617                           	global	__size_of_init_liaison_serie
  4618  001F                     	__size_of_init_liaison_serie	equ	__end_of_init_liaison_serie-_init_liaison_serie
  4619                           	
  4620  0038                     _init_liaison_serie:	
  4621                           	opt	stack 7
  4622                           ; Regs used in _init_liaison_serie: [wreg]
  4623                           	line	49
  4624                           	
  4625  0038                     l3953:	
  4626                           ;functions .c: 49: BRGH = 1;
  4627  0038  1683               	bsf	status, 5	;RP0=1, select bank1
  4628  0039  1303               	bcf	status, 6	;RP1=0, select bank1
  4629  003A  1518               	bsf	(1218/8)^080h,(1218)&7
  4630                           	line	50
  4631                           	
  4632  003B                     l3955:	
  4633                           ;functions .c: 50: SPBRG = 51;
  4634  003B  3033               	movlw	(033h)
  4635  003C  0099               	movwf	(153)^080h	;volatile
  4636                           	line	53
  4637                           	
  4638  003D                     l3957:	
  4639                           ;functions .c: 53: SYNC = 0;
  4640  003D  1218               	bcf	(1220/8)^080h,(1220)&7
  4641                           	line	54
  4642                           	
  4643  003E                     l3959:	
  4644                           ;functions .c: 54: SPEN = 1;
  4645  003E  1283               	bcf	status, 5	;RP0=0, select bank0
  4646  003F  1303               	bcf	status, 6	;RP1=0, select bank0
  4647  0040  1798               	bsf	(199/8),(199)&7
  4648                           	line	56
  4649                           	
  4650  0041                     l3961:	
  4651                           ;functions .c: 56: TRISC6 = 1;
  4652  0041  1683               	bsf	status, 5	;RP0=1, select bank1
  4653  0042  1303               	bcf	status, 6	;RP1=0, select bank1
  4654  0043  1707               	bsf	(1086/8)^080h,(1086)&7
  4655                           	line	57
  4656                           	
  4657  0044                     l3963:	
  4658                           ;functions .c: 57: TRISC7 = 1;
  4659  0044  1787               	bsf	(1087/8)^080h,(1087)&7
  4660                           	line	60
  4661                           	
  4662  0045                     l3965:	
  4663                           ;functions .c: 60: TXIE = 0;
  4664  0045  120C               	bcf	(1124/8)^080h,(1124)&7
  4665                           	line	61
  4666                           	
  4667  0046                     l3967:	
  4668                           ;functions .c: 61: RCIE = 0;
  4669  0046  128C               	bcf	(1125/8)^080h,(1125)&7
  4670                           	line	62
  4671                           	
  4672  0047                     l3969:	
  4673                           ;functions .c: 62: ADDEN = 0;
  4674  0047  1283               	bcf	status, 5	;RP0=0, select bank0
  4675  0048  1303               	bcf	status, 6	;RP1=0, select bank0
  4676  0049  1198               	bcf	(195/8),(195)&7
  4677                           	line	65
  4678                           	
  4679  004A                     l3971:	
  4680                           ;functions .c: 65: TX9 = 0;
  4681  004A  1683               	bsf	status, 5	;RP0=1, select bank1
  4682  004B  1303               	bcf	status, 6	;RP1=0, select bank1
  4683  004C  1318               	bcf	(1222/8)^080h,(1222)&7
  4684                           	line	66
  4685                           	
  4686  004D                     l3973:	
  4687                           ;functions .c: 66: RX9 = 0;
  4688  004D  1283               	bcf	status, 5	;RP0=0, select bank0
  4689  004E  1303               	bcf	status, 6	;RP1=0, select bank0
  4690  004F  1318               	bcf	(198/8),(198)&7
  4691                           	line	69
  4692                           	
  4693  0050                     l3975:	
  4694                           ;functions .c: 69: TXEN = 1;
  4695  0050  1683               	bsf	status, 5	;RP0=1, select bank1
  4696  0051  1303               	bcf	status, 6	;RP1=0, select bank1
  4697  0052  1698               	bsf	(1221/8)^080h,(1221)&7
  4698                           	line	70
  4699                           	
  4700  0053                     l3977:	
  4701                           ;functions .c: 70: CREN = 1;
  4702  0053  1283               	bcf	status, 5	;RP0=0, select bank0
  4703  0054  1303               	bcf	status, 6	;RP1=0, select bank0
  4704  0055  1618               	bsf	(196/8),(196)&7
  4705                           	line	72
  4706                           	
  4707  0056                     l1831:	
  4708  0056  0008               	return
  4709                           	opt stack 0
  4710                           GLOBAL	__end_of_init_liaison_serie
  4711  0057                     	__end_of_init_liaison_serie:
  4712 ;; =============== function _init_liaison_serie ends ============
  4713                           
  4714                           	signat	_init_liaison_serie,88
  4715                           	global	_init_PORTD
  4716                           psect	text509,local,class=CODE,delta=2
  4717                           global __ptext509
  4718  0F98                     __ptext509:
  4719                           
  4720 ;; *************** function _init_PORTD *****************
  4721 ;; Defined at:
  4722 ;;		line 36 in file "D:\MICROCONTREU\projet_gps\projet_1__everything_string\lcdbt.c"
  4723 ;; Parameters:    Size  Location     Type
  4724 ;;		None
  4725 ;; Auto vars:     Size  Location     Type
  4726 ;;		None
  4727 ;; Return value:  Size  Location     Type
  4728 ;;		None               void
  4729 ;; Registers used:
  4730 ;;		None
  4731 ;; Tracked objects:
  4732 ;;		On entry : 0/0
  4733 ;;		On exit  : 0/0
  4734 ;;		Unchanged: 0/0
  4735 ;; Data sizes:     COMMON   BANK0   BANK1   BANK3   BANK2
  4736 ;;      Params:         0       0       0       0       0
  4737 ;;      Locals:         0       0       0       0       0
  4738 ;;      Temps:          0       0       0       0       0
  4739 ;;      Totals:         0       0       0       0       0
  4740 ;;Total ram usage:        0 bytes
  4741 ;; Hardware stack levels used:    1
  4742 ;; This function calls:
  4743 ;;		Nothing
  4744 ;; This function is called by:
  4745 ;;		_main
  4746 ;;		_allume_LCD
  4747 ;; This function uses a non-reentrant model
  4748 ;;
  4749                           psect	text509
  4750                           	file	"D:\MICROCONTREU\projet_gps\projet_1__everything_string\lcdbt.c"
  4751                           	line	36
  4752                           	global	__size_of_init_PORTD
  4753  0007                     	__size_of_init_PORTD	equ	__end_of_init_PORTD-_init_PORTD
  4754                           	
  4755  0F98                     _init_PORTD:	
  4756                           	opt	stack 6
  4757                           ; Regs used in _init_PORTD: []
  4758                           	line	39
  4759                           	
  4760  0F98                     l3951:	
  4761                           ;lcdbt.c: 39: TRISD4=0;
  4762  0F98  1683               	bsf	status, 5	;RP0=1, select bank1
  4763  0F99  1303               	bcf	status, 6	;RP1=0, select bank1
  4764  0F9A  1208               	bcf	(1092/8)^080h,(1092)&7
  4765                           	line	40
  4766                           ;lcdbt.c: 40: TRISD5=0;
  4767  0F9B  1288               	bcf	(1093/8)^080h,(1093)&7
  4768                           	line	41
  4769                           ;lcdbt.c: 41: TRISD6=0;
  4770  0F9C  1308               	bcf	(1094/8)^080h,(1094)&7
  4771                           	line	42
  4772                           ;lcdbt.c: 42: TRISD7=1;
  4773  0F9D  1788               	bsf	(1095/8)^080h,(1095)&7
  4774                           	line	44
  4775                           	
  4776  0F9E                     l1187:	
  4777  0F9E  0008               	return
  4778                           	opt stack 0
  4779                           GLOBAL	__end_of_init_PORTD
  4780  0F9F                     	__end_of_init_PORTD:
  4781 ;; =============== function _init_PORTD ends ============
  4782                           
  4783                           	signat	_init_PORTD,88
  4784                           psect	text510,local,class=CODE,delta=2
  4785                           global __ptext510
  4786  0000                     __ptext510:
  4787                           	global	btemp
  4788  007E                     	btemp set 07Eh
  4789                           
  4790                           	DABS	1,126,2	;btemp
  4791                           	global	wtemp0
  4792  007E                     	wtemp0 set btemp


HI-TECH Software PICC Macro Assembler V9.71a build 6446 
Symbol Table                                                                                   Fri Jun 14 09:35:14 2024

                               pc 0002                      ?_emet_string 0071                      ___awdiv@sign 0077  
                              fsr 0004                       emet_car@car 0071                               l613 03F1  
                             l614 07FC                               l615 07FD                               l616 07FD  
                             _RC4 003C                               _RC5 003D                               _RD4 0044  
                             _RD5 0045                               _RD6 0046                               _RD7 0047  
                             _RX9 00C6                               _TX9 04C6                               _car 0026  
                             _day 0028                               _dir 002A                               fsr0 0004  
                             indf 0000                      ___awmod@sign 0077                              l1202 0094  
                            l2011 028A                              l1211 00FC                              l2020 02E2  
                            l2012 0297                              l1212 00E7                              l1220 0FBA  
                            l2021 02E8                              l2013 02D9                              l1205 0218  
                            l1213 0109                              l2014 02B0                              l1214 0109  
                            l2015 02A5                              l2016 02B4                              l1208 00B5  
                            l1240 0FAC                              l2017 02B4                              l1217 0FB3  
                            l2018 02CC                              l2019 02D9                              l1181 00D0  
                            l1190 0FCB                              l1182 00C5                              l1175 0FA0  
                            l1183 00DE                              l1176 0FA0                              l2080 0233  
                            l1184 00DE                              l1177 0FA4                              l4001 0FD4  
                            l2081 0269                              l1193 0142                              l1178 0FA5  
                            l2082 0248                              l1187 0F9E                              l4003 0FD5  
                            l4011 0197                              l2083 023D                              l2084 024C  
                            l1196 0FE3                              l4021 01B7                              l4013 019B  
                            l4005 0182                              l2085 024C                              l4101 0239  
                            l1197 0FE3                              l2086 025C                              l1198 0FED  
                            l4023 01BE                              l4015 019F                              l4007 018C  
                            l4031 0149                              l2087 0269                              l4111 0256  
                            l4103 023D                              l2079 022A                              l1199 0FED  
                            l2088 0272                              l4025 01C4                              l4017 01B0  
                            l4009 0190                              l4041 0168                              l4033 014F  
                            l2089 0278                              l4121 0272                              l4113 025C  
                            l4105 0244                              l4201 0132                              l4027 01CA  
                            l4019 01B6                              l4043 016E                              l4035 0156  
                            l4051 0279                              l4123 0278                              l4115 0263  
                            l4107 0248                              l4131 00BB                              l4211 0141  
                            l4203 0136                              l4045 0175                              l4037 015A  
                            l4029 0143                              l4061 0293                              l4053 027E  
                            l4117 0269                              l4109 024C                              l4125 0FC3  
                            l4141 00D0                              l4133 00BF                              l4213 0142  
                            l4205 013C                              l4221 009B                              l4301 00F4  
                            l1831 0056                              l4047 017B                              l4039 015E  
                            l4071 02B4                              l4063 02A1                              l4055 0282  
                            l4119 026D                              l4127 0FC8                              l4135 00C0  
                            l4143 0058                              l4151 0FEE                              l4207 013D  
                            l4215 0FE2                              l4231 00B4                              l4223 009F  
                            l4303 00FC                              l4311 03E7                              l1840 0069  
                            l4049 0181                              l4081 02D9                              l4073 02C5  
                            l4065 02A5                              l4057 028A                              l4137 00C5  
                            l4129 00B6                              l4145 0059                              l1841 0059  
                            l4153 0FF6                              l4161 02FF                              l4209 013E  
                            l4217 0FE3                              l4225 00AC                              l4241 008C  
                            l4233 0077                              l4305 0FB4                              l4401 0696  
                            l4321 0401                              l4313 03EC                              l1834 0FDB  
                            l1842 0075                              l1835 0FDB                              l4083 02DD  
                            l4075 02CB                              l4067 02AC                              l4059 028E  
                            l4091 021E                              l4139 00CA                              l1843 0075  
                            l4147 0065                              l4171 0379                              l4163 0303  
                            l4155 02EA                              l4227 00AD                              l4219 0096  
                            l4243 008D                              l4235 007C                              l4251 01CB  
                            l4411 06CA                              l4403 06AE                              l4331 043B  
                            l4323 040A                              l4315 03F1                              l4307 03D8  
                            l1836 0FDF                              l1852 0FFF                              l1860 0384  
                            l1837 0FE1                              l4085 02E2                              l4077 02CC  
                            l4069 02B0                              l4093 0222                              l4149 0069  
                            l4181 03C9                              l1861 03C7                              l4173 0384  
                            l4165 0322                              l4157 02F0                              l4229 00AF  
                            l4245 008E                              l4237 007F                              l4261 01DC  
                            l4253 01D4                              l4421 0711                              l4413 06D0  
                            l4405 06B4                              l4341 0492                              l4333 0454  
                            l4325 0410                              l4317 03F6                              l4309 03E2  
                            l1846 0FD0                              l1862 03D7                              l1847 0FD0  
                            l4087 02E8                              l4079 02D3                              l4095 022A  
                            l4175 03A8                              l4167 0341                              l1855 03C9  
                            l4159 02F6                              l4191 011B                              l4183 010A  
                            l4247 0092                              l4239 0080                              l4271 01EB  
                            l4263 01DD                              l4255 01D7                              l4431 0776  
                            l4423 0717                              l4415 06D9                              l4407 06BC  
                            l4351 04D8                              l4343 04AB                              l4335 045A  
                            l4327 0419                              l4319 03FB                              l1848 0FD4  
                            l1880 019F                              l1856 0303                              l1849 0FD5  
                            l1881 019F                              l4097 022E                              l4089 0219  
                            l4177 03BC                              l4169 0365                              l1857 03D7  
                            l4193 011E                              l4185 010E                              l4249 0093  
                            l4281 01F6                              l4273 01F0                              l4265 01E0  
                            l4257 01DA                              l4441 07EA                              l4433 079D  
                            l4425 0730                              l4417 06DF                              l4409 06C5  
                            l4361 051F                              l4353 04E1                              l4345 04C4  
                            l4337 0473                              l4329 0422                              l1882 01B7  
                            l1890 015E                              l1858 0322                              l1883 01C4  
                            l1891 015E                              l4099 0233                              l4179 03C8  
                            l1859 0341                              l4195 0122                              l4187 0111  
                            l4291 0212                              l4283 01F7                              l4275 01F1  
                            l4267 01E1                              l4259 01DB                              l4443 07F3  
                            l4435 07C4                              l4427 0749                              l4419 06F8  
                            l4371 0589                              l4363 0538                              l4355 04E7  
                            l4347 04CD                              l4339 048C                              l1884 01CA  
                            l1892 016E                              l1877 01C4                              l1893 017B  
                            l4197 0130                              l4189 0112                              l4285 0200  
                            l4277 01F2                              l4269 01E2                              l4293 0FA6  
                            l4437 07DC                              l4429 074F                              l4381 05AB  
                            l4373 0592                              l4365 0551                              l4357 0500  
                            l4349 04D2                              l1878 019B                              l1894 0181  
                            l1879 0190                              l1887 017B                              l4199 0131  
                            l4287 0206                              l4279 01F5                              l4295 0FAD  
                            l4439 07E2                              l4391 0602                              l4383 05B1  
                            l4375 0597                              l4367 0557                              l4359 0519  
                            l1888 015A                              l1889 014F                              l4289 020C  
                            l4297 00E2                              l4393 061B                              l4385 05CA  
                            l4377 059C                              l4369 0570                              l4299 00E7  
                            l4395 0621                              l4387 05E3                              l4379 05A2  
                            l4397 0648                              l4389 05E9                              l3951 0F98  
                            l4399 066F                              l3961 0041                              l3953 0038  
                            l3971 004A                              l3963 0044                              l3955 003B  
                            l3973 004D                              l3965 0045                              l3957 003D  
                            l3975 0050                              l3967 0046                              l3959 003E  
                            l3977 0053                              l3969 0047                              l3979 0F9F  
                            l3995 0FD7                              l3997 0FDF                              l3999 0FCC  
                            STR_1 0010                              STR_2 0009                              STR_3 001E  
                            STR_4 0017                              STR_5 0024                              _BRGH 04C2  
                            _T0IF 005A                              _CREN 00C4                              u2300 0FD4  
                            u2301 0FD3                              u2310 018C                              u2311 018B  
                            u2400 015E                              u2401 015D                              u2330 019F  
                            u2410 0168                              u2331 019E                              u2411 0167  
                            u2500 02C5                              u2325 0191                              u2501 02C4  
                            u2270 0FA4                              u2350 01B0                              u2430 017B  
                            u2271 0FA3                              u2351 01AF                              u2431 017A  
                            u2415 0164                              u2520 02D9                              u2440 0282  
                            u2345 01A0                              u2425 016F                              u2521 02D8  
                            u2505 02C1                              u2441 0281                              u2290 0FDF  
                            u2370 01C4                              u2530 02DD                              u2450 028E  
                            u2610 0269                              u2291 0FDE                              u2371 01C3  
                            u2355 01AC                              u2515 02CD                              u2451 028D  
                            u2611 0268                              u2380 0149                              u2460 02A1  
                            u2620 026D                              u2540 0222                              u2365 01B8  
                            u2381 0148                              u2461 02A0                              u2605 025D  
                            u2541 0221                              u2550 022E                              u2630 00DE  
                            u2710 0109                              u2551 022D                              u2631 00DD  
                            u2711 0108                              u2480 02B4                              u2560 0239  
                            u2640 0075                              u2481 02B3                              u2561 0238  
                            u2641 0074                              u2705 0083                              u2395 0150  
                            u2475 02A6                              u2635 00DA                              u2580 024C  
                            u2581 024B                              u2590 0256                              u2495 02B5  
                            u2591 0255                              u2575 023E                              u2655 036A  
                            u2680 0FED                              u2665 03AD                              u2681 0FEC  
                            u2595 0252                              u2675 0125                              u2695 00A2  
                            _RCIE 0465                              _RCIF 0065                              _TMR0 0001  
                            _SPEN 00C7                              _TXIE 0464                              _TXEN 04C5  
                            _TXIF 0064                              _SYNC 04C4                              _main 03D8  
                            _year 0031                              btemp 007E                              start 0000  
                           _ADDEN 00C3                             ?_main 0071                   __end_of___awdiv 02E9  
                 __end_of___awmod 0279                   ___awdiv@divisor 0071                   __end_of___lwdiv 01CB  
                 __end_of___lwmod 0182          lecture_commande@commande 0078                   ___awdiv@counter 0076  
                           _RCREG 001A                             _SPBRG 0099                             _PORTD 0008  
                           _TRISD 0088                             _TXREG 0019                             _debug 0070  
                           _tmHrs 002E                             _month 002D                     print_char@car 007D  
                           pclath 000A                             status 0003                             wtemp0 007E  
               ?_lecture_commande 0071                ??_lecture_commande 0076                      __end_of_main 0800  
                          ??_main 0035                     print_string@i 0033                     print_string@s 0032  
                ___awdiv@dividend 0073                            _OPTION 0081                            _TRISC4 043C  
                          _TRISC5 043D                            _TRISD4 0444                            _TRISC6 043E  
                          _TRISD5 0445                            _TRISC7 043F                            _TRISD6 0446  
                          _TRISD7 0447                  __end_of_emet_car 0FE2                     ?_goto_ligne_1 0071  
                   ?_goto_ligne_2 0071                         ??___awdiv 0075                         ??___awmod 0075  
                          _efface 0FA6                         ??___lwdiv 0075                  __end_of_init_LCD 0219  
                       ??___lwmod 007D                            _tmMins 002F                            _tmSecs 0030  
                ___awdiv@quotient 0078                   ___awmod@divisor 0071                      ?_request_gps 0071  
            __size_of_emet_string 001F                   ___awmod@counter 0076                            clrloop 0FBC  
     __size_of_init_liaison_serie 001F                    __pcstackCOMMON 0071                    ??_goto_ligne_1 007D  
                  ??_goto_ligne_2 007D  lecture_commande@quartet_commande 0079       __end_of_init_gps_mode_smart 1000  
       ecriture_commande@commande 007C                        __pbssBANK0 0020                        __pmaintext 03D8  
                         ?_efface 0071                        _allume_LCD 0FC3               request_gps@commande 0078  
                       ?_emet_car 0071                         ?_init_LCD 0071                        _attente_bf 0FE2  
             request_gps@low_byte 007A                        _init_PORTD 0F98                           ___awdiv 0279  
                         ___awmod 0219                   __size_of_efface 0007                           ___lwdiv 0182  
                         ___lwmod 0143                           _degrees 0029                 _ecriture_commande 0076  
       __size_of_lecture_commande 0039              __size_of_request_gps 00EF                           _message 002B  
                ___awmod@dividend 0073                           _minutes 002C                ?_ecriture_commande 0071  
                      _recoit_car 0FCC              __end_of_goto_ligne_1 0FB4              __end_of_goto_ligne_2 0FBB  
                      ??_emet_car 0071                           _workVal 0020              end_of_initialization 0034  
             ??_ecriture_commande 007B                        ??_init_LCD 007D                       tempo_N_ms@N 0071  
                     tempo_N_ms@i 0074                        _tempo_1_ms 0F9F                        _tempo_N_ms 00B6  
                     ?_allume_LCD 0071         __end_of_ecriture_commande 0095                        _print_char 0095  
                   ?_print_string 0071                       ?_attente_bf 0071                       ?_init_PORTD 0071  
                   ??_emet_string 0072                    __end_of_efface 0FAD               start_initialization 002B  
      __end_of_init_liaison_serie 0057                    ??_print_string 007E                       ?_recoit_car 0071  
             __size_of_allume_LCD 0009                       ?_tempo_1_ms 0071                       ?_tempo_N_ms 0071  
                        ??_efface 007D        __size_of_ecriture_commande 001F                       ?_print_char 0071  
             __end_of_emet_string 0076               __size_of_attente_bf 000C                  _lecture_commande 010A  
           __size_of_goto_ligne_1 0007             __size_of_goto_ligne_2 0007                     __pcstackBANK0 0032  
              emet_string@message 0073               __size_of_init_PORTD 0007      __size_of_init_gps_mode_smart 0012  
               __size_of_emet_car 000C                 __size_of_init_LCD 004E                  ___lwdiv@dividend 0073  
                        ?___awdiv 0071                         __ptext500 0FC3                         __ptext501 0219  
                       __ptext510 0000                         __ptext502 0279                         __ptext503 0143  
                       __ptext504 0182                         __ptext505 0FCC                         __ptext506 0FD6  
                       __ptext507 0F9F                          ?___awmod 0071                         __ptext508 0038  
                       __ptext509 0F98                         __ptext490 0FA6                         __ptext491 01CB  
                       __ptext492 0076                         __ptext493 0095                         __ptext494 0FE2  
                       __ptext486 0000                         __ptext495 010A                         __ptext487 0FB4  
                       __ptext496 02E9                         __ptext488 00DF                         __ptext497 0FEE  
                       __ptext489 0FAD                         __ptext498 0057                         __ptext499 00B6  
                    _goto_ligne_1 0FAD                      _goto_ligne_2 0FB4                          ?___lwdiv 0071  
                        ?___lwmod 0079               __size_of_recoit_car 000A                         __pstrings 0003  
                ___lwdiv@quotient 0076               __size_of_tempo_1_ms 0007               __size_of_tempo_N_ms 0029  
             __size_of_print_char 0021              request_gps@high_byte 0079              __end_of_print_string 010A  
                     _emet_string 0057                      ??_allume_LCD 0071                     ??_request_gps 0076  
                     __stringbase 0008                      ??_attente_bf 007A                __end_of_allume_LCD 0FCC  
                    ??_init_PORTD 0071                  __size_of___awdiv 0070                  __size_of___awmod 0060  
                __size_of___lwdiv 0049                  __size_of___lwmod 003F                __end_of_attente_bf 0FEE  
                 ___lwdiv@divisor 0071               __end_of_request_gps 03D8                   ___lwdiv@counter 0078  
                    ??_recoit_car 0071                          _emet_car 0FD6                __end_of_init_PORTD 0F9F  
                        _commande 0027                          _init_LCD 01CB                     __size_of_main 0428  
              _init_liaison_serie 0038          __end_of_lecture_commande 0143                          _minutesD 0024  
                        clear_ram 0FBB                      ??_tempo_1_ms 0071                      ??_tempo_N_ms 0073  
             ?_init_liaison_serie 0071                __end_of_recoit_car 0FD6               _init_gps_mode_smart 0FEE  
                    ??_print_char 007B              ??_init_liaison_serie 0071                __end_of_tempo_1_ms 0FA6  
            ?_init_gps_mode_smart 0071                __end_of_tempo_N_ms 00DF                  ___lwmod@dividend 007B  
           __size_of_print_string 002B                         stringcode 0003                __end_of_print_char 00B6  
                     _request_gps 02E9                   ___lwmod@divisor 0079                   ___lwmod@counter 0032  
                        stringdir 0003                          stringtab 0003                      _print_string 00DF  
           ??_init_gps_mode_smart 0076  
