

HI-TECH Software PIC LITE Macro Assembler V9.70 build 5239 
                                                                                               Fri Jun 14 08:56:52 2024

HI-TECH Software Omniscient Code Generator (Lite mode) build 5239
     1  0000                     opt subtitle "HI-TECH Software Omniscient Code Generator (Lite mode) build 5239"
     2                           
     3                           opt pagewidth 120
     4                           
     5                           	opt lm
     6                           
     7                           	processor	16F877A
     8                           clrc	macro
     9                           	bcf	3,0
    10  0000                     	endm
    11                           clrz	macro
    12                           	bcf	3,2
    13  0000                     	endm
    14                           setc	macro
    15                           	bsf	3,0
    16  0000                     	endm
    17                           setz	macro
    18                           	bsf	3,2
    19  0000                     	endm
    20                           skipc	macro
    21                           	btfss	3,0
    22  0000                     	endm
    23                           skipz	macro
    24                           	btfss	3,2
    25  0000                     	endm
    26                           skipnc	macro
    27                           	btfsc	3,0
    28  0000                     	endm
    29                           skipnz	macro
    30                           	btfsc	3,2
    31  0000                     	endm
    32  0000                     indf	equ	0
    33  0000                     indf0	equ	0
    34  0002                     pc	equ	2
    35  0002                     pcl	equ	2
    36  0003                     status	equ	3
    37  0004                     fsr	equ	4
    38  0004                     fsr0	equ	4
    39  0001                     c	equ	1
    40  0000                     z	equ	0
    41  000A                     pclath	equ	10
    42                           # 8 "E:\MICROCONTREU\projet_gps\projet_1__everything_string\gps.c"
    43                           	psect config,class=CONFIG,delta=2 ;#
    44                           # 8 "E:\MICROCONTREU\projet_gps\projet_1__everything_string\gps.c"
    45  2007  3F7A               	dw 0x3FFE & 0x3FFB & 0x3FFF & 0x3F7F ;#
    46                           ;BANK0:	_main->_print_string
    47                           ;BANK0:	_print_string->_print_char
    48                           ;COMMON:	_print_char->_attente_bf
    49                           ;COMMON:	_attente_bf->_lecture_commande
    50                           ;COMMON:	_lecture_commande->_tempo_N_ms
    51                           ;BANK0:	_lecture_commande->_tempo_N_ms
    52                           ;BANK0:	_attente_bf->_lecture_commande
    53                           ;COMMON:	_lecture_commande->_tempo_N_ms
    54                           ;BANK0:	_lecture_commande->_tempo_N_ms
    55                           	FNCALL	_main,_init_PORTD
    56                           	FNCALL	_main,_allume_LCD
    57                           	FNCALL	_main,_init_LCD
    58                           	FNCALL	_main,_init_gps_mode_smart
    59                           	FNCALL	_main,_init_liaison_serie
    60                           	FNCALL	_main,_efface
    61                           	FNCALL	_main,_goto_ligne_1
    62                           	FNCALL	_main,_print_string
    63                           	FNCALL	_main,_tempo_N_ms
    64                           	FNCALL	_main,_request_gps
    65                           	FNCALL	_main,___awdiv
    66                           	FNCALL	_main,_print_char
    67                           	FNCALL	_main,___awmod
    68                           	FNCALL	_main,_goto_ligne_2
    69                           	FNCALL	_main,___lwdiv
    70                           	FNCALL	_main,___lwmod
    71                           	FNCALL	_print_string,_print_char
    72                           	FNCALL	_request_gps,_emet_string
    73                           	FNCALL	_request_gps,_emet_car
    74                           	FNCALL	_request_gps,_tempo_N_ms
    75                           	FNCALL	_request_gps,_recoit_car
    76                           	FNCALL	_efface,_ecriture_commande
    77                           	FNCALL	_goto_ligne_1,_ecriture_commande
    78                           	FNCALL	_goto_ligne_2,_ecriture_commande
    79                           	FNCALL	_allume_LCD,_init_PORTD
    80                           	FNCALL	_init_LCD,_tempo_N_ms
    81                           	FNCALL	_init_LCD,_ecriture_commande
    82                           	FNCALL	_init_gps_mode_smart,_tempo_N_ms
    83                           	FNCALL	_emet_string,_emet_car
    84                           	FNCALL	_print_char,_attente_bf
    85                           	FNCALL	_ecriture_commande,_attente_bf
    86                           	FNCALL	_attente_bf,_lecture_commande
    87                           	FNCALL	_lecture_commande,_tempo_N_ms
    88                           	FNCALL	_tempo_N_ms,_tempo_1_ms
    89                           	FNROOT	_main
    90                           	global	_workVal
    91                           	global	_message
    92                           	global	_car
    93                           	global	_commande
    94                           	global	_day
    95                           	global	_dir
    96                           	global	_month
    97                           	global	_tmHrs
    98                           	global	_tmMins
    99                           	global	_minutesD
   100                           	global	_degrees
   101                           	global	_minutes
   102                           	global	_tmSecs
   103                           	global	_year
   104                           	global	_debug
   105                           psect	text161,local,class=CODE,delta=2
   106                           global __ptext161
   107  0003                     __ptext161:
   108  0070                     _debug  equ     112
   109                           	DABS	1,112,1	;_debug
   110                           
   111                           	global	_ADCON0
   112  001F                     _ADCON0  equ     31
   113                           	global	_ADRESH
   114  001E                     _ADRESH  equ     30
   115                           	global	_CCP1CON
   116  0017                     _CCP1CON  equ     23
   117                           	global	_CCP2CON
   118  001D                     _CCP2CON  equ     29
   119                           	global	_CCPR1H
   120  0016                     _CCPR1H  equ     22
   121                           	global	_CCPR1L
   122  0015                     _CCPR1L  equ     21
   123                           	global	_CCPR2H
   124  001C                     _CCPR2H  equ     28
   125                           	global	_CCPR2L
   126  001B                     _CCPR2L  equ     27
   127                           	global	_FSR
   128  0004                     _FSR  equ     4
   129                           	global	_INDF
   130  0000                     _INDF  equ     0
   131                           	global	_INTCON
   132  000B                     _INTCON  equ     11
   133                           	global	_PCL
   134  0002                     _PCL  equ     2
   135                           	global	_PCLATH
   136  000A                     _PCLATH  equ     10
   137                           	global	_PIR1
   138  000C                     _PIR1  equ     12
   139                           	global	_PIR2
   140  000D                     _PIR2  equ     13
   141                           	global	_PORTA
   142  0005                     _PORTA  equ     5
   143                           	global	_PORTB
   144  0006                     _PORTB  equ     6
   145                           	global	_PORTC
   146  0007                     _PORTC  equ     7
   147                           	global	_PORTD
   148  0008                     _PORTD  equ     8
   149                           	global	_PORTE
   150  0009                     _PORTE  equ     9
   151                           	global	_RCREG
   152  001A                     _RCREG  equ     26
   153                           	global	_RCSTA
   154  0018                     _RCSTA  equ     24
   155                           	global	_SSPBUF
   156  0013                     _SSPBUF  equ     19
   157                           	global	_SSPCON
   158  0014                     _SSPCON  equ     20
   159                           	global	_STATUS
   160  0003                     _STATUS  equ     3
   161                           	global	_T1CON
   162  0010                     _T1CON  equ     16
   163                           	global	_T2CON
   164  0012                     _T2CON  equ     18
   165                           	global	_TMR0
   166  0001                     _TMR0  equ     1
   167                           	global	_TMR1H
   168  000F                     _TMR1H  equ     15
   169                           	global	_TMR1L
   170  000E                     _TMR1L  equ     14
   171                           	global	_TMR2
   172  0011                     _TMR2  equ     17
   173                           	global	_TXREG
   174  0019                     _TXREG  equ     25
   175                           	global	_ADCS0
   176  00FE                     _ADCS0  equ     254
   177                           	global	_ADCS1
   178  00FF                     _ADCS1  equ     255
   179                           	global	_ADDEN
   180  00C3                     _ADDEN  equ     195
   181                           	global	_ADGO
   182  00FA                     _ADGO  equ     250
   183                           	global	_ADIF
   184  0066                     _ADIF  equ     102
   185                           	global	_ADON
   186  00F8                     _ADON  equ     248
   187                           	global	_BCLIF
   188  006B                     _BCLIF  equ     107
   189                           	global	_CARRY
   190  0018                     _CARRY  equ     24
   191                           	global	_CCP1IF
   192  0062                     _CCP1IF  equ     98
   193                           	global	_CCP1M0
   194  00B8                     _CCP1M0  equ     184
   195                           	global	_CCP1M1
   196  00B9                     _CCP1M1  equ     185
   197                           	global	_CCP1M2
   198  00BA                     _CCP1M2  equ     186
   199                           	global	_CCP1M3
   200  00BB                     _CCP1M3  equ     187
   201                           	global	_CCP1X
   202  00BD                     _CCP1X  equ     189
   203                           	global	_CCP1Y
   204  00BC                     _CCP1Y  equ     188
   205                           	global	_CCP2IF
   206  0068                     _CCP2IF  equ     104
   207                           	global	_CCP2M0
   208  00E8                     _CCP2M0  equ     232
   209                           	global	_CCP2M1
   210  00E9                     _CCP2M1  equ     233
   211                           	global	_CCP2M2
   212  00EA                     _CCP2M2  equ     234
   213                           	global	_CCP2M3
   214  00EB                     _CCP2M3  equ     235
   215                           	global	_CCP2X
   216  00ED                     _CCP2X  equ     237
   217                           	global	_CCP2Y
   218  00EC                     _CCP2Y  equ     236
   219                           	global	_CHS0
   220  00FB                     _CHS0  equ     251
   221                           	global	_CHS1
   222  00FC                     _CHS1  equ     252
   223                           	global	_CHS2
   224  00FD                     _CHS2  equ     253
   225                           	global	_CKP
   226  00A4                     _CKP  equ     164
   227                           	global	_CMIF
   228  006E                     _CMIF  equ     110
   229                           	global	_CREN
   230  00C4                     _CREN  equ     196
   231                           	global	_DC
   232  0019                     _DC  equ     25
   233                           	global	_EEIF
   234  006C                     _EEIF  equ     108
   235                           	global	_FERR
   236  00C2                     _FERR  equ     194
   237                           	global	_GIE
   238  005F                     _GIE  equ     95
   239                           	global	_GODONE
   240  00FA                     _GODONE  equ     250
   241                           	global	_INTE
   242  005C                     _INTE  equ     92
   243                           	global	_INTF
   244  0059                     _INTF  equ     89
   245                           	global	_IRP
   246  001F                     _IRP  equ     31
   247                           	global	_OERR
   248  00C1                     _OERR  equ     193
   249                           	global	_PD
   250  001B                     _PD  equ     27
   251                           	global	_PEIE
   252  005E                     _PEIE  equ     94
   253                           	global	_PSPIF
   254  0067                     _PSPIF  equ     103
   255                           	global	_RA0
   256  0028                     _RA0  equ     40
   257                           	global	_RA1
   258  0029                     _RA1  equ     41
   259                           	global	_RA2
   260  002A                     _RA2  equ     42
   261                           	global	_RA3
   262  002B                     _RA3  equ     43
   263                           	global	_RA4
   264  002C                     _RA4  equ     44
   265                           	global	_RA5
   266  002D                     _RA5  equ     45
   267                           	global	_RB0
   268  0030                     _RB0  equ     48
   269                           	global	_RB1
   270  0031                     _RB1  equ     49
   271                           	global	_RB2
   272  0032                     _RB2  equ     50
   273                           	global	_RB3
   274  0033                     _RB3  equ     51
   275                           	global	_RB4
   276  0034                     _RB4  equ     52
   277                           	global	_RB5
   278  0035                     _RB5  equ     53
   279                           	global	_RB6
   280  0036                     _RB6  equ     54
   281                           	global	_RB7
   282  0037                     _RB7  equ     55
   283                           	global	_RBIE
   284  005B                     _RBIE  equ     91
   285                           	global	_RBIF
   286  0058                     _RBIF  equ     88
   287                           	global	_RC0
   288  0038                     _RC0  equ     56
   289                           	global	_RC1
   290  0039                     _RC1  equ     57
   291                           	global	_RC2
   292  003A                     _RC2  equ     58
   293                           	global	_RC3
   294  003B                     _RC3  equ     59
   295                           	global	_RC4
   296  003C                     _RC4  equ     60
   297                           	global	_RC5
   298  003D                     _RC5  equ     61
   299                           	global	_RC6
   300  003E                     _RC6  equ     62
   301                           	global	_RC7
   302  003F                     _RC7  equ     63
   303                           	global	_RCIF
   304  0065                     _RCIF  equ     101
   305                           	global	_RD0
   306  0040                     _RD0  equ     64
   307                           	global	_RD1
   308  0041                     _RD1  equ     65
   309                           	global	_RD2
   310  0042                     _RD2  equ     66
   311                           	global	_RD3
   312  0043                     _RD3  equ     67
   313                           	global	_RD4
   314  0044                     _RD4  equ     68
   315                           	global	_RD5
   316  0045                     _RD5  equ     69
   317                           	global	_RD6
   318  0046                     _RD6  equ     70
   319                           	global	_RD7
   320  0047                     _RD7  equ     71
   321                           	global	_RE0
   322  0048                     _RE0  equ     72
   323                           	global	_RE1
   324  0049                     _RE1  equ     73
   325                           	global	_RE2
   326  004A                     _RE2  equ     74
   327                           	global	_RP0
   328  001D                     _RP0  equ     29
   329                           	global	_RP1
   330  001E                     _RP1  equ     30
   331                           	global	_RX9
   332  00C6                     _RX9  equ     198
   333                           	global	_RX9D
   334  00C0                     _RX9D  equ     192
   335                           	global	_SPEN
   336  00C7                     _SPEN  equ     199
   337                           	global	_SREN
   338  00C5                     _SREN  equ     197
   339                           	global	_SSPEN
   340  00A5                     _SSPEN  equ     165
   341                           	global	_SSPIF
   342  0063                     _SSPIF  equ     99
   343                           	global	_SSPM0
   344  00A0                     _SSPM0  equ     160
   345                           	global	_SSPM1
   346  00A1                     _SSPM1  equ     161
   347                           	global	_SSPM2
   348  00A2                     _SSPM2  equ     162
   349                           	global	_SSPM3
   350  00A3                     _SSPM3  equ     163
   351                           	global	_SSPOV
   352  00A6                     _SSPOV  equ     166
   353                           	global	_T0IE
   354  005D                     _T0IE  equ     93
   355                           	global	_T0IF
   356  005A                     _T0IF  equ     90
   357                           	global	_T1CKPS0
   358  0084                     _T1CKPS0  equ     132
   359                           	global	_T1CKPS1
   360  0085                     _T1CKPS1  equ     133
   361                           	global	_T1OSCEN
   362  0083                     _T1OSCEN  equ     131
   363                           	global	_T1SYNC
   364  0082                     _T1SYNC  equ     130
   365                           	global	_T2CKPS0
   366  0090                     _T2CKPS0  equ     144
   367                           	global	_T2CKPS1
   368  0091                     _T2CKPS1  equ     145
   369                           	global	_TMR0IE
   370  005D                     _TMR0IE  equ     93
   371                           	global	_TMR0IF
   372  005A                     _TMR0IF  equ     90
   373                           	global	_TMR1CS
   374  0081                     _TMR1CS  equ     129
   375                           	global	_TMR1IF
   376  0060                     _TMR1IF  equ     96
   377                           	global	_TMR1ON
   378  0080                     _TMR1ON  equ     128
   379                           	global	_TMR2IF
   380  0061                     _TMR2IF  equ     97
   381                           	global	_TMR2ON
   382  0092                     _TMR2ON  equ     146
   383                           	global	_TO
   384  001C                     _TO  equ     28
   385                           	global	_TOUTPS0
   386  0093                     _TOUTPS0  equ     147
   387                           	global	_TOUTPS1
   388  0094                     _TOUTPS1  equ     148
   389                           	global	_TOUTPS2
   390  0095                     _TOUTPS2  equ     149
   391                           	global	_TOUTPS3
   392  0096                     _TOUTPS3  equ     150
   393                           	global	_TXIF
   394  0064                     _TXIF  equ     100
   395                           	global	_WCOL
   396  00A7                     _WCOL  equ     167
   397                           	global	_ZERO
   398  001A                     _ZERO  equ     26
   399                           	global	_ADCON1
   400  009F                     _ADCON1  equ     159
   401                           	global	_ADRESL
   402  009E                     _ADRESL  equ     158
   403                           	global	_CMCON
   404  009C                     _CMCON  equ     156
   405                           	global	_CVRCON
   406  009D                     _CVRCON  equ     157
   407                           	global	_OPTION
   408  0081                     _OPTION  equ     129
   409                           	global	_PCON
   410  008E                     _PCON  equ     142
   411                           	global	_PIE1
   412  008C                     _PIE1  equ     140
   413                           	global	_PIE2
   414  008D                     _PIE2  equ     141
   415                           	global	_PR2
   416  0092                     _PR2  equ     146
   417                           	global	_SPBRG
   418  0099                     _SPBRG  equ     153
   419                           	global	_SSPADD
   420  0093                     _SSPADD  equ     147
   421                           	global	_SSPCON2
   422  0091                     _SSPCON2  equ     145
   423                           	global	_SSPSTAT
   424  0094                     _SSPSTAT  equ     148
   425                           	global	_TRISA
   426  0085                     _TRISA  equ     133
   427                           	global	_TRISB
   428  0086                     _TRISB  equ     134
   429                           	global	_TRISC
   430  0087                     _TRISC  equ     135
   431                           	global	_TRISD
   432  0088                     _TRISD  equ     136
   433                           	global	_TRISE
   434  0089                     _TRISE  equ     137
   435                           	global	_TXSTA
   436  0098                     _TXSTA  equ     152
   437                           	global	_ACKDT
   438  048D                     _ACKDT  equ     1165
   439                           	global	_ACKEN
   440  048C                     _ACKEN  equ     1164
   441                           	global	_ACKSTAT
   442  048E                     _ACKSTAT  equ     1166
   443                           	global	_ADCS2
   444  04FE                     _ADCS2  equ     1278
   445                           	global	_ADFM
   446  04FF                     _ADFM  equ     1279
   447                           	global	_ADIE
   448  0466                     _ADIE  equ     1126
   449                           	global	_BCLIE
   450  046B                     _BCLIE  equ     1131
   451                           	global	_BF
   452  04A0                     _BF  equ     1184
   453                           	global	_BOR
   454  0470                     _BOR  equ     1136
   455                           	global	_BRGH
   456  04C2                     _BRGH  equ     1218
   457                           	global	_C1INV
   458  04E4                     _C1INV  equ     1252
   459                           	global	_C1OUT
   460  04E6                     _C1OUT  equ     1254
   461                           	global	_C2INV
   462  04E5                     _C2INV  equ     1253
   463                           	global	_C2OUT
   464  04E7                     _C2OUT  equ     1255
   465                           	global	_CCP1IE
   466  0462                     _CCP1IE  equ     1122
   467                           	global	_CCP2IE
   468  0468                     _CCP2IE  equ     1128
   469                           	global	_CIS
   470  04E3                     _CIS  equ     1251
   471                           	global	_CKE
   472  04A6                     _CKE  equ     1190
   473                           	global	_CM0
   474  04E0                     _CM0  equ     1248
   475                           	global	_CM1
   476  04E1                     _CM1  equ     1249
   477                           	global	_CM2
   478  04E2                     _CM2  equ     1250
   479                           	global	_CMIE
   480  046E                     _CMIE  equ     1134
   481                           	global	_CSRC
   482  04C7                     _CSRC  equ     1223
   483                           	global	_CVR0
   484  04E8                     _CVR0  equ     1256
   485                           	global	_CVR1
   486  04E9                     _CVR1  equ     1257
   487                           	global	_CVR2
   488  04EA                     _CVR2  equ     1258
   489                           	global	_CVR3
   490  04EB                     _CVR3  equ     1259
   491                           	global	_CVREN
   492  04EF                     _CVREN  equ     1263
   493                           	global	_CVROE
   494  04EE                     _CVROE  equ     1262
   495                           	global	_CVRR
   496  04ED                     _CVRR  equ     1261
   497                           	global	_DA
   498  04A5                     _DA  equ     1189
   499                           	global	_EEIE
   500  046C                     _EEIE  equ     1132
   501                           	global	_GCEN
   502  048F                     _GCEN  equ     1167
   503                           	global	_IBF
   504  044F                     _IBF  equ     1103
   505                           	global	_IBOV
   506  044D                     _IBOV  equ     1101
   507                           	global	_INTEDG
   508  040E                     _INTEDG  equ     1038
   509                           	global	_OBF
   510  044E                     _OBF  equ     1102
   511                           	global	_PCFG0
   512  04F8                     _PCFG0  equ     1272
   513                           	global	_PCFG1
   514  04F9                     _PCFG1  equ     1273
   515                           	global	_PCFG2
   516  04FA                     _PCFG2  equ     1274
   517                           	global	_PCFG3
   518  04FB                     _PCFG3  equ     1275
   519                           	global	_PEN
   520  048A                     _PEN  equ     1162
   521                           	global	_POR
   522  0471                     _POR  equ     1137
   523                           	global	_PS0
   524  0408                     _PS0  equ     1032
   525                           	global	_PS1
   526  0409                     _PS1  equ     1033
   527                           	global	_PS2
   528  040A                     _PS2  equ     1034
   529                           	global	_PSA
   530  040B                     _PSA  equ     1035
   531                           	global	_PSPIE
   532  0467                     _PSPIE  equ     1127
   533                           	global	_PSPMODE
   534  044C                     _PSPMODE  equ     1100
   535                           	global	_RBPU
   536  040F                     _RBPU  equ     1039
   537                           	global	_RCEN
   538  048B                     _RCEN  equ     1163
   539                           	global	_RCIE
   540  0465                     _RCIE  equ     1125
   541                           	global	_RSEN
   542  0489                     _RSEN  equ     1161
   543                           	global	_RW
   544  04A2                     _RW  equ     1186
   545                           	global	_SEN
   546  0488                     _SEN  equ     1160
   547                           	global	_SMP
   548  04A7                     _SMP  equ     1191
   549                           	global	_SSPIE
   550  0463                     _SSPIE  equ     1123
   551                           	global	_START
   552  04A3                     _START  equ     1187
   553                           	global	_STOP
   554  04A4                     _STOP  equ     1188
   555                           	global	_SYNC
   556  04C4                     _SYNC  equ     1220
   557                           	global	_T0CS
   558  040D                     _T0CS  equ     1037
   559                           	global	_T0SE
   560  040C                     _T0SE  equ     1036
   561                           	global	_TMR1IE
   562  0460                     _TMR1IE  equ     1120
   563                           	global	_TMR2IE
   564  0461                     _TMR2IE  equ     1121
   565                           	global	_TRISA0
   566  0428                     _TRISA0  equ     1064
   567                           	global	_TRISA1
   568  0429                     _TRISA1  equ     1065
   569                           	global	_TRISA2
   570  042A                     _TRISA2  equ     1066
   571                           	global	_TRISA3
   572  042B                     _TRISA3  equ     1067
   573                           	global	_TRISA4
   574  042C                     _TRISA4  equ     1068
   575                           	global	_TRISA5
   576  042D                     _TRISA5  equ     1069
   577                           	global	_TRISB0
   578  0430                     _TRISB0  equ     1072
   579                           	global	_TRISB1
   580  0431                     _TRISB1  equ     1073
   581                           	global	_TRISB2
   582  0432                     _TRISB2  equ     1074
   583                           	global	_TRISB3
   584  0433                     _TRISB3  equ     1075
   585                           	global	_TRISB4
   586  0434                     _TRISB4  equ     1076
   587                           	global	_TRISB5
   588  0435                     _TRISB5  equ     1077
   589                           	global	_TRISB6
   590  0436                     _TRISB6  equ     1078
   591                           	global	_TRISB7
   592  0437                     _TRISB7  equ     1079
   593                           	global	_TRISC0
   594  0438                     _TRISC0  equ     1080
   595                           	global	_TRISC1
   596  0439                     _TRISC1  equ     1081
   597                           	global	_TRISC2
   598  043A                     _TRISC2  equ     1082
   599                           	global	_TRISC3
   600  043B                     _TRISC3  equ     1083
   601                           	global	_TRISC4
   602  043C                     _TRISC4  equ     1084
   603                           	global	_TRISC5
   604  043D                     _TRISC5  equ     1085
   605                           	global	_TRISC6
   606  043E                     _TRISC6  equ     1086
   607                           	global	_TRISC7
   608  043F                     _TRISC7  equ     1087
   609                           	global	_TRISD0
   610  0440                     _TRISD0  equ     1088
   611                           	global	_TRISD1
   612  0441                     _TRISD1  equ     1089
   613                           	global	_TRISD2
   614  0442                     _TRISD2  equ     1090
   615                           	global	_TRISD3
   616  0443                     _TRISD3  equ     1091
   617                           	global	_TRISD4
   618  0444                     _TRISD4  equ     1092
   619                           	global	_TRISD5
   620  0445                     _TRISD5  equ     1093
   621                           	global	_TRISD6
   622  0446                     _TRISD6  equ     1094
   623                           	global	_TRISD7
   624  0447                     _TRISD7  equ     1095
   625                           	global	_TRISE0
   626  0448                     _TRISE0  equ     1096
   627                           	global	_TRISE1
   628  0449                     _TRISE1  equ     1097
   629                           	global	_TRISE2
   630  044A                     _TRISE2  equ     1098
   631                           	global	_TRMT
   632  04C1                     _TRMT  equ     1217
   633                           	global	_TX9
   634  04C6                     _TX9  equ     1222
   635                           	global	_TX9D
   636  04C0                     _TX9D  equ     1216
   637                           	global	_TXEN
   638  04C5                     _TXEN  equ     1221
   639                           	global	_TXIE
   640  0464                     _TXIE  equ     1124
   641                           	global	_UA
   642  04A1                     _UA  equ     1185
   643                           	global	_EEADR
   644  010D                     _EEADR  equ     269
   645                           	global	_EEADRH
   646  010F                     _EEADRH  equ     271
   647                           	global	_EEADRL
   648  010D                     _EEADRL  equ     269
   649                           	global	_EEDATA
   650  010C                     _EEDATA  equ     268
   651                           	global	_EEDATH
   652  010E                     _EEDATH  equ     270
   653                           	global	_EECON1
   654  018C                     _EECON1  equ     396
   655                           	global	_EECON2
   656  018D                     _EECON2  equ     397
   657                           	global	_EEPGD
   658  0C67                     _EEPGD  equ     3175
   659                           	global	_RD
   660  0C60                     _RD  equ     3168
   661                           	global	_WR
   662  0C61                     _WR  equ     3169
   663                           	global	_WREN
   664  0C62                     _WREN  equ     3170
   665                           	global	_WRERR
   666  0C63                     _WRERR  equ     3171
   667                           psect	strings,class=CODE,delta=2,reloc=256
   668                           global __pstrings
   669  0F00                     __pstrings:
   670                           	global	stringdir,stringtab,__stringbase,stringjmp
   671  0F00                     stringtab:
   672                           ;	String table - string pointers are 1 byte each
   673  0F00  00FE               	movwf	(btemp)&07Fh
   674  0F01  1FFE               	btfss	(btemp)&07Fh,7
   675  0F02  2F08               	goto	stringcode
   676  0F03  1383               	bcf	status,7
   677  0F04  187E               	btfsc	btemp&7Fh,0
   678  0F05  1783               	bsf	status,7
   679  0F06  0800               	movf	indf,w
   680  0F07  0008               	return
   681  0F08                     stringcode:
   682  0F08  0804               	movf	fsr,w
   683  0F09                     stringdir:
   684  0F09  00FE               movwf btemp&07Fh
   685  0F0A  300F               movlw high(stringdir)
   686  0F0B  008A               movwf pclath
   687  0F0C  087E               movf btemp&07Fh,w
   688  0F0D                     stringjmp:
   689  0F0D  0782               	addwf pc
   690  0F0E                     __stringbase:
   691  0F0E  3400               	retlw	0
   692                           psect	strings
   693                           	
   694  0F0F                     STR_1:	
   695  0F0F  3444               	retlw	68	;'D'
   696  0F10  3461               	retlw	97	;'a'
   697  0F11  3474               	retlw	116	;'t'
   698  0F12  3465               	retlw	101	;'e'
   699  0F13  343A               	retlw	58	;':'
   700  0F14  3420               	retlw	32	;' '
   701  0F15  3400               	retlw	0
   702                           psect	strings
   703                           	
   704  0F16                     STR_2:	
   705  0F16  3454               	retlw	84	;'T'
   706  0F17  3469               	retlw	105	;'i'
   707  0F18  346D               	retlw	109	;'m'
   708  0F19  3465               	retlw	101	;'e'
   709  0F1A  343A               	retlw	58	;':'
   710  0F1B  3420               	retlw	32	;' '
   711  0F1C  3400               	retlw	0
   712                           psect	strings
   713                           	
   714  0F1D                     STR_4:	
   715  0F1D  344C               	retlw	76	;'L'
   716  0F1E  346F               	retlw	111	;'o'
   717  0F1F  346E               	retlw	110	;'n'
   718  0F20  3467               	retlw	103	;'g'
   719  0F21  343A               	retlw	58	;':'
   720  0F22  3420               	retlw	32	;' '
   721  0F23  3400               	retlw	0
   722                           psect	strings
   723                           	
   724  0F24                     STR_3:	
   725  0F24  344C               	retlw	76	;'L'
   726  0F25  3461               	retlw	97	;'a'
   727  0F26  3474               	retlw	116	;'t'
   728  0F27  343A               	retlw	58	;':'
   729  0F28  3420               	retlw	32	;' '
   730  0F29  3400               	retlw	0
   731                           psect	strings
   732                           	
   733  0F2A                     STR_5:	
   734  0F2A  3421               	retlw	33	;'!'
   735  0F2B  3447               	retlw	71	;'G'
   736  0F2C  3450               	retlw	80	;'P'
   737  0F2D  3453               	retlw	83	;'S'
   738  0F2E  3400               	retlw	0
   739                           psect	strings
   740                           	file	"gps.c.as"
   741                           	line	#
   742                           psect cinit,class=CODE,delta=2
   743                           global start_initialization
   744  0F2F                     start_initialization:
   745                           
   746                           psect	bssCOMMON,class=COMMON,space=1
   747                           global __pbssCOMMON
   748  0071                     __pbssCOMMON:
   749  0071                     _minutesD:
   750  0071                            ds      2
   751                           
   752  0073                     _degrees:
   753  0073                            ds      1
   754                           
   755  0074                     _minutes:
   756  0074                            ds      1
   757                           
   758  0075                     _tmSecs:
   759  0075                            ds      1
   760                           
   761  0076                     _year:
   762  0076                            ds      1
   763                           
   764                           psect	bssBANK0,class=BANK0,space=1
   765                           global __pbssBANK0
   766  002E                     __pbssBANK0:
   767  002E                     _workVal:
   768  002E                            ds      4
   769                           
   770  0032                     _message:
   771  0032                            ds      2
   772                           
   773  0034                     _car:
   774  0034                            ds      1
   775                           
   776  0035                     _commande:
   777  0035                            ds      1
   778                           
   779  0036                     _day:
   780  0036                            ds      1
   781                           
   782  0037                     _dir:
   783  0037                            ds      1
   784                           
   785  0038                     _month:
   786  0038                            ds      1
   787                           
   788  0039                     _tmHrs:
   789  0039                            ds      1
   790                           
   791  003A                     _tmMins:
   792  003A                            ds      1
   793                           
   794                           ; Clear objects allocated to COMMON
   795                           psect cinit,class=CODE,delta=2
   796  0F2F  01F1               	clrf	((__pbssCOMMON)+0)&07Fh
   797  0F30  01F2               	clrf	((__pbssCOMMON)+1)&07Fh
   798  0F31  01F3               	clrf	((__pbssCOMMON)+2)&07Fh
   799  0F32  01F4               	clrf	((__pbssCOMMON)+3)&07Fh
   800  0F33  01F5               	clrf	((__pbssCOMMON)+4)&07Fh
   801  0F34  01F6               	clrf	((__pbssCOMMON)+5)&07Fh
   802                           ; Clear objects allocated to BANK0
   803                           psect cinit,class=CODE,delta=2
   804  0F35  01AE               	clrf	((__pbssBANK0)+0)&07Fh
   805  0F36  01AF               	clrf	((__pbssBANK0)+1)&07Fh
   806  0F37  01B0               	clrf	((__pbssBANK0)+2)&07Fh
   807  0F38  01B1               	clrf	((__pbssBANK0)+3)&07Fh
   808  0F39  01B2               	clrf	((__pbssBANK0)+4)&07Fh
   809  0F3A  01B3               	clrf	((__pbssBANK0)+5)&07Fh
   810  0F3B  01B4               	clrf	((__pbssBANK0)+6)&07Fh
   811  0F3C  01B5               	clrf	((__pbssBANK0)+7)&07Fh
   812  0F3D  01B6               	clrf	((__pbssBANK0)+8)&07Fh
   813  0F3E  01B7               	clrf	((__pbssBANK0)+9)&07Fh
   814  0F3F  01B8               	clrf	((__pbssBANK0)+10)&07Fh
   815  0F40  01B9               	clrf	((__pbssBANK0)+11)&07Fh
   816  0F41  01BA               	clrf	((__pbssBANK0)+12)&07Fh
   817                           psect cinit,class=CODE,delta=2
   818                           global end_of_initialization
   819                           
   820                           ;End of C runtime variable initationation code
   821                           
   822  0F42                     end_of_initialization:
   823  0F42  0183               clrf status
   824  0F43  120A  118A  2B5C   ljmp _main	;jump to C main() function
   825                           psect	cstackCOMMON,class=COMMON,space=1
   826                           global __pcstackCOMMON
   827  0077                     __pcstackCOMMON:
   828                           	global	?_init_liaison_serie
   829  0077                     ?_init_liaison_serie: ;@ 0x0
   830                           	global	??_init_liaison_serie
   831  0077                     ??_init_liaison_serie: ;@ 0x0
   832                           	global	?_allume_LCD
   833  0077                     ?_allume_LCD: ;@ 0x0
   834                           	global	??___awdiv
   835  0077                     ??___awdiv: ;@ 0x0
   836                           	global	??___lwdiv
   837  0077                     ??___lwdiv: ;@ 0x0
   838                           	global	??___awmod
   839  0077                     ??___awmod: ;@ 0x0
   840                           	global	??_allume_LCD
   841  0077                     ??_allume_LCD: ;@ 0x0
   842                           	global	??_emet_car
   843  0077                     ??_emet_car: ;@ 0x0
   844                           	global	??_tempo_N_ms
   845  0077                     ??_tempo_N_ms: ;@ 0x0
   846                           	global	??_tempo_1_ms
   847  0077                     ??_tempo_1_ms: ;@ 0x0
   848                           	global	??_recoit_car
   849  0077                     ??_recoit_car: ;@ 0x0
   850                           	global	?_init_PORTD
   851  0077                     ?_init_PORTD: ;@ 0x0
   852                           	global	??_init_PORTD
   853  0077                     ??_init_PORTD: ;@ 0x0
   854                           	global	?_recoit_car
   855  0077                     ?_recoit_car: ;@ 0x0
   856                           	global	emet_car@car
   857  0077                     emet_car@car:	; 1 bytes @ 0x0
   858  0077                     	ds	1
   859                           	global	??_init_gps_mode_smart
   860  0078                     ??_init_gps_mode_smart: ;@ 0x1
   861                           	global	??_lecture_commande
   862  0078                     ??_lecture_commande: ;@ 0x1
   863                           	global	??_emet_string
   864  0078                     ??_emet_string: ;@ 0x1
   865                           	global	??___lwmod
   866  0078                     ??___lwmod: ;@ 0x1
   867                           	global	?_init_gps_mode_smart
   868  0078                     ?_init_gps_mode_smart: ;@ 0x1
   869                           	global	?_emet_car
   870  0078                     ?_emet_car: ;@ 0x1
   871                           	global	___awmod@sign
   872  0078                     ___awmod@sign:	; 1 bytes @ 0x1
   873  0078                     	ds	1
   874                           	global	??_attente_bf
   875  0079                     ??_attente_bf: ;@ 0x2
   876                           	global	___awmod@counter
   877  0079                     ___awmod@counter:	; 1 bytes @ 0x2
   878                           	global	emet_string@message
   879  0079                     emet_string@message:	; 1 bytes @ 0x2
   880                           	global	___lwmod@counter
   881  0079                     ___lwmod@counter:	; 1 bytes @ 0x2
   882  0079                     	ds	1
   883                           	global	?_emet_string
   884  007A                     ?_emet_string: ;@ 0x3
   885                           	global	??_ecriture_commande
   886  007A                     ??_ecriture_commande: ;@ 0x3
   887                           	global	??_print_string
   888  007A                     ??_print_string: ;@ 0x3
   889                           	global	?_request_gps
   890  007A                     ?_request_gps: ;@ 0x3
   891  007A                     	ds	1
   892                           psect	cstackBANK0,class=BANK0,space=1
   893                           global __pcstackBANK0
   894  0020                     __pcstackBANK0:
   895                           	global	??_goto_ligne_2
   896  0020                     ??_goto_ligne_2: ;@ 0x0
   897                           	global	??_goto_ligne_1
   898  0020                     ??_goto_ligne_1: ;@ 0x0
   899                           	global	??_init_LCD
   900  0020                     ??_init_LCD: ;@ 0x0
   901                           	global	?_tempo_1_ms
   902  0020                     ?_tempo_1_ms: ;@ 0x0
   903                           	global	??_efface
   904  0020                     ??_efface: ;@ 0x0
   905                           	global	___awdiv@counter
   906  0020                     ___awdiv@counter:	; 1 bytes @ 0x0
   907                           	global	?___awmod
   908  0020                     ?___awmod: ;@ 0x0
   909                           	global	___lwdiv@quotient
   910  0020                     ___lwdiv@quotient:	; 2 bytes @ 0x0
   911                           	global	tempo_N_ms@i
   912  0020                     tempo_N_ms@i:	; 2 bytes @ 0x0
   913                           	global	___awmod@dividend
   914  0020                     ___awmod@dividend:	; 2 bytes @ 0x0
   915  0020                     	ds	1
   916                           	global	___awdiv@sign
   917  0021                     ___awdiv@sign:	; 1 bytes @ 0x1
   918  0021                     	ds	1
   919                           	global	?_tempo_N_ms
   920  0022                     ?_tempo_N_ms: ;@ 0x2
   921                           	global	___lwdiv@counter
   922  0022                     ___lwdiv@counter:	; 1 bytes @ 0x2
   923                           	global	___awdiv@quotient
   924  0022                     ___awdiv@quotient:	; 2 bytes @ 0x2
   925                           	global	tempo_N_ms@N
   926  0022                     tempo_N_ms@N:	; 2 bytes @ 0x2
   927                           	global	___awmod@divisor
   928  0022                     ___awmod@divisor:	; 2 bytes @ 0x2
   929  0022                     	ds	1
   930                           	global	?___lwdiv
   931  0023                     ?___lwdiv: ;@ 0x3
   932                           	global	___lwdiv@dividend
   933  0023                     ___lwdiv@dividend:	; 2 bytes @ 0x3
   934  0023                     	ds	1
   935                           	global	??_request_gps
   936  0024                     ??_request_gps: ;@ 0x4
   937                           	global	lecture_commande@quartet_commande
   938  0024                     lecture_commande@quartet_commande:	; 1 bytes @ 0x4
   939                           	global	?___awdiv
   940  0024                     ?___awdiv: ;@ 0x4
   941                           	global	___awdiv@dividend
   942  0024                     ___awdiv@dividend:	; 2 bytes @ 0x4
   943  0024                     	ds	1
   944                           	global	lecture_commande@commande
   945  0025                     lecture_commande@commande:	; 1 bytes @ 0x5
   946                           	global	___lwdiv@divisor
   947  0025                     ___lwdiv@divisor:	; 2 bytes @ 0x5
   948  0025                     	ds	1
   949                           	global	?_attente_bf
   950  0026                     ?_attente_bf: ;@ 0x6
   951                           	global	??_print_char
   952  0026                     ??_print_char: ;@ 0x6
   953                           	global	?_lecture_commande
   954  0026                     ?_lecture_commande: ;@ 0x6
   955                           	global	ecriture_commande@commande
   956  0026                     ecriture_commande@commande:	; 1 bytes @ 0x6
   957                           	global	___awdiv@divisor
   958  0026                     ___awdiv@divisor:	; 2 bytes @ 0x6
   959  0026                     	ds	1
   960                           	global	?_goto_ligne_1
   961  0027                     ?_goto_ligne_1: ;@ 0x7
   962                           	global	?_ecriture_commande
   963  0027                     ?_ecriture_commande: ;@ 0x7
   964                           	global	?_efface
   965  0027                     ?_efface: ;@ 0x7
   966                           	global	?_init_LCD
   967  0027                     ?_init_LCD: ;@ 0x7
   968                           	global	?_goto_ligne_2
   969  0027                     ?_goto_ligne_2: ;@ 0x7
   970                           	global	?___lwmod
   971  0027                     ?___lwmod: ;@ 0x7
   972                           	global	request_gps@commande
   973  0027                     request_gps@commande:	; 1 bytes @ 0x7
   974                           	global	___lwmod@dividend
   975  0027                     ___lwmod@dividend:	; 2 bytes @ 0x7
   976  0027                     	ds	1
   977                           	global	request_gps@low_byte
   978  0028                     request_gps@low_byte:	; 1 bytes @ 0x8
   979                           	global	print_char@car
   980  0028                     print_char@car:	; 1 bytes @ 0x8
   981  0028                     	ds	1
   982                           	global	?_print_char
   983  0029                     ?_print_char: ;@ 0x9
   984                           	global	request_gps@high_byte
   985  0029                     request_gps@high_byte:	; 1 bytes @ 0x9
   986                           	global	print_string@s
   987  0029                     print_string@s:	; 1 bytes @ 0x9
   988                           	global	___lwmod@divisor
   989  0029                     ___lwmod@divisor:	; 2 bytes @ 0x9
   990  0029                     	ds	1
   991                           	global	print_string@i
   992  002A                     print_string@i:	; 2 bytes @ 0xA
   993  002A                     	ds	2
   994                           	global	??_main
   995  002C                     ??_main: ;@ 0xC
   996                           	global	?_print_string
   997  002C                     ?_print_string: ;@ 0xC
   998  002C                     	ds	2
   999                           	global	?_main
  1000  002E                     ?_main: ;@ 0xE
  1001                           ;Data sizes: Strings 32, constant 0, data 0, bss 19, persistent 0 stack 0
  1002                           ;Auto spaces:   Size  Autos    Used
  1003                           ; COMMON          13      4      10
  1004                           ; BANK0           80     14      27
  1005                           ; BANK1           80      0       0
  1006                           ; BANK3           96      0       0
  1007                           ; BANK2           96      0       0
  1008                           
  1009                           
  1010                           ;Pointer list with targets:
  1011                           
  1012                           ;print_string@s	PTR unsigned char  size(1); Largest target is 7
  1013                           ;		 -> STR_1(CODE[7]), STR_3(CODE[6]), STR_2(CODE[7]), STR_4(CODE[7]), 
  1014                           ;emet_string@message	PTR unsigned char  size(1); Largest target is 5
  1015                           ;		 -> STR_5(CODE[5]), 
  1016                           ;?___lwmod	unsigned int  size(1); Largest target is 0
  1017                           ;?___lwdiv	unsigned int  size(1); Largest target is 0
  1018                           ;?___awmod	int  size(1); Largest target is 0
  1019                           ;?___awdiv	int  size(1); Largest target is 0
  1020                           
  1021                           
  1022                           ;Main: autosize = 0, tempsize = 2, incstack = 0, save=0
  1023                           
  1024                           
  1025                           ;Call graph:                      Base Space Used Autos Args Refs Density
  1026                           ;_main                                                2    0 2190   0.00
  1027                           ;                                   12 BANK0    2
  1028                           ;         _init_PORTD
  1029                           ;         _allume_LCD
  1030                           ;           _init_LCD
  1031                           ;_init_gps_mode_smart
  1032                           ; _init_liaison_serie
  1033                           ;             _efface
  1034                           ;       _goto_ligne_1
  1035                           ;       _print_string
  1036                           ;         _tempo_N_ms
  1037                           ;        _request_gps
  1038                           ;            ___awdiv
  1039                           ;         _print_char
  1040                           ;            ___awmod
  1041                           ;       _goto_ligne_2
  1042                           ;            ___lwdiv
  1043                           ;            ___lwmod
  1044                           ;  _print_string                                      3    0  252   0.00
  1045                           ;                                    9 BANK0    3
  1046                           ;         _print_char
  1047                           ;  _request_gps                                       6    0  289   0.00
  1048                           ;                                    4 BANK0    6
  1049                           ;        _emet_string
  1050                           ;           _emet_car
  1051                           ;         _tempo_N_ms
  1052                           ;         _recoit_car
  1053                           ;  _efface                                            0    0  150   0.00
  1054                           ;  _ecriture_commande
  1055                           ;  _goto_ligne_1                                      0    0  150   0.00
  1056                           ;  _ecriture_commande
  1057                           ;  ___awdiv                                           5    4  222   0.00
  1058                           ;                                    0 COMMO    1
  1059                           ;                                    0 BANK0    8
  1060                           ;  ___lwdiv                                           4    4  120   0.00
  1061                           ;                                    0 COMMO    1
  1062                           ;                                    0 BANK0    7
  1063                           ;  ___lwmod                                           2    4  237   0.00
  1064                           ;                                    1 COMMO    2
  1065                           ;                                    7 BANK0    4
  1066                           ;            ___lwdiv (ARG)
  1067                           ;  ___awmod                                           3    4  218   0.00
  1068                           ;                                    0 COMMO    3
  1069                           ;                                    0 BANK0    4
  1070                           ;  _goto_ligne_2                                      0    0  150   0.00
  1071                           ;  _ecriture_commande
  1072                           ;  _init_liaison_serie                                0    0    0   0.00
  1073                           ;  _allume_LCD                                        0    0    0   0.00
  1074                           ;         _init_PORTD
  1075                           ;  _init_LCD                                          0    0  184   0.00
  1076                           ;         _tempo_N_ms
  1077                           ;  _ecriture_commande
  1078                           ;  _init_gps_mode_smart                               0    0   34   0.00
  1079                           ;         _tempo_N_ms
  1080                           ;    _emet_string                                     2    0   75   0.00
  1081                           ;                                    1 COMMO    2
  1082                           ;           _emet_car
  1083                           ;    _recoit_car                                      0    0    0   0.00
  1084                           ;    _init_PORTD                                      0    0    0   0.00
  1085                           ;    _print_char                                      3    0  150   0.00
  1086                           ;                                    6 BANK0    3
  1087                           ;         _attente_bf
  1088                           ;    _ecriture_commande                               2    0  150   0.00
  1089                           ;                                    3 COMMO    1
  1090                           ;                                    6 BANK0    1
  1091                           ;         _attente_bf
  1092                           ;      _emet_car                                      1    0   24   0.00
  1093                           ;                                    0 COMMO    1
  1094                           ;      _attente_bf                                    1    0  102   0.00
  1095                           ;                                    2 COMMO    1
  1096                           ;   _lecture_commande
  1097                           ;        _lecture_commande                            3    0  102   0.00
  1098                           ;                                    1 COMMO    1
  1099                           ;                                    4 BANK0    2
  1100                           ;         _tempo_N_ms
  1101                           ;          _tempo_N_ms                                3    2   34   0.00
  1102                           ;                                    0 COMMO    1
  1103                           ;                                    0 BANK0    4
  1104                           ;         _tempo_1_ms
  1105                           ;            _tempo_1_ms                              0    0    0   0.00
  1106                           ; Estimated maximum call depth 6
  1107                           ; Address spaces:
  1108                           
  1109                           ;Name               Size   Autos  Total    Cost      Usage
  1110                           ;BITCOMMON            D      0       0       0        0.0%
  1111                           ;CODE                 0      0       0       0        0.0%
  1112                           ;NULL                 0      0       0       0        0.0%
  1113                           ;COMMON               D      4       A       1       76.9%
  1114                           ;SFR0                 0      0       0       1        0.0%
  1115                           ;BITSFR0              0      0       0       1        0.0%
  1116                           ;BITSFR1              0      0       0       2        0.0%
  1117                           ;SFR1                 0      0       0       2        0.0%
  1118                           ;ABS                  0      0      25       2        0.0%
  1119                           ;STACK                0      0       0       3        0.0%
  1120                           ;BITBANK0            50      0       0       4        0.0%
  1121                           ;SFR3                 0      0       0       4        0.0%
  1122                           ;BITSFR3              0      0       0       4        0.0%
  1123                           ;BANK0               50      E      1B       5       33.8%
  1124                           ;BITSFR2              0      0       0       5        0.0%
  1125                           ;SFR2                 0      0       0       5        0.0%
  1126                           ;BITBANK1            50      0       0       6        0.0%
  1127                           ;BANK1               50      0       0       7        0.0%
  1128                           ;BITBANK3            60      0       0       8        0.0%
  1129                           ;BANK3               60      0       0       9        0.0%
  1130                           ;BITBANK2            60      0       0      10        0.0%
  1131                           ;BANK2               60      0       0      11        0.0%
  1132                           ;DATA                 0      0      25      12        0.0%
  1133                           ;EEDATA             100      0       0    1000        0.0%
  1134                           
  1135                           	global	_main
  1136                           psect	maintext,local,class=CODE,delta=2
  1137                           global __pmaintext
  1138  035C                     __pmaintext:
  1139                           
  1140                           ; *************** function _main *****************
  1141                           ; Defined at:
  1142                           ;		line 32 in file "E:\MICROCONTREU\projet_gps\projet_1__everything_string\gps.c"
  1143                           ; Parameters:    Size  Location     Type
  1144                           ;		None
  1145                           ; Auto vars:     Size  Location     Type
  1146                           ;		None
  1147                           ; Return value:  Size  Location     Type
  1148                           ;		None               void
  1149                           ; Registers used:
  1150                           ;		wreg, fsr0l, fsr0h, status,2, status,0, pclath, cstack
  1151                           ; Tracked objects:
  1152                           ;		On entry : 17F/0
  1153                           ;		On exit  : 0/0
  1154                           ;		Unchanged: 0/0
  1155                           ; Data sizes:     COMMON   BANK0   BANK1   BANK3   BANK2
  1156                           ;      Locals:         0       2       0       0       0
  1157                           ;      Temp:     2
  1158                           ;      Total:    2
  1159                           ; This function calls:
  1160                           ;		_init_PORTD
  1161                           ;		_allume_LCD
  1162                           ;		_init_LCD
  1163                           ;		_init_gps_mode_smart
  1164                           ;		_init_liaison_serie
  1165                           ;		_efface
  1166                           ;		_goto_ligne_1
  1167                           ;		_print_string
  1168                           ;		_tempo_N_ms
  1169                           ;		_request_gps
  1170                           ;		___awdiv
  1171                           ;		_print_char
  1172                           ;		___awmod
  1173                           ;		_goto_ligne_2
  1174                           ;		___lwdiv
  1175                           ;		___lwmod
  1176                           ; This function is called by:
  1177                           ;		Startup code after reset
  1178                           ; This function uses a non-reentrant model
  1179                           ; 
  1180                           psect	maintext
  1181                           	file	"E:\MICROCONTREU\projet_gps\projet_1__everything_string\gps.c"
  1182                           	line	32
  1183                           	global	__size_of_main
  1184  04A4                     	__size_of_main	equ	__end_of_main-_main
  1185                           ;gps.c: 8: asm("\tpsect config,class=CONFIG,delta=2"); asm("\tdw ""0x3FFE & 0x3FFB & 0x3
                                 FFF & 0x3F7F");
  1186                           ;gps.c: 17: char debug @0x70;
  1187                           ;gps.c: 18: unsigned char tmHrs;
  1188                           ;gps.c: 19: unsigned char tmMins;
  1189                           ;gps.c: 20: unsigned char tmSecs;
  1190                           ;gps.c: 21: unsigned char day;
  1191                           ;gps.c: 22: unsigned char month;
  1192                           ;gps.c: 23: unsigned char year;
  1193                           ;gps.c: 24: unsigned char degrees;
  1194                           ;gps.c: 25: unsigned char minutes;
  1195                           ;gps.c: 26: unsigned char dir;
  1196                           ;gps.c: 27: unsigned int minutesD;
  1197                           ;gps.c: 28: unsigned long workVal;
  1198                           ;gps.c: 32: void main(void) {
  1199                           	
  1200  035C                     _main:	
  1201                           	opt stack 7
  1202                           ; Regs used in _main: [wreg-fsr0h+status,2+status,0+pclath+cstack]
  1203                           	line	36
  1204                           	
  1205  035C                     l30001674:	
  1206                           ;gps.c: 36: init_PORTD();
  1207  035C  120A  158A  2784   	fcall	_init_PORTD
              120A  118A         
  1208                           	line	37
  1209                           ;gps.c: 37: allume_LCD();
  1210  0361  120A  158A  2763   	fcall	_allume_LCD
              120A  118A         
  1211                           	
  1212  0366                     l30001675:	
  1213                           	line	38
  1214                           ;gps.c: 38: init_LCD();
  1215  0366  120A  118A  21A6   	fcall	_init_LCD
              120A  118A         
  1216                           	
  1217  036B                     l30001676:	
  1218                           	line	41
  1219                           ;gps.c: 41: init_gps_mode_smart();
  1220  036B  120A  158A  2746   	fcall	_init_gps_mode_smart
              120A  118A         
  1221                           	
  1222  0370                     l30001677:	
  1223                           	line	45
  1224                           ;gps.c: 45: init_liaison_serie();
  1225  0370  120A  118A  202E   	fcall	_init_liaison_serie
              120A  118A         
  1226                           	
  1227  0375                     l30001678:	
  1228                           	line	52
  1229                           ;gps.c: 50: {
  1230                           ;gps.c: 52: efface();
  1231  0375  120A  158A  2792   	fcall	_efface
              120A  118A         
  1232                           	
  1233  037A                     l30001679:	
  1234                           	line	53
  1235                           ;gps.c: 53: goto_ligne_1();
  1236  037A  120A  158A  278B   	fcall	_goto_ligne_1
              120A  118A         
  1237                           	
  1238  037F                     l30001680:	
  1239                           	line	54
  1240                           ;gps.c: 54: print_string("Date: ");
  1241  037F  3001               	movlw	((STR_1-__stringbase))&0ffh
  1242  0380  120A  118A  2091   	fcall	_print_string
              120A  118A         
  1243                           	
  1244  0385                     l30001681:	
  1245                           	line	55
  1246                           ;gps.c: 55: tempo_N_ms(160);
  1247  0385  30A0               	movlw	low(0A0h)
  1248  0386  1283               	bcf	status, 5	;RP0=0, select bank0
  1249  0387  1303               	bcf	status, 6	;RP1=0, select bank0
  1250  0388  00A2               	movwf	(?_tempo_N_ms)
  1251  0389  3000               	movlw	high(0A0h)
  1252  038A  00A3               	movwf	((?_tempo_N_ms))+1
  1253  038B  120A  118A  20BA   	fcall	_tempo_N_ms
              120A  118A         
  1254                           	
  1255  0390                     l30001682:	
  1256                           	line	56
  1257                           ;gps.c: 56: request_gps(0x04);
  1258  0390  3004               	movlw	(04h)
  1259  0391  120A  118A  22C8   	fcall	_request_gps
              120A  118A         
  1260                           	
  1261  0396                     l30001683:	
  1262                           	line	58
  1263                           ;gps.c: 58: tempo_N_ms(1000);
  1264  0396  30E8               	movlw	low(03E8h)
  1265  0397  1283               	bcf	status, 5	;RP0=0, select bank0
  1266  0398  1303               	bcf	status, 6	;RP1=0, select bank0
  1267  0399  00A2               	movwf	(?_tempo_N_ms)
  1268  039A  3003               	movlw	high(03E8h)
  1269  039B  00A3               	movwf	((?_tempo_N_ms))+1
  1270  039C  120A  118A  20BA   	fcall	_tempo_N_ms
              120A  118A         
  1271                           	
  1272  03A1                     l30001684:	
  1273                           	line	59
  1274                           ;gps.c: 59: tempo_N_ms(1000);
  1275  03A1  30E8               	movlw	low(03E8h)
  1276  03A2  1283               	bcf	status, 5	;RP0=0, select bank0
  1277  03A3  1303               	bcf	status, 6	;RP1=0, select bank0
  1278  03A4  00A2               	movwf	(?_tempo_N_ms)
  1279  03A5  3003               	movlw	high(03E8h)
  1280  03A6  00A3               	movwf	((?_tempo_N_ms))+1
  1281  03A7  120A  118A  20BA   	fcall	_tempo_N_ms
              120A  118A         
  1282                           	
  1283  03AC                     l30001685:	
  1284                           	line	60
  1285                           ;gps.c: 60: print_char(day / 100 + '0');
  1286  03AC  1283               	bcf	status, 5	;RP0=0, select bank0
  1287  03AD  1303               	bcf	status, 6	;RP1=0, select bank0
  1288  03AE  0836               	movf	(_day),w
  1289  03AF  00AC               	movwf	(??_main+0+0)
  1290  03B0  01AD               	clrf	(??_main+0+0+1)
  1291  03B1  082C               	movf	0+(??_main+0+0),w
  1292  03B2  00A4               	movwf	(?___awdiv)
  1293  03B3  082D               	movf	1+(??_main+0+0),w
  1294  03B4  00A5               	movwf	(?___awdiv+1)
  1295  03B5  3064               	movlw	low(064h)
  1296  03B6  00A6               	movwf	0+(?___awdiv)+02h
  1297  03B7  3000               	movlw	high(064h)
  1298  03B8  00A7               	movwf	(0+(?___awdiv)+02h)+1
  1299  03B9  120A  118A  2256   	fcall	___awdiv
              120A  118A         
  1300  03BE  1383               	bcf	status, 7	;select IRP bank0
  1301  03BF  1283               	bcf	status, 5	;RP0=0, select bank0
  1302  03C0  1303               	bcf	status, 6	;RP1=0, select bank0
  1303  03C1  0824               	movf	(0+(?___awdiv)),w
  1304  03C2  3E30               	addlw	030h
  1305  03C3  120A  118A  206E   	fcall	_print_char
              120A  118A         
  1306                           	
  1307  03C8                     l30001686:	
  1308                           	line	61
  1309                           ;gps.c: 61: print_char(day % 100 + '0');
  1310  03C8  1283               	bcf	status, 5	;RP0=0, select bank0
  1311  03C9  1303               	bcf	status, 6	;RP1=0, select bank0
  1312  03CA  0836               	movf	(_day),w
  1313  03CB  00AC               	movwf	(??_main+0+0)
  1314  03CC  01AD               	clrf	(??_main+0+0+1)
  1315  03CD  082C               	movf	0+(??_main+0+0),w
  1316  03CE  00A0               	movwf	(?___awmod)
  1317  03CF  082D               	movf	1+(??_main+0+0),w
  1318  03D0  00A1               	movwf	(?___awmod+1)
  1319  03D1  3064               	movlw	low(064h)
  1320  03D2  00A2               	movwf	0+(?___awmod)+02h
  1321  03D3  3000               	movlw	high(064h)
  1322  03D4  00A3               	movwf	(0+(?___awmod)+02h)+1
  1323  03D5  120A  118A  21FA   	fcall	___awmod
              120A  118A         
  1324  03DA  1383               	bcf	status, 7	;select IRP bank0
  1325  03DB  1283               	bcf	status, 5	;RP0=0, select bank0
  1326  03DC  1303               	bcf	status, 6	;RP1=0, select bank0
  1327  03DD  0820               	movf	(0+(?___awmod)),w
  1328  03DE  3E30               	addlw	030h
  1329  03DF  120A  118A  206E   	fcall	_print_char
              120A  118A         
  1330                           	
  1331  03E4                     l30001687:	
  1332                           	line	62
  1333                           ;gps.c: 62: print_char('/');
  1334  03E4  302F               	movlw	(02Fh)
  1335  03E5  120A  118A  206E   	fcall	_print_char
              120A  118A         
  1336                           	
  1337  03EA                     l30001688:	
  1338                           	line	63
  1339                           ;gps.c: 63: print_char(month / 100+ '0');
  1340  03EA  1283               	bcf	status, 5	;RP0=0, select bank0
  1341  03EB  1303               	bcf	status, 6	;RP1=0, select bank0
  1342  03EC  0838               	movf	(_month),w
  1343  03ED  00AC               	movwf	(??_main+0+0)
  1344  03EE  01AD               	clrf	(??_main+0+0+1)
  1345  03EF  082C               	movf	0+(??_main+0+0),w
  1346  03F0  00A4               	movwf	(?___awdiv)
  1347  03F1  082D               	movf	1+(??_main+0+0),w
  1348  03F2  00A5               	movwf	(?___awdiv+1)
  1349  03F3  3064               	movlw	low(064h)
  1350  03F4  00A6               	movwf	0+(?___awdiv)+02h
  1351  03F5  3000               	movlw	high(064h)
  1352  03F6  00A7               	movwf	(0+(?___awdiv)+02h)+1
  1353  03F7  120A  118A  2256   	fcall	___awdiv
              120A  118A         
  1354  03FC  1383               	bcf	status, 7	;select IRP bank0
  1355  03FD  1283               	bcf	status, 5	;RP0=0, select bank0
  1356  03FE  1303               	bcf	status, 6	;RP1=0, select bank0
  1357  03FF  0824               	movf	(0+(?___awdiv)),w
  1358  0400  3E30               	addlw	030h
  1359  0401  120A  118A  206E   	fcall	_print_char
              120A  118A         
  1360                           	
  1361  0406                     l30001689:	
  1362                           	line	64
  1363                           ;gps.c: 64: print_char(month % 100+ '0');
  1364  0406  1283               	bcf	status, 5	;RP0=0, select bank0
  1365  0407  1303               	bcf	status, 6	;RP1=0, select bank0
  1366  0408  0838               	movf	(_month),w
  1367  0409  00AC               	movwf	(??_main+0+0)
  1368  040A  01AD               	clrf	(??_main+0+0+1)
  1369  040B  082C               	movf	0+(??_main+0+0),w
  1370  040C  00A0               	movwf	(?___awmod)
  1371  040D  082D               	movf	1+(??_main+0+0),w
  1372  040E  00A1               	movwf	(?___awmod+1)
  1373  040F  3064               	movlw	low(064h)
  1374  0410  00A2               	movwf	0+(?___awmod)+02h
  1375  0411  3000               	movlw	high(064h)
  1376  0412  00A3               	movwf	(0+(?___awmod)+02h)+1
  1377  0413  120A  118A  21FA   	fcall	___awmod
              120A  118A         
  1378  0418  1383               	bcf	status, 7	;select IRP bank0
  1379  0419  1283               	bcf	status, 5	;RP0=0, select bank0
  1380  041A  1303               	bcf	status, 6	;RP1=0, select bank0
  1381  041B  0820               	movf	(0+(?___awmod)),w
  1382  041C  3E30               	addlw	030h
  1383  041D  120A  118A  206E   	fcall	_print_char
              120A  118A         
  1384                           	
  1385  0422                     l30001690:	
  1386                           	line	65
  1387                           ;gps.c: 65: print_char('/');
  1388  0422  302F               	movlw	(02Fh)
  1389  0423  120A  118A  206E   	fcall	_print_char
              120A  118A         
  1390                           	
  1391  0428                     l30001691:	
  1392                           	line	66
  1393                           ;gps.c: 66: print_char(year / 100+'0');
  1394  0428  0876               	movf	(_year),w
  1395  0429  1283               	bcf	status, 5	;RP0=0, select bank0
  1396  042A  1303               	bcf	status, 6	;RP1=0, select bank0
  1397  042B  00AC               	movwf	(??_main+0+0)
  1398  042C  01AD               	clrf	(??_main+0+0+1)
  1399  042D  082C               	movf	0+(??_main+0+0),w
  1400  042E  00A4               	movwf	(?___awdiv)
  1401  042F  082D               	movf	1+(??_main+0+0),w
  1402  0430  00A5               	movwf	(?___awdiv+1)
  1403  0431  3064               	movlw	low(064h)
  1404  0432  00A6               	movwf	0+(?___awdiv)+02h
  1405  0433  3000               	movlw	high(064h)
  1406  0434  00A7               	movwf	(0+(?___awdiv)+02h)+1
  1407  0435  120A  118A  2256   	fcall	___awdiv
              120A  118A         
  1408  043A  1383               	bcf	status, 7	;select IRP bank0
  1409  043B  1283               	bcf	status, 5	;RP0=0, select bank0
  1410  043C  1303               	bcf	status, 6	;RP1=0, select bank0
  1411  043D  0824               	movf	(0+(?___awdiv)),w
  1412  043E  3E30               	addlw	030h
  1413  043F  120A  118A  206E   	fcall	_print_char
              120A  118A         
  1414                           	
  1415  0444                     l30001692:	
  1416                           	line	67
  1417                           ;gps.c: 67: print_char(year % 100+'0');
  1418  0444  0876               	movf	(_year),w
  1419  0445  1283               	bcf	status, 5	;RP0=0, select bank0
  1420  0446  1303               	bcf	status, 6	;RP1=0, select bank0
  1421  0447  00AC               	movwf	(??_main+0+0)
  1422  0448  01AD               	clrf	(??_main+0+0+1)
  1423  0449  082C               	movf	0+(??_main+0+0),w
  1424  044A  00A0               	movwf	(?___awmod)
  1425  044B  082D               	movf	1+(??_main+0+0),w
  1426  044C  00A1               	movwf	(?___awmod+1)
  1427  044D  3064               	movlw	low(064h)
  1428  044E  00A2               	movwf	0+(?___awmod)+02h
  1429  044F  3000               	movlw	high(064h)
  1430  0450  00A3               	movwf	(0+(?___awmod)+02h)+1
  1431  0451  120A  118A  21FA   	fcall	___awmod
              120A  118A         
  1432  0456  1383               	bcf	status, 7	;select IRP bank0
  1433  0457  1283               	bcf	status, 5	;RP0=0, select bank0
  1434  0458  1303               	bcf	status, 6	;RP1=0, select bank0
  1435  0459  0820               	movf	(0+(?___awmod)),w
  1436  045A  3E30               	addlw	030h
  1437  045B  120A  118A  206E   	fcall	_print_char
              120A  118A         
  1438                           	
  1439  0460                     l30001693:	
  1440                           	line	69
  1441                           ;gps.c: 69: tempo_N_ms(1000);
  1442  0460  30E8               	movlw	low(03E8h)
  1443  0461  1283               	bcf	status, 5	;RP0=0, select bank0
  1444  0462  1303               	bcf	status, 6	;RP1=0, select bank0
  1445  0463  00A2               	movwf	(?_tempo_N_ms)
  1446  0464  3003               	movlw	high(03E8h)
  1447  0465  00A3               	movwf	((?_tempo_N_ms))+1
  1448  0466  120A  118A  20BA   	fcall	_tempo_N_ms
              120A  118A         
  1449                           	
  1450  046B                     l30001694:	
  1451                           	line	72
  1452                           ;gps.c: 72: goto_ligne_2();
  1453  046B  120A  158A  277D   	fcall	_goto_ligne_2
              120A  118A         
  1454                           	
  1455  0470                     l30001695:	
  1456                           	line	73
  1457                           ;gps.c: 73: print_string("Time: ");
  1458  0470  3008               	movlw	((STR_2-__stringbase))&0ffh
  1459  0471  120A  118A  2091   	fcall	_print_string
              120A  118A         
  1460                           	
  1461  0476                     l30001696:	
  1462                           	line	75
  1463                           ;gps.c: 75: tempo_N_ms(160);
  1464  0476  30A0               	movlw	low(0A0h)
  1465  0477  1283               	bcf	status, 5	;RP0=0, select bank0
  1466  0478  1303               	bcf	status, 6	;RP1=0, select bank0
  1467  0479  00A2               	movwf	(?_tempo_N_ms)
  1468  047A  3000               	movlw	high(0A0h)
  1469  047B  00A3               	movwf	((?_tempo_N_ms))+1
  1470  047C  120A  118A  20BA   	fcall	_tempo_N_ms
              120A  118A         
  1471                           	
  1472  0481                     l30001697:	
  1473                           	line	76
  1474                           ;gps.c: 76: request_gps(0x03);
  1475  0481  3003               	movlw	(03h)
  1476  0482  120A  118A  22C8   	fcall	_request_gps
              120A  118A         
  1477                           	
  1478  0487                     l30001698:	
  1479                           	line	77
  1480                           ;gps.c: 77: print_char(tmHrs / 10 + '0');
  1481  0487  1283               	bcf	status, 5	;RP0=0, select bank0
  1482  0488  1303               	bcf	status, 6	;RP1=0, select bank0
  1483  0489  0839               	movf	(_tmHrs),w
  1484  048A  00AC               	movwf	(??_main+0+0)
  1485  048B  01AD               	clrf	(??_main+0+0+1)
  1486  048C  082C               	movf	0+(??_main+0+0),w
  1487  048D  00A4               	movwf	(?___awdiv)
  1488  048E  082D               	movf	1+(??_main+0+0),w
  1489  048F  00A5               	movwf	(?___awdiv+1)
  1490  0490  300A               	movlw	low(0Ah)
  1491  0491  00A6               	movwf	0+(?___awdiv)+02h
  1492  0492  3000               	movlw	high(0Ah)
  1493  0493  00A7               	movwf	(0+(?___awdiv)+02h)+1
  1494  0494  120A  118A  2256   	fcall	___awdiv
              120A  118A         
  1495  0499  1383               	bcf	status, 7	;select IRP bank0
  1496  049A  1283               	bcf	status, 5	;RP0=0, select bank0
  1497  049B  1303               	bcf	status, 6	;RP1=0, select bank0
  1498  049C  0824               	movf	(0+(?___awdiv)),w
  1499  049D  3E30               	addlw	030h
  1500  049E  120A  118A  206E   	fcall	_print_char
              120A  118A         
  1501                           	
  1502  04A3                     l30001699:	
  1503                           	line	78
  1504                           ;gps.c: 78: print_char(tmHrs % 10 + '0');
  1505  04A3  1283               	bcf	status, 5	;RP0=0, select bank0
  1506  04A4  1303               	bcf	status, 6	;RP1=0, select bank0
  1507  04A5  0839               	movf	(_tmHrs),w
  1508  04A6  00AC               	movwf	(??_main+0+0)
  1509  04A7  01AD               	clrf	(??_main+0+0+1)
  1510  04A8  082C               	movf	0+(??_main+0+0),w
  1511  04A9  00A0               	movwf	(?___awmod)
  1512  04AA  082D               	movf	1+(??_main+0+0),w
  1513  04AB  00A1               	movwf	(?___awmod+1)
  1514  04AC  300A               	movlw	low(0Ah)
  1515  04AD  00A2               	movwf	0+(?___awmod)+02h
  1516  04AE  3000               	movlw	high(0Ah)
  1517  04AF  00A3               	movwf	(0+(?___awmod)+02h)+1
  1518  04B0  120A  118A  21FA   	fcall	___awmod
              120A  118A         
  1519  04B5  1383               	bcf	status, 7	;select IRP bank0
  1520  04B6  1283               	bcf	status, 5	;RP0=0, select bank0
  1521  04B7  1303               	bcf	status, 6	;RP1=0, select bank0
  1522  04B8  0820               	movf	(0+(?___awmod)),w
  1523  04B9  3E30               	addlw	030h
  1524  04BA  120A  118A  206E   	fcall	_print_char
              120A  118A         
  1525                           	
  1526  04BF                     l30001700:	
  1527                           	line	79
  1528                           ;gps.c: 79: print_char(':');
  1529  04BF  303A               	movlw	(03Ah)
  1530  04C0  120A  118A  206E   	fcall	_print_char
              120A  118A         
  1531                           	
  1532  04C5                     l30001701:	
  1533                           	line	80
  1534                           ;gps.c: 80: print_char(tmMins / 10 + '0');
  1535  04C5  1283               	bcf	status, 5	;RP0=0, select bank0
  1536  04C6  1303               	bcf	status, 6	;RP1=0, select bank0
  1537  04C7  083A               	movf	(_tmMins),w
  1538  04C8  00AC               	movwf	(??_main+0+0)
  1539  04C9  01AD               	clrf	(??_main+0+0+1)
  1540  04CA  082C               	movf	0+(??_main+0+0),w
  1541  04CB  00A4               	movwf	(?___awdiv)
  1542  04CC  082D               	movf	1+(??_main+0+0),w
  1543  04CD  00A5               	movwf	(?___awdiv+1)
  1544  04CE  300A               	movlw	low(0Ah)
  1545  04CF  00A6               	movwf	0+(?___awdiv)+02h
  1546  04D0  3000               	movlw	high(0Ah)
  1547  04D1  00A7               	movwf	(0+(?___awdiv)+02h)+1
  1548  04D2  120A  118A  2256   	fcall	___awdiv
              120A  118A         
  1549  04D7  1383               	bcf	status, 7	;select IRP bank0
  1550  04D8  1283               	bcf	status, 5	;RP0=0, select bank0
  1551  04D9  1303               	bcf	status, 6	;RP1=0, select bank0
  1552  04DA  0824               	movf	(0+(?___awdiv)),w
  1553  04DB  3E30               	addlw	030h
  1554  04DC  120A  118A  206E   	fcall	_print_char
              120A  118A         
  1555                           	
  1556  04E1                     l30001702:	
  1557                           	line	81
  1558                           ;gps.c: 81: print_char(tmMins % 10 + '0');
  1559  04E1  1283               	bcf	status, 5	;RP0=0, select bank0
  1560  04E2  1303               	bcf	status, 6	;RP1=0, select bank0
  1561  04E3  083A               	movf	(_tmMins),w
  1562  04E4  00AC               	movwf	(??_main+0+0)
  1563  04E5  01AD               	clrf	(??_main+0+0+1)
  1564  04E6  082C               	movf	0+(??_main+0+0),w
  1565  04E7  00A0               	movwf	(?___awmod)
  1566  04E8  082D               	movf	1+(??_main+0+0),w
  1567  04E9  00A1               	movwf	(?___awmod+1)
  1568  04EA  300A               	movlw	low(0Ah)
  1569  04EB  00A2               	movwf	0+(?___awmod)+02h
  1570  04EC  3000               	movlw	high(0Ah)
  1571  04ED  00A3               	movwf	(0+(?___awmod)+02h)+1
  1572  04EE  120A  118A  21FA   	fcall	___awmod
              120A  118A         
  1573  04F3  1383               	bcf	status, 7	;select IRP bank0
  1574  04F4  1283               	bcf	status, 5	;RP0=0, select bank0
  1575  04F5  1303               	bcf	status, 6	;RP1=0, select bank0
  1576  04F6  0820               	movf	(0+(?___awmod)),w
  1577  04F7  3E30               	addlw	030h
  1578  04F8  120A  118A  206E   	fcall	_print_char
              120A  118A         
  1579                           	
  1580  04FD                     l30001703:	
  1581                           	line	82
  1582                           ;gps.c: 82: print_char(':');
  1583  04FD  303A               	movlw	(03Ah)
  1584  04FE  120A  118A  206E   	fcall	_print_char
              120A  118A         
  1585                           	
  1586  0503                     l30001704:	
  1587                           	line	83
  1588                           ;gps.c: 83: print_char(tmSecs / 10 + '0');
  1589  0503  0875               	movf	(_tmSecs),w
  1590  0504  1283               	bcf	status, 5	;RP0=0, select bank0
  1591  0505  1303               	bcf	status, 6	;RP1=0, select bank0
  1592  0506  00AC               	movwf	(??_main+0+0)
  1593  0507  01AD               	clrf	(??_main+0+0+1)
  1594  0508  082C               	movf	0+(??_main+0+0),w
  1595  0509  00A4               	movwf	(?___awdiv)
  1596  050A  082D               	movf	1+(??_main+0+0),w
  1597  050B  00A5               	movwf	(?___awdiv+1)
  1598  050C  300A               	movlw	low(0Ah)
  1599  050D  00A6               	movwf	0+(?___awdiv)+02h
  1600  050E  3000               	movlw	high(0Ah)
  1601  050F  00A7               	movwf	(0+(?___awdiv)+02h)+1
  1602  0510  120A  118A  2256   	fcall	___awdiv
              120A  118A         
  1603  0515  1383               	bcf	status, 7	;select IRP bank0
  1604  0516  1283               	bcf	status, 5	;RP0=0, select bank0
  1605  0517  1303               	bcf	status, 6	;RP1=0, select bank0
  1606  0518  0824               	movf	(0+(?___awdiv)),w
  1607  0519  3E30               	addlw	030h
  1608  051A  120A  118A  206E   	fcall	_print_char
              120A  118A         
  1609                           	
  1610  051F                     l30001705:	
  1611                           	line	84
  1612                           ;gps.c: 84: print_char(tmSecs % 10 + '0');
  1613  051F  0875               	movf	(_tmSecs),w
  1614  0520  1283               	bcf	status, 5	;RP0=0, select bank0
  1615  0521  1303               	bcf	status, 6	;RP1=0, select bank0
  1616  0522  00AC               	movwf	(??_main+0+0)
  1617  0523  01AD               	clrf	(??_main+0+0+1)
  1618  0524  082C               	movf	0+(??_main+0+0),w
  1619  0525  00A0               	movwf	(?___awmod)
  1620  0526  082D               	movf	1+(??_main+0+0),w
  1621  0527  00A1               	movwf	(?___awmod+1)
  1622  0528  300A               	movlw	low(0Ah)
  1623  0529  00A2               	movwf	0+(?___awmod)+02h
  1624  052A  3000               	movlw	high(0Ah)
  1625  052B  00A3               	movwf	(0+(?___awmod)+02h)+1
  1626  052C  120A  118A  21FA   	fcall	___awmod
              120A  118A         
  1627  0531  1383               	bcf	status, 7	;select IRP bank0
  1628  0532  1283               	bcf	status, 5	;RP0=0, select bank0
  1629  0533  1303               	bcf	status, 6	;RP1=0, select bank0
  1630  0534  0820               	movf	(0+(?___awmod)),w
  1631  0535  3E30               	addlw	030h
  1632  0536  120A  118A  206E   	fcall	_print_char
              120A  118A         
  1633                           	
  1634  053B                     l30001706:	
  1635                           	line	87
  1636                           ;gps.c: 87: tempo_N_ms(1000);
  1637  053B  30E8               	movlw	low(03E8h)
  1638  053C  1283               	bcf	status, 5	;RP0=0, select bank0
  1639  053D  1303               	bcf	status, 6	;RP1=0, select bank0
  1640  053E  00A2               	movwf	(?_tempo_N_ms)
  1641  053F  3003               	movlw	high(03E8h)
  1642  0540  00A3               	movwf	((?_tempo_N_ms))+1
  1643  0541  120A  118A  20BA   	fcall	_tempo_N_ms
              120A  118A         
  1644                           	
  1645  0546                     l30001707:	
  1646                           	line	91
  1647                           ;gps.c: 91: efface();
  1648  0546  120A  158A  2792   	fcall	_efface
              120A  118A         
  1649                           	
  1650  054B                     l30001708:	
  1651                           	line	92
  1652                           ;gps.c: 92: goto_ligne_1();
  1653  054B  120A  158A  278B   	fcall	_goto_ligne_1
              120A  118A         
  1654                           	
  1655  0550                     l30001709:	
  1656                           	line	93
  1657                           ;gps.c: 93: print_string("Lat: ");
  1658  0550  3016               	movlw	((STR_3-__stringbase))&0ffh
  1659  0551  120A  118A  2091   	fcall	_print_string
              120A  118A         
  1660                           	
  1661  0556                     l30001710:	
  1662                           	line	95
  1663                           ;gps.c: 95: tempo_N_ms(160);
  1664  0556  30A0               	movlw	low(0A0h)
  1665  0557  1283               	bcf	status, 5	;RP0=0, select bank0
  1666  0558  1303               	bcf	status, 6	;RP1=0, select bank0
  1667  0559  00A2               	movwf	(?_tempo_N_ms)
  1668  055A  3000               	movlw	high(0A0h)
  1669  055B  00A3               	movwf	((?_tempo_N_ms))+1
  1670  055C  120A  118A  20BA   	fcall	_tempo_N_ms
              120A  118A         
  1671                           	
  1672  0561                     l30001711:	
  1673                           	line	96
  1674                           ;gps.c: 96: request_gps(0x05);
  1675  0561  3005               	movlw	(05h)
  1676  0562  120A  118A  22C8   	fcall	_request_gps
              120A  118A         
  1677                           	
  1678  0567                     l30001712:	
  1679                           	line	97
  1680                           ;gps.c: 97: print_char(degrees / 10 + '0');
  1681  0567  0873               	movf	(_degrees),w
  1682  0568  1283               	bcf	status, 5	;RP0=0, select bank0
  1683  0569  1303               	bcf	status, 6	;RP1=0, select bank0
  1684  056A  00AC               	movwf	(??_main+0+0)
  1685  056B  01AD               	clrf	(??_main+0+0+1)
  1686  056C  082C               	movf	0+(??_main+0+0),w
  1687  056D  00A4               	movwf	(?___awdiv)
  1688  056E  082D               	movf	1+(??_main+0+0),w
  1689  056F  00A5               	movwf	(?___awdiv+1)
  1690  0570  300A               	movlw	low(0Ah)
  1691  0571  00A6               	movwf	0+(?___awdiv)+02h
  1692  0572  3000               	movlw	high(0Ah)
  1693  0573  00A7               	movwf	(0+(?___awdiv)+02h)+1
  1694  0574  120A  118A  2256   	fcall	___awdiv
              120A  118A         
  1695  0579  1383               	bcf	status, 7	;select IRP bank0
  1696  057A  1283               	bcf	status, 5	;RP0=0, select bank0
  1697  057B  1303               	bcf	status, 6	;RP1=0, select bank0
  1698  057C  0824               	movf	(0+(?___awdiv)),w
  1699  057D  3E30               	addlw	030h
  1700  057E  120A  118A  206E   	fcall	_print_char
              120A  118A         
  1701                           	
  1702  0583                     l30001713:	
  1703                           	line	98
  1704                           ;gps.c: 98: print_char(degrees % 10 + '0');
  1705  0583  0873               	movf	(_degrees),w
  1706  0584  1283               	bcf	status, 5	;RP0=0, select bank0
  1707  0585  1303               	bcf	status, 6	;RP1=0, select bank0
  1708  0586  00AC               	movwf	(??_main+0+0)
  1709  0587  01AD               	clrf	(??_main+0+0+1)
  1710  0588  082C               	movf	0+(??_main+0+0),w
  1711  0589  00A0               	movwf	(?___awmod)
  1712  058A  082D               	movf	1+(??_main+0+0),w
  1713  058B  00A1               	movwf	(?___awmod+1)
  1714  058C  300A               	movlw	low(0Ah)
  1715  058D  00A2               	movwf	0+(?___awmod)+02h
  1716  058E  3000               	movlw	high(0Ah)
  1717  058F  00A3               	movwf	(0+(?___awmod)+02h)+1
  1718  0590  120A  118A  21FA   	fcall	___awmod
              120A  118A         
  1719  0595  1383               	bcf	status, 7	;select IRP bank0
  1720  0596  1283               	bcf	status, 5	;RP0=0, select bank0
  1721  0597  1303               	bcf	status, 6	;RP1=0, select bank0
  1722  0598  0820               	movf	(0+(?___awmod)),w
  1723  0599  3E30               	addlw	030h
  1724  059A  120A  118A  206E   	fcall	_print_char
              120A  118A         
  1725                           	
  1726  059F                     l30001714:	
  1727                           	line	99
  1728                           ;gps.c: 99: print_char(' ');
  1729  059F  3020               	movlw	(020h)
  1730  05A0  120A  118A  206E   	fcall	_print_char
              120A  118A         
  1731                           	
  1732  05A5                     l30001715:	
  1733                           	line	100
  1734                           ;gps.c: 100: print_char(minutes / 10 + '0');
  1735  05A5  0874               	movf	(_minutes),w
  1736  05A6  1283               	bcf	status, 5	;RP0=0, select bank0
  1737  05A7  1303               	bcf	status, 6	;RP1=0, select bank0
  1738  05A8  00AC               	movwf	(??_main+0+0)
  1739  05A9  01AD               	clrf	(??_main+0+0+1)
  1740  05AA  082C               	movf	0+(??_main+0+0),w
  1741  05AB  00A4               	movwf	(?___awdiv)
  1742  05AC  082D               	movf	1+(??_main+0+0),w
  1743  05AD  00A5               	movwf	(?___awdiv+1)
  1744  05AE  300A               	movlw	low(0Ah)
  1745  05AF  00A6               	movwf	0+(?___awdiv)+02h
  1746  05B0  3000               	movlw	high(0Ah)
  1747  05B1  00A7               	movwf	(0+(?___awdiv)+02h)+1
  1748  05B2  120A  118A  2256   	fcall	___awdiv
              120A  118A         
  1749  05B7  1383               	bcf	status, 7	;select IRP bank0
  1750  05B8  1283               	bcf	status, 5	;RP0=0, select bank0
  1751  05B9  1303               	bcf	status, 6	;RP1=0, select bank0
  1752  05BA  0824               	movf	(0+(?___awdiv)),w
  1753  05BB  3E30               	addlw	030h
  1754  05BC  120A  118A  206E   	fcall	_print_char
              120A  118A         
  1755                           	
  1756  05C1                     l30001716:	
  1757                           	line	101
  1758                           ;gps.c: 101: print_char(minutes % 10 + '0');
  1759  05C1  0874               	movf	(_minutes),w
  1760  05C2  1283               	bcf	status, 5	;RP0=0, select bank0
  1761  05C3  1303               	bcf	status, 6	;RP1=0, select bank0
  1762  05C4  00AC               	movwf	(??_main+0+0)
  1763  05C5  01AD               	clrf	(??_main+0+0+1)
  1764  05C6  082C               	movf	0+(??_main+0+0),w
  1765  05C7  00A0               	movwf	(?___awmod)
  1766  05C8  082D               	movf	1+(??_main+0+0),w
  1767  05C9  00A1               	movwf	(?___awmod+1)
  1768  05CA  300A               	movlw	low(0Ah)
  1769  05CB  00A2               	movwf	0+(?___awmod)+02h
  1770  05CC  3000               	movlw	high(0Ah)
  1771  05CD  00A3               	movwf	(0+(?___awmod)+02h)+1
  1772  05CE  120A  118A  21FA   	fcall	___awmod
              120A  118A         
  1773  05D3  1383               	bcf	status, 7	;select IRP bank0
  1774  05D4  1283               	bcf	status, 5	;RP0=0, select bank0
  1775  05D5  1303               	bcf	status, 6	;RP1=0, select bank0
  1776  05D6  0820               	movf	(0+(?___awmod)),w
  1777  05D7  3E30               	addlw	030h
  1778  05D8  120A  118A  206E   	fcall	_print_char
              120A  118A         
  1779                           	
  1780  05DD                     l30001717:	
  1781                           	line	102
  1782                           ;gps.c: 102: print_char('.');
  1783  05DD  302E               	movlw	(02Eh)
  1784  05DE  120A  118A  206E   	fcall	_print_char
              120A  118A         
  1785                           	
  1786  05E3                     l30001718:	
  1787                           	line	103
  1788                           ;gps.c: 103: print_char((minutesD / 1000) % 10 + '0');
  1789  05E3  0872               	movf	(_minutesD+1),w
  1790  05E4  1283               	bcf	status, 5	;RP0=0, select bank0
  1791  05E5  1303               	bcf	status, 6	;RP1=0, select bank0
  1792  05E6  01A4               	clrf	(?___lwdiv+1)
  1793  05E7  07A4               	addwf	(?___lwdiv+1)
  1794  05E8  0871               	movf	(_minutesD),w
  1795  05E9  01A3               	clrf	(?___lwdiv)
  1796  05EA  07A3               	addwf	(?___lwdiv)
  1797                           
  1798  05EB  30E8               	movlw	low(03E8h)
  1799  05EC  00A5               	movwf	0+(?___lwdiv)+02h
  1800  05ED  3003               	movlw	high(03E8h)
  1801  05EE  00A6               	movwf	(0+(?___lwdiv)+02h)+1
  1802  05EF  120A  118A  215B   	fcall	___lwdiv
              120A  118A         
  1803  05F4  1383               	bcf	status, 7	;select IRP bank0
  1804  05F5  1283               	bcf	status, 5	;RP0=0, select bank0
  1805  05F6  1303               	bcf	status, 6	;RP1=0, select bank0
  1806  05F7  0824               	movf	(1+(?___lwdiv)),w
  1807  05F8  01A8               	clrf	(?___lwmod+1)
  1808  05F9  07A8               	addwf	(?___lwmod+1)
  1809  05FA  0823               	movf	(0+(?___lwdiv)),w
  1810  05FB  01A7               	clrf	(?___lwmod)
  1811  05FC  07A7               	addwf	(?___lwmod)
  1812                           
  1813  05FD  300A               	movlw	low(0Ah)
  1814  05FE  00A9               	movwf	0+(?___lwmod)+02h
  1815  05FF  3000               	movlw	high(0Ah)
  1816  0600  00AA               	movwf	(0+(?___lwmod)+02h)+1
  1817  0601  120A  118A  211C   	fcall	___lwmod
              120A  118A         
  1818  0606  1383               	bcf	status, 7	;select IRP bank0
  1819  0607  1283               	bcf	status, 5	;RP0=0, select bank0
  1820  0608  1303               	bcf	status, 6	;RP1=0, select bank0
  1821  0609  0827               	movf	(0+(?___lwmod)),w
  1822  060A  3E30               	addlw	030h
  1823  060B  120A  118A  206E   	fcall	_print_char
              120A  118A         
  1824                           	
  1825  0610                     l30001719:	
  1826                           	line	104
  1827                           ;gps.c: 104: print_char((minutesD / 100) % 10 + '0');
  1828  0610  0872               	movf	(_minutesD+1),w
  1829  0611  1283               	bcf	status, 5	;RP0=0, select bank0
  1830  0612  1303               	bcf	status, 6	;RP1=0, select bank0
  1831  0613  01A4               	clrf	(?___lwdiv+1)
  1832  0614  07A4               	addwf	(?___lwdiv+1)
  1833  0615  0871               	movf	(_minutesD),w
  1834  0616  01A3               	clrf	(?___lwdiv)
  1835  0617  07A3               	addwf	(?___lwdiv)
  1836                           
  1837  0618  3064               	movlw	low(064h)
  1838  0619  00A5               	movwf	0+(?___lwdiv)+02h
  1839  061A  3000               	movlw	high(064h)
  1840  061B  00A6               	movwf	(0+(?___lwdiv)+02h)+1
  1841  061C  120A  118A  215B   	fcall	___lwdiv
              120A  118A         
  1842  0621  1383               	bcf	status, 7	;select IRP bank0
  1843  0622  1283               	bcf	status, 5	;RP0=0, select bank0
  1844  0623  1303               	bcf	status, 6	;RP1=0, select bank0
  1845  0624  0824               	movf	(1+(?___lwdiv)),w
  1846  0625  01A8               	clrf	(?___lwmod+1)
  1847  0626  07A8               	addwf	(?___lwmod+1)
  1848  0627  0823               	movf	(0+(?___lwdiv)),w
  1849  0628  01A7               	clrf	(?___lwmod)
  1850  0629  07A7               	addwf	(?___lwmod)
  1851                           
  1852  062A  300A               	movlw	low(0Ah)
  1853  062B  00A9               	movwf	0+(?___lwmod)+02h
  1854  062C  3000               	movlw	high(0Ah)
  1855  062D  00AA               	movwf	(0+(?___lwmod)+02h)+1
  1856  062E  120A  118A  211C   	fcall	___lwmod
              120A  118A         
  1857  0633  1383               	bcf	status, 7	;select IRP bank0
  1858  0634  1283               	bcf	status, 5	;RP0=0, select bank0
  1859  0635  1303               	bcf	status, 6	;RP1=0, select bank0
  1860  0636  0827               	movf	(0+(?___lwmod)),w
  1861  0637  3E30               	addlw	030h
  1862  0638  120A  118A  206E   	fcall	_print_char
              120A  118A         
  1863                           	
  1864  063D                     l30001720:	
  1865                           	line	105
  1866                           ;gps.c: 105: print_char((minutesD / 10) % 10 + '0');
  1867  063D  0872               	movf	(_minutesD+1),w
  1868  063E  1283               	bcf	status, 5	;RP0=0, select bank0
  1869  063F  1303               	bcf	status, 6	;RP1=0, select bank0
  1870  0640  01A4               	clrf	(?___lwdiv+1)
  1871  0641  07A4               	addwf	(?___lwdiv+1)
  1872  0642  0871               	movf	(_minutesD),w
  1873  0643  01A3               	clrf	(?___lwdiv)
  1874  0644  07A3               	addwf	(?___lwdiv)
  1875                           
  1876  0645  300A               	movlw	low(0Ah)
  1877  0646  00A5               	movwf	0+(?___lwdiv)+02h
  1878  0647  3000               	movlw	high(0Ah)
  1879  0648  00A6               	movwf	(0+(?___lwdiv)+02h)+1
  1880  0649  120A  118A  215B   	fcall	___lwdiv
              120A  118A         
  1881  064E  1383               	bcf	status, 7	;select IRP bank0
  1882  064F  1283               	bcf	status, 5	;RP0=0, select bank0
  1883  0650  1303               	bcf	status, 6	;RP1=0, select bank0
  1884  0651  0824               	movf	(1+(?___lwdiv)),w
  1885  0652  01A8               	clrf	(?___lwmod+1)
  1886  0653  07A8               	addwf	(?___lwmod+1)
  1887  0654  0823               	movf	(0+(?___lwdiv)),w
  1888  0655  01A7               	clrf	(?___lwmod)
  1889  0656  07A7               	addwf	(?___lwmod)
  1890                           
  1891  0657  300A               	movlw	low(0Ah)
  1892  0658  00A9               	movwf	0+(?___lwmod)+02h
  1893  0659  3000               	movlw	high(0Ah)
  1894  065A  00AA               	movwf	(0+(?___lwmod)+02h)+1
  1895  065B  120A  118A  211C   	fcall	___lwmod
              120A  118A         
  1896  0660  1383               	bcf	status, 7	;select IRP bank0
  1897  0661  1283               	bcf	status, 5	;RP0=0, select bank0
  1898  0662  1303               	bcf	status, 6	;RP1=0, select bank0
  1899  0663  0827               	movf	(0+(?___lwmod)),w
  1900  0664  3E30               	addlw	030h
  1901  0665  120A  118A  206E   	fcall	_print_char
              120A  118A         
  1902                           	
  1903  066A                     l30001721:	
  1904                           	line	106
  1905                           ;gps.c: 106: print_char(minutesD % 10 + '0');
  1906  066A  0872               	movf	(_minutesD+1),w
  1907  066B  1283               	bcf	status, 5	;RP0=0, select bank0
  1908  066C  1303               	bcf	status, 6	;RP1=0, select bank0
  1909  066D  01A8               	clrf	(?___lwmod+1)
  1910  066E  07A8               	addwf	(?___lwmod+1)
  1911  066F  0871               	movf	(_minutesD),w
  1912  0670  01A7               	clrf	(?___lwmod)
  1913  0671  07A7               	addwf	(?___lwmod)
  1914                           
  1915  0672  300A               	movlw	low(0Ah)
  1916  0673  00A9               	movwf	0+(?___lwmod)+02h
  1917  0674  3000               	movlw	high(0Ah)
  1918  0675  00AA               	movwf	(0+(?___lwmod)+02h)+1
  1919  0676  120A  118A  211C   	fcall	___lwmod
              120A  118A         
  1920  067B  1383               	bcf	status, 7	;select IRP bank0
  1921  067C  1283               	bcf	status, 5	;RP0=0, select bank0
  1922  067D  1303               	bcf	status, 6	;RP1=0, select bank0
  1923  067E  0827               	movf	(0+(?___lwmod)),w
  1924  067F  3E30               	addlw	030h
  1925  0680  120A  118A  206E   	fcall	_print_char
              120A  118A         
  1926                           	
  1927  0685                     l30001722:	
  1928                           	line	107
  1929                           ;gps.c: 107: print_char(' ');
  1930  0685  3020               	movlw	(020h)
  1931  0686  120A  118A  206E   	fcall	_print_char
              120A  118A         
  1932                           	
  1933  068B                     l30001723:	
  1934                           	line	108
  1935                           ;gps.c: 108: print_char(dir);
  1936  068B  1283               	bcf	status, 5	;RP0=0, select bank0
  1937  068C  1303               	bcf	status, 6	;RP1=0, select bank0
  1938  068D  0837               	movf	(_dir),w
  1939  068E  120A  118A  206E   	fcall	_print_char
              120A  118A         
  1940                           	
  1941  0693                     l30001724:	
  1942                           	line	109
  1943                           ;gps.c: 109: tempo_N_ms(1000);
  1944  0693  30E8               	movlw	low(03E8h)
  1945  0694  1283               	bcf	status, 5	;RP0=0, select bank0
  1946  0695  1303               	bcf	status, 6	;RP1=0, select bank0
  1947  0696  00A2               	movwf	(?_tempo_N_ms)
  1948  0697  3003               	movlw	high(03E8h)
  1949  0698  00A3               	movwf	((?_tempo_N_ms))+1
  1950  0699  120A  118A  20BA   	fcall	_tempo_N_ms
              120A  118A         
  1951                           	
  1952  069E                     l30001725:	
  1953                           	line	114
  1954                           ;gps.c: 114: goto_ligne_2();
  1955  069E  120A  158A  277D   	fcall	_goto_ligne_2
              120A  118A         
  1956                           	
  1957  06A3                     l30001726:	
  1958                           	line	115
  1959                           ;gps.c: 115: print_string("Long: ");
  1960  06A3  300F               	movlw	((STR_4-__stringbase))&0ffh
  1961  06A4  120A  118A  2091   	fcall	_print_string
              120A  118A         
  1962                           	
  1963  06A9                     l30001727:	
  1964                           	line	117
  1965                           ;gps.c: 117: tempo_N_ms(160);
  1966  06A9  30A0               	movlw	low(0A0h)
  1967  06AA  1283               	bcf	status, 5	;RP0=0, select bank0
  1968  06AB  1303               	bcf	status, 6	;RP1=0, select bank0
  1969  06AC  00A2               	movwf	(?_tempo_N_ms)
  1970  06AD  3000               	movlw	high(0A0h)
  1971  06AE  00A3               	movwf	((?_tempo_N_ms))+1
  1972  06AF  120A  118A  20BA   	fcall	_tempo_N_ms
              120A  118A         
  1973                           	
  1974  06B4                     l30001728:	
  1975                           	line	118
  1976                           ;gps.c: 118: request_gps(0x06);
  1977  06B4  3006               	movlw	(06h)
  1978  06B5  120A  118A  22C8   	fcall	_request_gps
              120A  118A         
  1979                           	
  1980  06BA                     l30001729:	
  1981                           	line	119
  1982                           ;gps.c: 119: print_char(degrees / 10 + '0');
  1983  06BA  0873               	movf	(_degrees),w
  1984  06BB  1283               	bcf	status, 5	;RP0=0, select bank0
  1985  06BC  1303               	bcf	status, 6	;RP1=0, select bank0
  1986  06BD  00AC               	movwf	(??_main+0+0)
  1987  06BE  01AD               	clrf	(??_main+0+0+1)
  1988  06BF  082C               	movf	0+(??_main+0+0),w
  1989  06C0  00A4               	movwf	(?___awdiv)
  1990  06C1  082D               	movf	1+(??_main+0+0),w
  1991  06C2  00A5               	movwf	(?___awdiv+1)
  1992  06C3  300A               	movlw	low(0Ah)
  1993  06C4  00A6               	movwf	0+(?___awdiv)+02h
  1994  06C5  3000               	movlw	high(0Ah)
  1995  06C6  00A7               	movwf	(0+(?___awdiv)+02h)+1
  1996  06C7  120A  118A  2256   	fcall	___awdiv
              120A  118A         
  1997  06CC  1383               	bcf	status, 7	;select IRP bank0
  1998  06CD  1283               	bcf	status, 5	;RP0=0, select bank0
  1999  06CE  1303               	bcf	status, 6	;RP1=0, select bank0
  2000  06CF  0824               	movf	(0+(?___awdiv)),w
  2001  06D0  3E30               	addlw	030h
  2002  06D1  120A  118A  206E   	fcall	_print_char
              120A  118A         
  2003                           	
  2004  06D6                     l30001730:	
  2005                           	line	120
  2006                           ;gps.c: 120: print_char(degrees % 10 + '0');
  2007  06D6  0873               	movf	(_degrees),w
  2008  06D7  1283               	bcf	status, 5	;RP0=0, select bank0
  2009  06D8  1303               	bcf	status, 6	;RP1=0, select bank0
  2010  06D9  00AC               	movwf	(??_main+0+0)
  2011  06DA  01AD               	clrf	(??_main+0+0+1)
  2012  06DB  082C               	movf	0+(??_main+0+0),w
  2013  06DC  00A0               	movwf	(?___awmod)
  2014  06DD  082D               	movf	1+(??_main+0+0),w
  2015  06DE  00A1               	movwf	(?___awmod+1)
  2016  06DF  300A               	movlw	low(0Ah)
  2017  06E0  00A2               	movwf	0+(?___awmod)+02h
  2018  06E1  3000               	movlw	high(0Ah)
  2019  06E2  00A3               	movwf	(0+(?___awmod)+02h)+1
  2020  06E3  120A  118A  21FA   	fcall	___awmod
              120A  118A         
  2021  06E8  1383               	bcf	status, 7	;select IRP bank0
  2022  06E9  1283               	bcf	status, 5	;RP0=0, select bank0
  2023  06EA  1303               	bcf	status, 6	;RP1=0, select bank0
  2024  06EB  0820               	movf	(0+(?___awmod)),w
  2025  06EC  3E30               	addlw	030h
  2026  06ED  120A  118A  206E   	fcall	_print_char
              120A  118A         
  2027                           	
  2028  06F2                     l30001731:	
  2029                           	line	121
  2030                           ;gps.c: 121: print_char(' ');
  2031  06F2  3020               	movlw	(020h)
  2032  06F3  120A  118A  206E   	fcall	_print_char
              120A  118A         
  2033                           	
  2034  06F8                     l30001732:	
  2035                           	line	122
  2036                           ;gps.c: 122: print_char(minutes / 10 + '0');
  2037  06F8  0874               	movf	(_minutes),w
  2038  06F9  1283               	bcf	status, 5	;RP0=0, select bank0
  2039  06FA  1303               	bcf	status, 6	;RP1=0, select bank0
  2040  06FB  00AC               	movwf	(??_main+0+0)
  2041  06FC  01AD               	clrf	(??_main+0+0+1)
  2042  06FD  082C               	movf	0+(??_main+0+0),w
  2043  06FE  00A4               	movwf	(?___awdiv)
  2044  06FF  082D               	movf	1+(??_main+0+0),w
  2045  0700  00A5               	movwf	(?___awdiv+1)
  2046  0701  300A               	movlw	low(0Ah)
  2047  0702  00A6               	movwf	0+(?___awdiv)+02h
  2048  0703  3000               	movlw	high(0Ah)
  2049  0704  00A7               	movwf	(0+(?___awdiv)+02h)+1
  2050  0705  120A  118A  2256   	fcall	___awdiv
              120A  118A         
  2051  070A  1383               	bcf	status, 7	;select IRP bank0
  2052  070B  1283               	bcf	status, 5	;RP0=0, select bank0
  2053  070C  1303               	bcf	status, 6	;RP1=0, select bank0
  2054  070D  0824               	movf	(0+(?___awdiv)),w
  2055  070E  3E30               	addlw	030h
  2056  070F  120A  118A  206E   	fcall	_print_char
              120A  118A         
  2057                           	
  2058  0714                     l30001733:	
  2059                           	line	123
  2060                           ;gps.c: 123: print_char(minutes % 10 + '0');
  2061  0714  0874               	movf	(_minutes),w
  2062  0715  1283               	bcf	status, 5	;RP0=0, select bank0
  2063  0716  1303               	bcf	status, 6	;RP1=0, select bank0
  2064  0717  00AC               	movwf	(??_main+0+0)
  2065  0718  01AD               	clrf	(??_main+0+0+1)
  2066  0719  082C               	movf	0+(??_main+0+0),w
  2067  071A  00A0               	movwf	(?___awmod)
  2068  071B  082D               	movf	1+(??_main+0+0),w
  2069  071C  00A1               	movwf	(?___awmod+1)
  2070  071D  300A               	movlw	low(0Ah)
  2071  071E  00A2               	movwf	0+(?___awmod)+02h
  2072  071F  3000               	movlw	high(0Ah)
  2073  0720  00A3               	movwf	(0+(?___awmod)+02h)+1
  2074  0721  120A  118A  21FA   	fcall	___awmod
              120A  118A         
  2075  0726  1383               	bcf	status, 7	;select IRP bank0
  2076  0727  1283               	bcf	status, 5	;RP0=0, select bank0
  2077  0728  1303               	bcf	status, 6	;RP1=0, select bank0
  2078  0729  0820               	movf	(0+(?___awmod)),w
  2079  072A  3E30               	addlw	030h
  2080  072B  120A  118A  206E   	fcall	_print_char
              120A  118A         
  2081                           	
  2082  0730                     l30001734:	
  2083                           	line	124
  2084                           ;gps.c: 124: print_char('.');
  2085  0730  302E               	movlw	(02Eh)
  2086  0731  120A  118A  206E   	fcall	_print_char
              120A  118A         
  2087                           	
  2088  0736                     l30001735:	
  2089                           	line	125
  2090                           ;gps.c: 125: print_char((minutesD / 1000) % 10 + '0');
  2091  0736  0872               	movf	(_minutesD+1),w
  2092  0737  1283               	bcf	status, 5	;RP0=0, select bank0
  2093  0738  1303               	bcf	status, 6	;RP1=0, select bank0
  2094  0739  01A4               	clrf	(?___lwdiv+1)
  2095  073A  07A4               	addwf	(?___lwdiv+1)
  2096  073B  0871               	movf	(_minutesD),w
  2097  073C  01A3               	clrf	(?___lwdiv)
  2098  073D  07A3               	addwf	(?___lwdiv)
  2099                           
  2100  073E  30E8               	movlw	low(03E8h)
  2101  073F  00A5               	movwf	0+(?___lwdiv)+02h
  2102  0740  3003               	movlw	high(03E8h)
  2103  0741  00A6               	movwf	(0+(?___lwdiv)+02h)+1
  2104  0742  120A  118A  215B   	fcall	___lwdiv
              120A  118A         
  2105  0747  1383               	bcf	status, 7	;select IRP bank0
  2106  0748  1283               	bcf	status, 5	;RP0=0, select bank0
  2107  0749  1303               	bcf	status, 6	;RP1=0, select bank0
  2108  074A  0824               	movf	(1+(?___lwdiv)),w
  2109  074B  01A8               	clrf	(?___lwmod+1)
  2110  074C  07A8               	addwf	(?___lwmod+1)
  2111  074D  0823               	movf	(0+(?___lwdiv)),w
  2112  074E  01A7               	clrf	(?___lwmod)
  2113  074F  07A7               	addwf	(?___lwmod)
  2114                           
  2115  0750  300A               	movlw	low(0Ah)
  2116  0751  00A9               	movwf	0+(?___lwmod)+02h
  2117  0752  3000               	movlw	high(0Ah)
  2118  0753  00AA               	movwf	(0+(?___lwmod)+02h)+1
  2119  0754  120A  118A  211C   	fcall	___lwmod
              120A  118A         
  2120  0759  1383               	bcf	status, 7	;select IRP bank0
  2121  075A  1283               	bcf	status, 5	;RP0=0, select bank0
  2122  075B  1303               	bcf	status, 6	;RP1=0, select bank0
  2123  075C  0827               	movf	(0+(?___lwmod)),w
  2124  075D  3E30               	addlw	030h
  2125  075E  120A  118A  206E   	fcall	_print_char
              120A  118A         
  2126                           	
  2127  0763                     l30001736:	
  2128                           	line	126
  2129                           ;gps.c: 126: print_char((minutesD / 100) % 10 + '0');
  2130  0763  0872               	movf	(_minutesD+1),w
  2131  0764  1283               	bcf	status, 5	;RP0=0, select bank0
  2132  0765  1303               	bcf	status, 6	;RP1=0, select bank0
  2133  0766  01A4               	clrf	(?___lwdiv+1)
  2134  0767  07A4               	addwf	(?___lwdiv+1)
  2135  0768  0871               	movf	(_minutesD),w
  2136  0769  01A3               	clrf	(?___lwdiv)
  2137  076A  07A3               	addwf	(?___lwdiv)
  2138                           
  2139  076B  3064               	movlw	low(064h)
  2140  076C  00A5               	movwf	0+(?___lwdiv)+02h
  2141  076D  3000               	movlw	high(064h)
  2142  076E  00A6               	movwf	(0+(?___lwdiv)+02h)+1
  2143  076F  120A  118A  215B   	fcall	___lwdiv
              120A  118A         
  2144  0774  1383               	bcf	status, 7	;select IRP bank0
  2145  0775  1283               	bcf	status, 5	;RP0=0, select bank0
  2146  0776  1303               	bcf	status, 6	;RP1=0, select bank0
  2147  0777  0824               	movf	(1+(?___lwdiv)),w
  2148  0778  01A8               	clrf	(?___lwmod+1)
  2149  0779  07A8               	addwf	(?___lwmod+1)
  2150  077A  0823               	movf	(0+(?___lwdiv)),w
  2151  077B  01A7               	clrf	(?___lwmod)
  2152  077C  07A7               	addwf	(?___lwmod)
  2153                           
  2154  077D  300A               	movlw	low(0Ah)
  2155  077E  00A9               	movwf	0+(?___lwmod)+02h
  2156  077F  3000               	movlw	high(0Ah)
  2157  0780  00AA               	movwf	(0+(?___lwmod)+02h)+1
  2158  0781  120A  118A  211C   	fcall	___lwmod
              120A  118A         
  2159  0786  1383               	bcf	status, 7	;select IRP bank0
  2160  0787  1283               	bcf	status, 5	;RP0=0, select bank0
  2161  0788  1303               	bcf	status, 6	;RP1=0, select bank0
  2162  0789  0827               	movf	(0+(?___lwmod)),w
  2163  078A  3E30               	addlw	030h
  2164  078B  120A  118A  206E   	fcall	_print_char
              120A  118A         
  2165                           	
  2166  0790                     l30001737:	
  2167                           	line	127
  2168                           ;gps.c: 127: print_char((minutesD / 10) % 10 + '0');
  2169  0790  0872               	movf	(_minutesD+1),w
  2170  0791  1283               	bcf	status, 5	;RP0=0, select bank0
  2171  0792  1303               	bcf	status, 6	;RP1=0, select bank0
  2172  0793  01A4               	clrf	(?___lwdiv+1)
  2173  0794  07A4               	addwf	(?___lwdiv+1)
  2174  0795  0871               	movf	(_minutesD),w
  2175  0796  01A3               	clrf	(?___lwdiv)
  2176  0797  07A3               	addwf	(?___lwdiv)
  2177                           
  2178  0798  300A               	movlw	low(0Ah)
  2179  0799  00A5               	movwf	0+(?___lwdiv)+02h
  2180  079A  3000               	movlw	high(0Ah)
  2181  079B  00A6               	movwf	(0+(?___lwdiv)+02h)+1
  2182  079C  120A  118A  215B   	fcall	___lwdiv
              120A  118A         
  2183  07A1  1383               	bcf	status, 7	;select IRP bank0
  2184  07A2  1283               	bcf	status, 5	;RP0=0, select bank0
  2185  07A3  1303               	bcf	status, 6	;RP1=0, select bank0
  2186  07A4  0824               	movf	(1+(?___lwdiv)),w
  2187  07A5  01A8               	clrf	(?___lwmod+1)
  2188  07A6  07A8               	addwf	(?___lwmod+1)
  2189  07A7  0823               	movf	(0+(?___lwdiv)),w
  2190  07A8  01A7               	clrf	(?___lwmod)
  2191  07A9  07A7               	addwf	(?___lwmod)
  2192                           
  2193  07AA  300A               	movlw	low(0Ah)
  2194  07AB  00A9               	movwf	0+(?___lwmod)+02h
  2195  07AC  3000               	movlw	high(0Ah)
  2196  07AD  00AA               	movwf	(0+(?___lwmod)+02h)+1
  2197  07AE  120A  118A  211C   	fcall	___lwmod
              120A  118A         
  2198  07B3  1383               	bcf	status, 7	;select IRP bank0
  2199  07B4  1283               	bcf	status, 5	;RP0=0, select bank0
  2200  07B5  1303               	bcf	status, 6	;RP1=0, select bank0
  2201  07B6  0827               	movf	(0+(?___lwmod)),w
  2202  07B7  3E30               	addlw	030h
  2203  07B8  120A  118A  206E   	fcall	_print_char
              120A  118A         
  2204                           	
  2205  07BD                     l30001738:	
  2206                           	line	128
  2207                           ;gps.c: 128: print_char(minutesD % 10 + '0');
  2208  07BD  0872               	movf	(_minutesD+1),w
  2209  07BE  1283               	bcf	status, 5	;RP0=0, select bank0
  2210  07BF  1303               	bcf	status, 6	;RP1=0, select bank0
  2211  07C0  01A8               	clrf	(?___lwmod+1)
  2212  07C1  07A8               	addwf	(?___lwmod+1)
  2213  07C2  0871               	movf	(_minutesD),w
  2214  07C3  01A7               	clrf	(?___lwmod)
  2215  07C4  07A7               	addwf	(?___lwmod)
  2216                           
  2217  07C5  300A               	movlw	low(0Ah)
  2218  07C6  00A9               	movwf	0+(?___lwmod)+02h
  2219  07C7  3000               	movlw	high(0Ah)
  2220  07C8  00AA               	movwf	(0+(?___lwmod)+02h)+1
  2221  07C9  120A  118A  211C   	fcall	___lwmod
              120A  118A         
  2222  07CE  1383               	bcf	status, 7	;select IRP bank0
  2223  07CF  1283               	bcf	status, 5	;RP0=0, select bank0
  2224  07D0  1303               	bcf	status, 6	;RP1=0, select bank0
  2225  07D1  0827               	movf	(0+(?___lwmod)),w
  2226  07D2  3E30               	addlw	030h
  2227  07D3  120A  118A  206E   	fcall	_print_char
              120A  118A         
  2228                           	
  2229  07D8                     l30001739:	
  2230                           	line	129
  2231                           ;gps.c: 129: print_char(' ');
  2232  07D8  3020               	movlw	(020h)
  2233  07D9  120A  118A  206E   	fcall	_print_char
              120A  118A         
  2234                           	
  2235  07DE                     l30001740:	
  2236                           	line	130
  2237                           ;gps.c: 130: print_char(dir);
  2238  07DE  1283               	bcf	status, 5	;RP0=0, select bank0
  2239  07DF  1303               	bcf	status, 6	;RP1=0, select bank0
  2240  07E0  0837               	movf	(_dir),w
  2241  07E1  120A  118A  206E   	fcall	_print_char
              120A  118A         
  2242                           	
  2243  07E6                     l30001741:	
  2244                           	line	131
  2245                           ;gps.c: 131: tempo_N_ms(1000);
  2246  07E6  30E8               	movlw	low(03E8h)
  2247  07E7  1283               	bcf	status, 5	;RP0=0, select bank0
  2248  07E8  1303               	bcf	status, 6	;RP1=0, select bank0
  2249  07E9  00A2               	movwf	(?_tempo_N_ms)
  2250  07EA  3003               	movlw	high(03E8h)
  2251  07EB  00A3               	movwf	((?_tempo_N_ms))+1
  2252  07EC  120A  118A  20BA   	fcall	_tempo_N_ms
              120A  118A         
  2253                           	
  2254  07F1                     l30001742:	
  2255                           	line	134
  2256                           ;gps.c: 134: tempo_N_ms(30);
  2257  07F1  301E               	movlw	low(01Eh)
  2258  07F2  1283               	bcf	status, 5	;RP0=0, select bank0
  2259  07F3  1303               	bcf	status, 6	;RP1=0, select bank0
  2260  07F4  00A2               	movwf	(?_tempo_N_ms)
  2261  07F5  3000               	movlw	high(01Eh)
  2262  07F6  00A3               	movwf	((?_tempo_N_ms))+1
  2263  07F7  120A  118A  20BA   	fcall	_tempo_N_ms
              120A  118A         
  2264  07FC  2B75               	goto	l30001678
  2265                           	global	start
  2266  07FD  120A  118A  2800   	ljmp	start
  2267                           	opt stack 0
  2268                           GLOBAL	__end_of_main
  2269  0800                     	__end_of_main:
  2270                           ; =============== function _main ends ============
  2271                           
  2272                           psect	maintext
  2273                           	line	136
  2274                           	signat	_main,88
  2275                           	global	_print_string
  2276                           psect	text162,local,class=CODE,delta=2
  2277                           global __ptext162
  2278  0091                     __ptext162:
  2279                           
  2280                           ; *************** function _print_string *****************
  2281                           ; Defined at:
  2282                           ;		line 191 in file "E:\MICROCONTREU\projet_gps\projet_1__everything_string\lcdbt.c"
  2283                           ; Parameters:    Size  Location     Type
  2284                           ;  s               1    wreg     PTR unsigned char 
  2285                           ;		 -> STR_1(7), STR_3(6), STR_2(7), STR_4(7), 
  2286                           ; Auto vars:     Size  Location     Type
  2287                           ;  s               1    9[BANK0 ] PTR unsigned char 
  2288                           ;		 -> STR_1(7), STR_3(6), STR_2(7), STR_4(7), 
  2289                           ;  i               2   10[BANK0 ] int 
  2290                           ; Return value:  Size  Location     Type
  2291                           ;		None               void
  2292                           ; Registers used:
  2293                           ;		wreg, status,2, status,0, pclath, cstack
  2294                           ; Tracked objects:
  2295                           ;		On entry : 0/0
  2296                           ;		On exit  : 0/0
  2297                           ;		Unchanged: 0/0
  2298                           ; Data sizes:     COMMON   BANK0   BANK1   BANK3   BANK2
  2299                           ;      Locals:         0       3       0       0       0
  2300                           ;      Temp:     0
  2301                           ;      Total:    3
  2302                           ; This function calls:
  2303                           ;		_print_char
  2304                           ; This function is called by:
  2305                           ;		_main
  2306                           ; This function uses a non-reentrant model
  2307                           ; 
  2308                           psect	text162
  2309                           	file	"E:\MICROCONTREU\projet_gps\projet_1__everything_string\lcdbt.c"
  2310                           	line	191
  2311                           	global	__size_of_print_string
  2312  0029                     	__size_of_print_string	equ	__end_of_print_string-_print_string
  2313                           ;lcdbt.c: 190: void print_string(char * s)
  2314                           ;lcdbt.c: 191: {
  2315                           	
  2316  0091                     _print_string:	
  2317                           	opt stack 6
  2318                           ; Regs used in _print_string: [wreg+status,2+status,0+pclath+cstack]
  2319                           ;print_string@s stored from wreg
  2320                           	line	194
  2321  0091  1283               	bcf	status, 5	;RP0=0, select bank0
  2322  0092  1303               	bcf	status, 6	;RP1=0, select bank0
  2323  0093  00A9               	movwf	(print_string@s)
  2324                           	
  2325  0094                     l30001743:	
  2326                           ;lcdbt.c: 194: int i=0;
  2327  0094  3000               	movlw	low(0)
  2328  0095  00AA               	movwf	(print_string@i)
  2329  0096  3000               	movlw	high(0)
  2330  0097  00AB               	movwf	((print_string@i))+1
  2331  0098  28AD               	goto	l30001746
  2332                           	
  2333  0099                     l30001744:	
  2334                           	line	197
  2335                           ;lcdbt.c: 196: {
  2336                           ;lcdbt.c: 197: print_char(s[i]);
  2337  0099  0829               	movf	(print_string@s),w
  2338  009A  072A               	addwf	(print_string@i),w
  2339                           	FNCALL _print_string,stringtab
  2340  009B  120A  158A  2709   	fcall	stringdir
              120A  118A         
  2341  00A0  120A  118A  206E   	fcall	_print_char
              120A  118A         
  2342                           	
  2343  00A5                     l30001745:	
  2344                           	line	198
  2345                           ;lcdbt.c: 198: i++;
  2346  00A5  3001               	movlw	low(01h)
  2347  00A6  1283               	bcf	status, 5	;RP0=0, select bank0
  2348  00A7  1303               	bcf	status, 6	;RP1=0, select bank0
  2349  00A8  07AA               	addwf	(print_string@i),f
  2350  00A9  1803               	skipnc
  2351  00AA  0AAB               	incf	(print_string@i+1),f
  2352  00AB  3000               	movlw	high(01h)
  2353  00AC  07AB               	addwf	(print_string@i+1),f
  2354                           	
  2355  00AD                     l30001746:	
  2356                           	line	195
  2357  00AD  0829               	movf	(print_string@s),w
  2358  00AE  072A               	addwf	(print_string@i),w
  2359                           	FNCALL _print_string,stringtab
  2360  00AF  120A  158A  2709   	fcall	stringdir
              120A  118A         
  2361  00B4  3800               	iorlw	0
  2362  00B5  1D03               	skipz
  2363  00B6  28B8               	goto	u881
  2364  00B7  28B9               	goto	u880
  2365  00B8                     u881:
  2366  00B8  2899               	goto	l30001744
  2367  00B9                     u880:
  2368                           	
  2369  00B9                     l24:	
  2370  00B9  0008               	return
  2371                           	opt stack 0
  2372                           GLOBAL	__end_of_print_string
  2373  00BA                     	__end_of_print_string:
  2374                           ; =============== function _print_string ends ============
  2375                           
  2376                           psect	text163,local,class=CODE,delta=2
  2377                           global __ptext163
  2378  02C8                     __ptext163:
  2379                           	line	201
  2380                           	signat	_print_string,4216
  2381                           	global	_request_gps
  2382                           
  2383                           ; *************** function _request_gps *****************
  2384                           ; Defined at:
  2385                           ;		line 122 in file "E:\MICROCONTREU\projet_gps\projet_1__everything_string\functions .c
                                 "
  2386                           ; Parameters:    Size  Location     Type
  2387                           ;  commande        1    wreg     unsigned char 
  2388                           ; Auto vars:     Size  Location     Type
  2389                           ;  commande        1    7[BANK0 ] unsigned char 
  2390                           ;  low_byte        1    8[BANK0 ] unsigned char 
  2391                           ;  high_byte       1    9[BANK0 ] unsigned char 
  2392                           ; Return value:  Size  Location     Type
  2393                           ;		None               void
  2394                           ; Registers used:
  2395                           ;		wreg, fsr0l, fsr0h, status,2, status,0, pclath, cstack
  2396                           ; Tracked objects:
  2397                           ;		On entry : 0/0
  2398                           ;		On exit  : 0/0
  2399                           ;		Unchanged: 0/0
  2400                           ; Data sizes:     COMMON   BANK0   BANK1   BANK3   BANK2
  2401                           ;      Locals:         0       6       0       0       0
  2402                           ;      Temp:     3
  2403                           ;      Total:    6
  2404                           ; This function calls:
  2405                           ;		_emet_string
  2406                           ;		_emet_car
  2407                           ;		_tempo_N_ms
  2408                           ;		_recoit_car
  2409                           ; This function is called by:
  2410                           ;		_main
  2411                           ; This function uses a non-reentrant model
  2412                           ; 
  2413                           psect	text163
  2414                           	file	"E:\MICROCONTREU\projet_gps\projet_1__everything_string\functions .c"
  2415                           	line	122
  2416                           	global	__size_of_request_gps
  2417  0094                     	__size_of_request_gps	equ	__end_of_request_gps-_request_gps
  2418                           ;functions .c: 122: void request_gps(unsigned char commande) {
  2419                           	
  2420  02C8                     _request_gps:	
  2421                           	opt stack 6
  2422                           ; Regs used in _request_gps: [wreg-fsr0h+status,2+status,0+pclath+cstack]
  2423                           ;request_gps@commande stored from wreg
  2424                           	line	125
  2425  02C8  1283               	bcf	status, 5	;RP0=0, select bank0
  2426  02C9  1303               	bcf	status, 6	;RP1=0, select bank0
  2427  02CA  00A7               	movwf	(request_gps@commande)
  2428                           	
  2429  02CB                     l30001748:	
  2430                           ;functions .c: 125: emet_string((unsigned char *)"!GPS");
  2431  02CB  301C               	movlw	((STR_5-__stringbase))&0ffh
  2432  02CC  120A  118A  2011   	fcall	_emet_string
              120A  118A         
  2433                           	line	127
  2434                           ;functions .c: 127: emet_car(commande);
  2435  02D1  1283               	bcf	status, 5	;RP0=0, select bank0
  2436  02D2  1303               	bcf	status, 6	;RP1=0, select bank0
  2437  02D3  0827               	movf	(request_gps@commande),w
  2438  02D4  120A  118A  2006   	fcall	_emet_car
              120A  118A         
  2439                           	line	130
  2440                           ;functions .c: 130: tempo_N_ms(100);
  2441  02D9  3064               	movlw	low(064h)
  2442  02DA  1283               	bcf	status, 5	;RP0=0, select bank0
  2443  02DB  1303               	bcf	status, 6	;RP1=0, select bank0
  2444  02DC  00A2               	movwf	(?_tempo_N_ms)
  2445  02DD  3000               	movlw	high(064h)
  2446  02DE  00A3               	movwf	((?_tempo_N_ms))+1
  2447  02DF  120A  118A  20BA   	fcall	_tempo_N_ms
              120A  118A         
  2448                           	
  2449  02E4                     l30001749:	
  2450                           	line	131
  2451                           ;functions .c: 131: RC4=1;
  2452  02E4  1283               	bcf	status, 5	;RP0=0, select bank0
  2453  02E5  1303               	bcf	status, 6	;RP1=0, select bank0
  2454  02E6  1607               	bsf	(60/8),(60)&7
  2455  02E7  2B4D               	goto	l30001759
  2456                           	
  2457  02E8                     l30001750:	
  2458                           	line	135
  2459                           ;functions .c: 135: tmHrs = recoit_car();
  2460  02E8  120A  158A  276C   	fcall	_recoit_car
              120A  118A         
  2461  02ED  1283               	bcf	status, 5	;RP0=0, select bank0
  2462  02EE  1303               	bcf	status, 6	;RP1=0, select bank0
  2463  02EF  00B9               	movwf	(_tmHrs)
  2464                           	line	136
  2465                           ;functions .c: 136: tmMins = recoit_car();
  2466  02F0  120A  158A  276C   	fcall	_recoit_car
              120A  118A         
  2467  02F5  1283               	bcf	status, 5	;RP0=0, select bank0
  2468  02F6  1303               	bcf	status, 6	;RP1=0, select bank0
  2469  02F7  00BA               	movwf	(_tmMins)
  2470                           	line	137
  2471                           ;functions .c: 137: tmSecs = recoit_car();
  2472  02F8  120A  158A  276C   	fcall	_recoit_car
              120A  118A         
  2473  02FD  00F5               	movwf	(_tmSecs)
  2474  02FE  2B5B               	goto	l52
  2475                           	
  2476  02FF                     l30001751:	
  2477                           	line	141
  2478                           ;functions .c: 141: day = recoit_car();
  2479  02FF  120A  158A  276C   	fcall	_recoit_car
              120A  118A         
  2480  0304  1283               	bcf	status, 5	;RP0=0, select bank0
  2481  0305  1303               	bcf	status, 6	;RP1=0, select bank0
  2482  0306  00B6               	movwf	(_day)
  2483                           	line	142
  2484                           ;functions .c: 142: month = recoit_car();
  2485  0307  120A  158A  276C   	fcall	_recoit_car
              120A  118A         
  2486  030C  1283               	bcf	status, 5	;RP0=0, select bank0
  2487  030D  1303               	bcf	status, 6	;RP1=0, select bank0
  2488  030E  00B8               	movwf	(_month)
  2489                           	line	143
  2490                           ;functions .c: 143: year = recoit_car();
  2491  030F  120A  158A  276C   	fcall	_recoit_car
              120A  118A         
  2492  0314  00F6               	movwf	(_year)
  2493  0315  2B5B               	goto	l52
  2494                           	
  2495  0316                     l30001752:	
  2496                           	line	147
  2497                           ;functions .c: 147: degrees = recoit_car();
  2498  0316  120A  158A  276C   	fcall	_recoit_car
              120A  118A         
  2499  031B  00F3               	movwf	(_degrees)
  2500                           	line	148
  2501                           ;functions .c: 148: minutes = recoit_car();
  2502  031C  120A  158A  276C   	fcall	_recoit_car
              120A  118A         
  2503  0321  00F4               	movwf	(_minutes)
  2504                           	line	150
  2505                           ;functions .c: 150: unsigned char high_byte = recoit_car();
  2506  0322  120A  158A  276C   	fcall	_recoit_car
              120A  118A         
  2507  0327  1283               	bcf	status, 5	;RP0=0, select bank0
  2508  0328  1303               	bcf	status, 6	;RP1=0, select bank0
  2509  0329  00A9               	movwf	(request_gps@high_byte)
  2510                           	line	151
  2511                           ;functions .c: 151: unsigned char low_byte = recoit_car();
  2512  032A  120A  158A  276C   	fcall	_recoit_car
              120A  118A         
  2513  032F  1283               	bcf	status, 5	;RP0=0, select bank0
  2514  0330  1303               	bcf	status, 6	;RP1=0, select bank0
  2515  0331  00A8               	movwf	(request_gps@low_byte)
  2516                           	
  2517  0332                     l30001753:	
  2518                           	line	152
  2519                           ;functions .c: 152: minutesD = (high_byte << 8) + low_byte;
  2520  0332  0829               	movf	(request_gps@high_byte),w
  2521  0333  00A4               	movwf	(??_request_gps+0+0)
  2522  0334  01A5               	clrf	(??_request_gps+0+0+1)
  2523  0335  3008               	movlw	08h
  2524  0336  00A6               	movwf	(??_request_gps+2+0)
  2525  0337                     u895:
  2526  0337  1003               	clrc
  2527  0338  0DA4               	rlf	(??_request_gps+0+0),f
  2528  0339  0DA5               	rlf	(??_request_gps+0+1),f
  2529  033A  0BA6               	decfsz	(??_request_gps+2+0),f
  2530  033B  2B37               	goto	u895
  2531  033C  0828               	movf	(request_gps@low_byte),w
  2532  033D  0724               	addwf	0+(??_request_gps+0+0),w
  2533  033E  00F1               	movwf	(_minutesD)
  2534  033F  3000               	movlw	0
  2535  0340  1803               	skipnc
  2536  0341  3001               	movlw	1
  2537  0342  0725               	addwf	1+(??_request_gps+0+0),w
  2538  0343  00F2               	movwf	1+(_minutesD)
  2539                           	
  2540  0344                     l30001754:	
  2541                           	line	153
  2542                           ;functions .c: 153: dir = recoit_car();
  2543  0344  120A  158A  276C   	fcall	_recoit_car
              120A  118A         
  2544  0349  1283               	bcf	status, 5	;RP0=0, select bank0
  2545  034A  1303               	bcf	status, 6	;RP1=0, select bank0
  2546  034B  00B7               	movwf	(_dir)
  2547  034C  2B5B               	goto	l52
  2548                           	
  2549  034D                     l30001759:	
  2550                           	line	133
  2551  034D  0827               	movf	(request_gps@commande),w
  2552  034E  3A03               		xorlw	3^0
  2553  034F  1903               	skipnz
  2554  0350  2AE8               	goto	l30001750
  2555  0351  3A07               	xorlw	4^3
  2556  0352  1903               	skipnz
  2557  0353  2AFF               	goto	l30001751
  2558  0354  3A01               	xorlw	5^4
  2559  0355  1903               	skipnz
  2560  0356  2B16               	goto	l30001752
  2561  0357  3A03               	xorlw	6^5
  2562  0358  1903               	skipnz
  2563  0359  2B16               	goto	l30001752
  2564  035A  2B5B               	goto	l52
  2565                           
  2566                           	
  2567  035B                     l52:	
  2568  035B  0008               	return
  2569                           	opt stack 0
  2570                           GLOBAL	__end_of_request_gps
  2571  035C                     	__end_of_request_gps:
  2572                           ; =============== function _request_gps ends ============
  2573                           
  2574                           psect	text164,local,class=CODE,delta=2
  2575                           global __ptext164
  2576  0F92                     __ptext164:
  2577                           	line	169
  2578                           	signat	_request_gps,4216
  2579                           	global	_efface
  2580                           
  2581                           ; *************** function _efface *****************
  2582                           ; Defined at:
  2583                           ;		line 294 in file "E:\MICROCONTREU\projet_gps\projet_1__everything_string\lcdbt.c"
  2584                           ; Parameters:    Size  Location     Type
  2585                           ;		None
  2586                           ; Auto vars:     Size  Location     Type
  2587                           ;		None
  2588                           ; Return value:  Size  Location     Type
  2589                           ;		None               void
  2590                           ; Registers used:
  2591                           ;		wreg, status,2, status,0, pclath, cstack
  2592                           ; Tracked objects:
  2593                           ;		On entry : 0/0
  2594                           ;		On exit  : 0/0
  2595                           ;		Unchanged: 0/0
  2596                           ; Data sizes:     COMMON   BANK0   BANK1   BANK3   BANK2
  2597                           ;      Locals:         0       0       0       0       0
  2598                           ;      Temp:     0
  2599                           ;      Total:    0
  2600                           ; This function calls:
  2601                           ;		_ecriture_commande
  2602                           ; This function is called by:
  2603                           ;		_main
  2604                           ; This function uses a non-reentrant model
  2605                           ; 
  2606                           psect	text164
  2607                           	file	"E:\MICROCONTREU\projet_gps\projet_1__everything_string\lcdbt.c"
  2608                           	line	294
  2609                           	global	__size_of_efface
  2610  0007                     	__size_of_efface	equ	__end_of_efface-_efface
  2611                           ;lcdbt.c: 293: void efface(void)
  2612                           ;lcdbt.c: 294: {
  2613                           	
  2614  0F92                     _efface:	
  2615                           	opt stack 6
  2616                           ; Regs used in _efface: [wreg+status,2+status,0+pclath+cstack]
  2617                           	line	297
  2618                           	
  2619  0F92                     l30001782:	
  2620                           ;lcdbt.c: 297: ecriture_commande(0x01);
  2621  0F92  3001               	movlw	(01h)
  2622  0F93  120A  118A  204D   	fcall	_ecriture_commande
              120A  158A         
  2623                           	
  2624  0F98                     l37:	
  2625  0F98  0008               	return
  2626                           	opt stack 0
  2627                           GLOBAL	__end_of_efface
  2628  0F99                     	__end_of_efface:
  2629                           ; =============== function _efface ends ============
  2630                           
  2631                           psect	text165,local,class=CODE,delta=2
  2632                           global __ptext165
  2633  0F8B                     __ptext165:
  2634                           	line	298
  2635                           	signat	_efface,88
  2636                           	global	_goto_ligne_1
  2637                           
  2638                           ; *************** function _goto_ligne_1 *****************
  2639                           ; Defined at:
  2640                           ;		line 209 in file "E:\MICROCONTREU\projet_gps\projet_1__everything_string\lcdbt.c"
  2641                           ; Parameters:    Size  Location     Type
  2642                           ;		None
  2643                           ; Auto vars:     Size  Location     Type
  2644                           ;		None
  2645                           ; Return value:  Size  Location     Type
  2646                           ;		None               void
  2647                           ; Registers used:
  2648                           ;		wreg, status,2, status,0, pclath, cstack
  2649                           ; Tracked objects:
  2650                           ;		On entry : 0/0
  2651                           ;		On exit  : 0/0
  2652                           ;		Unchanged: 0/0
  2653                           ; Data sizes:     COMMON   BANK0   BANK1   BANK3   BANK2
  2654                           ;      Locals:         0       0       0       0       0
  2655                           ;      Temp:     0
  2656                           ;      Total:    0
  2657                           ; This function calls:
  2658                           ;		_ecriture_commande
  2659                           ; This function is called by:
  2660                           ;		_main
  2661                           ; This function uses a non-reentrant model
  2662                           ; 
  2663                           psect	text165
  2664                           	file	"E:\MICROCONTREU\projet_gps\projet_1__everything_string\lcdbt.c"
  2665                           	line	209
  2666                           	global	__size_of_goto_ligne_1
  2667  0007                     	__size_of_goto_ligne_1	equ	__end_of_goto_ligne_1-_goto_ligne_1
  2668                           ;lcdbt.c: 208: void goto_ligne_1(void)
  2669                           ;lcdbt.c: 209: {
  2670                           	
  2671  0F8B                     _goto_ligne_1:	
  2672                           	opt stack 6
  2673                           ; Regs used in _goto_ligne_1: [wreg+status,2+status,0+pclath+cstack]
  2674                           	line	212
  2675                           	
  2676  0F8B                     l30001781:	
  2677                           ;lcdbt.c: 212: ecriture_commande(0x80);
  2678  0F8B  3080               	movlw	(080h)
  2679  0F8C  120A  118A  204D   	fcall	_ecriture_commande
              120A  158A         
  2680                           	
  2681  0F91                     l28:	
  2682  0F91  0008               	return
  2683                           	opt stack 0
  2684                           GLOBAL	__end_of_goto_ligne_1
  2685  0F92                     	__end_of_goto_ligne_1:
  2686                           ; =============== function _goto_ligne_1 ends ============
  2687                           
  2688                           psect	text166,local,class=CODE,delta=2
  2689                           global __ptext166
  2690  0256                     __ptext166:
  2691                           	line	215
  2692                           	signat	_goto_ligne_1,88
  2693                           	global	___awdiv
  2694                           
  2695                           ; *************** function ___awdiv *****************
  2696                           ; Defined at:
  2697                           ;		line 5 in file "C:\Program Files (x86)\HI-TECH Software\PICC\9.70\sources\awdiv.c"
  2698                           ; Parameters:    Size  Location     Type
  2699                           ;  dividend        2    4[BANK0 ] int 
  2700                           ;  divisor         2    6[BANK0 ] int 
  2701                           ; Auto vars:     Size  Location     Type
  2702                           ;  quotient        2    2[BANK0 ] int 
  2703                           ;  sign            1    1[BANK0 ] unsigned char 
  2704                           ;  counter         1    0[BANK0 ] unsigned char 
  2705                           ; Return value:  Size  Location     Type
  2706                           ;                  2    4[BANK0 ] int 
  2707                           ; Registers used:
  2708                           ;		wreg, status,2, status,0
  2709                           ; Tracked objects:
  2710                           ;		On entry : 0/0
  2711                           ;		On exit  : 0/0
  2712                           ;		Unchanged: 0/0
  2713                           ; Data sizes:     COMMON   BANK0   BANK1   BANK3   BANK2
  2714                           ;      Locals:         1       8       0       0       0
  2715                           ;      Temp:     1
  2716                           ;      Total:    9
  2717                           ; This function calls:
  2718                           ;		Nothing
  2719                           ; This function is called by:
  2720                           ;		_main
  2721                           ; This function uses a non-reentrant model
  2722                           ; 
  2723                           psect	text166
  2724                           	file	"C:\Program Files (x86)\HI-TECH Software\PICC\9.70\sources\awdiv.c"
  2725                           	line	5
  2726                           	global	__size_of___awdiv
  2727  0072                     	__size_of___awdiv	equ	__end_of___awdiv-___awdiv
  2728                           	
  2729  0256                     ___awdiv:	
  2730                           	opt stack 6
  2731                           ; Regs used in ___awdiv: [wreg+status,2+status,0]
  2732                           	line	9
  2733                           	
  2734  0256                     l30001595:	
  2735  0256  1003               	clrc
  2736  0257  3000               	movlw	0
  2737  0258  1803               	btfsc	status,0
  2738  0259  3001               	movlw	1
  2739  025A  1283               	bcf	status, 5	;RP0=0, select bank0
  2740  025B  1303               	bcf	status, 6	;RP1=0, select bank0
  2741  025C  00A1               	movwf	(___awdiv@sign)
  2742                           	
  2743  025D                     l30001596:	
  2744                           	line	10
  2745  025D  1FA7               	btfss	(___awdiv@divisor+1),7
  2746  025E  2A60               	goto	u761
  2747  025F  2A61               	goto	u760
  2748  0260                     u761:
  2749  0260  2A69               	goto	l30001598
  2750  0261                     u760:
  2751                           	
  2752  0261                     l30001597:	
  2753                           	line	11
  2754  0261  09A6               	comf	(___awdiv@divisor),f
  2755  0262  09A7               	comf	(___awdiv@divisor+1),f
  2756  0263  0AA6               	incf	(___awdiv@divisor),f
  2757  0264  1903               	skipnz
  2758  0265  0AA7               	incf	(___awdiv@divisor+1),f
  2759                           	line	12
  2760  0266  01A1               	clrf	(___awdiv@sign)
  2761  0267  1403               	bsf	status,0
  2762  0268  0DA1               	rlf	(___awdiv@sign),f
  2763                           	
  2764  0269                     l30001598:	
  2765                           	line	14
  2766  0269  1FA5               	btfss	(___awdiv@dividend+1),7
  2767  026A  2A6C               	goto	u771
  2768  026B  2A6D               	goto	u770
  2769  026C                     u771:
  2770  026C  2A76               	goto	l211
  2771  026D                     u770:
  2772                           	
  2773  026D                     l30001599:	
  2774                           	line	15
  2775  026D  09A4               	comf	(___awdiv@dividend),f
  2776  026E  09A5               	comf	(___awdiv@dividend+1),f
  2777  026F  0AA4               	incf	(___awdiv@dividend),f
  2778  0270  1903               	skipnz
  2779  0271  0AA5               	incf	(___awdiv@dividend+1),f
  2780                           	
  2781  0272                     l30001600:	
  2782                           	line	16
  2783  0272  3001               	movlw	(01h)
  2784  0273  00F7               	movwf	(??___awdiv+0+0)
  2785  0274  0877               	movf	(??___awdiv+0+0),w
  2786  0275  06A1               	xorwf	(___awdiv@sign),f
  2787                           	
  2788  0276                     l211:	
  2789                           	line	18
  2790  0276  3000               	movlw	low(0)
  2791  0277  00A2               	movwf	(___awdiv@quotient)
  2792  0278  3000               	movlw	high(0)
  2793  0279  00A3               	movwf	((___awdiv@quotient))+1
  2794                           	line	19
  2795  027A  0827               	movf	(___awdiv@divisor+1),w
  2796  027B  0426               	iorwf	(___awdiv@divisor),w
  2797  027C  1903               	skipnz
  2798  027D  2A7F               	goto	u781
  2799  027E  2A80               	goto	u780
  2800  027F                     u781:
  2801  027F  2AB8               	goto	l30001610
  2802  0280                     u780:
  2803                           	
  2804  0280                     l30001601:	
  2805                           	line	20
  2806  0280  01A0               	clrf	(___awdiv@counter)
  2807  0281  1403               	bsf	status,0
  2808  0282  0DA0               	rlf	(___awdiv@counter),f
  2809  0283  2A8F               	goto	l30001604
  2810                           	
  2811  0284                     l30001602:	
  2812                           	line	22
  2813  0284  3001               	movlw	01h
  2814  0285                     u795:
  2815  0285  1003               	clrc
  2816  0286  0DA6               	rlf	(___awdiv@divisor),f
  2817  0287  0DA7               	rlf	(___awdiv@divisor+1),f
  2818  0288  3EFF               	addlw	-1
  2819  0289  1D03               	skipz
  2820  028A  2A85               	goto	u795
  2821                           	
  2822  028B                     l30001603:	
  2823                           	line	23
  2824  028B  3001               	movlw	(01h)
  2825  028C  00F7               	movwf	(??___awdiv+0+0)
  2826  028D  0877               	movf	(??___awdiv+0+0),w
  2827  028E  07A0               	addwf	(___awdiv@counter),f
  2828                           	
  2829  028F                     l30001604:	
  2830                           	line	21
  2831  028F  1FA7               	btfss	(___awdiv@divisor+1),(15)&7
  2832  0290  2A92               	goto	u801
  2833  0291  2A93               	goto	u800
  2834  0292                     u801:
  2835  0292  2A84               	goto	l30001602
  2836  0293                     u800:
  2837                           	
  2838  0293                     l30001605:	
  2839                           	line	26
  2840  0293  3001               	movlw	01h
  2841  0294                     u815:
  2842  0294  1003               	clrc
  2843  0295  0DA2               	rlf	(___awdiv@quotient),f
  2844  0296  0DA3               	rlf	(___awdiv@quotient+1),f
  2845  0297  3EFF               	addlw	-1
  2846  0298  1D03               	skipz
  2847  0299  2A94               	goto	u815
  2848                           	line	27
  2849  029A  0827               	movf	(___awdiv@divisor+1),w
  2850  029B  0225               	subwf	(___awdiv@dividend+1),w
  2851  029C  1D03               	skipz
  2852  029D  2AA0               	goto	u825
  2853  029E  0826               	movf	(___awdiv@divisor),w
  2854  029F  0224               	subwf	(___awdiv@dividend),w
  2855  02A0                     u825:
  2856  02A0  1C03               	skipc
  2857  02A1  2AA3               	goto	u821
  2858  02A2  2AA4               	goto	u820
  2859  02A3                     u821:
  2860  02A3  2AAB               	goto	l30001608
  2861  02A4                     u820:
  2862                           	
  2863  02A4                     l30001606:	
  2864                           	line	28
  2865  02A4  0826               	movf	(___awdiv@divisor),w
  2866  02A5  02A4               	subwf	(___awdiv@dividend),f
  2867  02A6  0827               	movf	(___awdiv@divisor+1),w
  2868  02A7  1C03               	skipc
  2869  02A8  03A5               	decf	(___awdiv@dividend+1),f
  2870  02A9  02A5               	subwf	(___awdiv@dividend+1),f
  2871                           	
  2872  02AA                     l30001607:	
  2873                           	line	29
  2874  02AA  1422               	bsf	(___awdiv@quotient)+(0/8),(0)&7
  2875                           	
  2876  02AB                     l30001608:	
  2877                           	line	31
  2878  02AB  3001               	movlw	01h
  2879  02AC                     u835:
  2880  02AC  1003               	clrc
  2881  02AD  0CA7               	rrf	(___awdiv@divisor+1),f
  2882  02AE  0CA6               	rrf	(___awdiv@divisor),f
  2883  02AF  3EFF               	addlw	-1
  2884  02B0  1D03               	skipz
  2885  02B1  2AAC               	goto	u835
  2886                           	
  2887  02B2                     l30001609:	
  2888                           	line	32
  2889  02B2  3001               	movlw	low(01h)
  2890  02B3  02A0               	subwf	(___awdiv@counter),f
  2891  02B4  1D03               	btfss	status,2
  2892  02B5  2AB7               	goto	u841
  2893  02B6  2AB8               	goto	u840
  2894  02B7                     u841:
  2895  02B7  2A93               	goto	l30001605
  2896  02B8                     u840:
  2897                           	
  2898  02B8                     l30001610:	
  2899                           	line	34
  2900  02B8  0821               	movf	(___awdiv@sign),w
  2901  02B9  1D03               	skipz
  2902  02BA  2ABC               	goto	u850
  2903  02BB  2AC1               	goto	l30001612
  2904  02BC                     u850:
  2905                           	
  2906  02BC                     l30001611:	
  2907                           	line	35
  2908  02BC  09A2               	comf	(___awdiv@quotient),f
  2909  02BD  09A3               	comf	(___awdiv@quotient+1),f
  2910  02BE  0AA2               	incf	(___awdiv@quotient),f
  2911  02BF  1903               	skipnz
  2912  02C0  0AA3               	incf	(___awdiv@quotient+1),f
  2913                           	
  2914  02C1                     l30001612:	
  2915                           	line	36
  2916  02C1  0823               	movf	(___awdiv@quotient+1),w
  2917  02C2  01A5               	clrf	(?___awdiv+1)
  2918  02C3  07A5               	addwf	(?___awdiv+1)
  2919  02C4  0822               	movf	(___awdiv@quotient),w
  2920  02C5  01A4               	clrf	(?___awdiv)
  2921  02C6  07A4               	addwf	(?___awdiv)
  2922                           
  2923                           	
  2924  02C7                     l209:	
  2925  02C7  0008               	return
  2926                           	opt stack 0
  2927                           GLOBAL	__end_of___awdiv
  2928  02C8                     	__end_of___awdiv:
  2929                           ; =============== function ___awdiv ends ============
  2930                           
  2931                           psect	text167,local,class=CODE,delta=2
  2932                           global __ptext167
  2933  015B                     __ptext167:
  2934                           	line	37
  2935                           	signat	___awdiv,8314
  2936                           	global	___lwdiv
  2937                           
  2938                           ; *************** function ___lwdiv *****************
  2939                           ; Defined at:
  2940                           ;		line 5 in file "C:\Program Files (x86)\HI-TECH Software\PICC\9.70\sources\lwdiv.c"
  2941                           ; Parameters:    Size  Location     Type
  2942                           ;  dividend        2    3[BANK0 ] unsigned int 
  2943                           ;  divisor         2    5[BANK0 ] unsigned int 
  2944                           ; Auto vars:     Size  Location     Type
  2945                           ;  quotient        2    0[BANK0 ] unsigned int 
  2946                           ;  counter         1    2[BANK0 ] unsigned char 
  2947                           ; Return value:  Size  Location     Type
  2948                           ;                  2    3[BANK0 ] unsigned int 
  2949                           ; Registers used:
  2950                           ;		wreg, status,2, status,0
  2951                           ; Tracked objects:
  2952                           ;		On entry : 0/0
  2953                           ;		On exit  : 0/0
  2954                           ;		Unchanged: 0/0
  2955                           ; Data sizes:     COMMON   BANK0   BANK1   BANK3   BANK2
  2956                           ;      Locals:         1       7       0       0       0
  2957                           ;      Temp:     1
  2958                           ;      Total:    8
  2959                           ; This function calls:
  2960                           ;		Nothing
  2961                           ; This function is called by:
  2962                           ;		_main
  2963                           ; This function uses a non-reentrant model
  2964                           ; 
  2965                           psect	text167
  2966                           	file	"C:\Program Files (x86)\HI-TECH Software\PICC\9.70\sources\lwdiv.c"
  2967                           	line	5
  2968                           	global	__size_of___lwdiv
  2969  004B                     	__size_of___lwdiv	equ	__end_of___lwdiv-___lwdiv
  2970                           	
  2971  015B                     ___lwdiv:	
  2972                           	opt stack 6
  2973                           ; Regs used in ___lwdiv: [wreg+status,2+status,0]
  2974                           	line	9
  2975                           	
  2976  015B                     l30001554:	
  2977  015B  3000               	movlw	low(0)
  2978  015C  1283               	bcf	status, 5	;RP0=0, select bank0
  2979  015D  1303               	bcf	status, 6	;RP1=0, select bank0
  2980  015E  00A0               	movwf	(___lwdiv@quotient)
  2981  015F  3000               	movlw	high(0)
  2982  0160  00A1               	movwf	((___lwdiv@quotient))+1
  2983                           	line	10
  2984  0161  0826               	movf	(___lwdiv@divisor+1),w
  2985  0162  0425               	iorwf	(___lwdiv@divisor),w
  2986  0163  1903               	skipnz
  2987  0164  2966               	goto	u541
  2988  0165  2967               	goto	u540
  2989  0166                     u541:
  2990  0166  299F               	goto	l30001564
  2991  0167                     u540:
  2992                           	
  2993  0167                     l30001555:	
  2994                           	line	11
  2995  0167  01A2               	clrf	(___lwdiv@counter)
  2996  0168  1403               	bsf	status,0
  2997  0169  0DA2               	rlf	(___lwdiv@counter),f
  2998  016A  2976               	goto	l30001558
  2999                           	
  3000  016B                     l30001556:	
  3001                           	line	13
  3002  016B  3001               	movlw	01h
  3003  016C                     u555:
  3004  016C  1003               	clrc
  3005  016D  0DA5               	rlf	(___lwdiv@divisor),f
  3006  016E  0DA6               	rlf	(___lwdiv@divisor+1),f
  3007  016F  3EFF               	addlw	-1
  3008  0170  1D03               	skipz
  3009  0171  296C               	goto	u555
  3010                           	
  3011  0172                     l30001557:	
  3012                           	line	14
  3013  0172  3001               	movlw	(01h)
  3014  0173  00F7               	movwf	(??___lwdiv+0+0)
  3015  0174  0877               	movf	(??___lwdiv+0+0),w
  3016  0175  07A2               	addwf	(___lwdiv@counter),f
  3017                           	
  3018  0176                     l30001558:	
  3019                           	line	12
  3020  0176  1FA6               	btfss	(___lwdiv@divisor+1),(15)&7
  3021  0177  2979               	goto	u561
  3022  0178  297A               	goto	u560
  3023  0179                     u561:
  3024  0179  296B               	goto	l30001556
  3025  017A                     u560:
  3026                           	
  3027  017A                     l30001559:	
  3028                           	line	17
  3029  017A  3001               	movlw	01h
  3030  017B                     u575:
  3031  017B  1003               	clrc
  3032  017C  0DA0               	rlf	(___lwdiv@quotient),f
  3033  017D  0DA1               	rlf	(___lwdiv@quotient+1),f
  3034  017E  3EFF               	addlw	-1
  3035  017F  1D03               	skipz
  3036  0180  297B               	goto	u575
  3037                           	line	18
  3038  0181  0826               	movf	(___lwdiv@divisor+1),w
  3039  0182  0224               	subwf	(___lwdiv@dividend+1),w
  3040  0183  1D03               	skipz
  3041  0184  2987               	goto	u585
  3042  0185  0825               	movf	(___lwdiv@divisor),w
  3043  0186  0223               	subwf	(___lwdiv@dividend),w
  3044  0187                     u585:
  3045  0187  1C03               	skipc
  3046  0188  298A               	goto	u581
  3047  0189  298B               	goto	u580
  3048  018A                     u581:
  3049  018A  2992               	goto	l30001562
  3050  018B                     u580:
  3051                           	
  3052  018B                     l30001560:	
  3053                           	line	19
  3054  018B  0825               	movf	(___lwdiv@divisor),w
  3055  018C  02A3               	subwf	(___lwdiv@dividend),f
  3056  018D  0826               	movf	(___lwdiv@divisor+1),w
  3057  018E  1C03               	skipc
  3058  018F  03A4               	decf	(___lwdiv@dividend+1),f
  3059  0190  02A4               	subwf	(___lwdiv@dividend+1),f
  3060                           	
  3061  0191                     l30001561:	
  3062                           	line	20
  3063  0191  1420               	bsf	(___lwdiv@quotient)+(0/8),(0)&7
  3064                           	
  3065  0192                     l30001562:	
  3066                           	line	22
  3067  0192  3001               	movlw	01h
  3068  0193                     u595:
  3069  0193  1003               	clrc
  3070  0194  0CA6               	rrf	(___lwdiv@divisor+1),f
  3071  0195  0CA5               	rrf	(___lwdiv@divisor),f
  3072  0196  3EFF               	addlw	-1
  3073  0197  1D03               	skipz
  3074  0198  2993               	goto	u595
  3075                           	
  3076  0199                     l30001563:	
  3077                           	line	23
  3078  0199  3001               	movlw	low(01h)
  3079  019A  02A2               	subwf	(___lwdiv@counter),f
  3080  019B  1D03               	btfss	status,2
  3081  019C  299E               	goto	u601
  3082  019D  299F               	goto	u600
  3083  019E                     u601:
  3084  019E  297A               	goto	l30001559
  3085  019F                     u600:
  3086                           	
  3087  019F                     l30001564:	
  3088                           	line	25
  3089  019F  0821               	movf	(___lwdiv@quotient+1),w
  3090  01A0  01A4               	clrf	(?___lwdiv+1)
  3091  01A1  07A4               	addwf	(?___lwdiv+1)
  3092  01A2  0820               	movf	(___lwdiv@quotient),w
  3093  01A3  01A3               	clrf	(?___lwdiv)
  3094  01A4  07A3               	addwf	(?___lwdiv)
  3095                           
  3096                           	
  3097  01A5                     l70:	
  3098  01A5  0008               	return
  3099                           	opt stack 0
  3100                           GLOBAL	__end_of___lwdiv
  3101  01A6                     	__end_of___lwdiv:
  3102                           ; =============== function ___lwdiv ends ============
  3103                           
  3104                           psect	text168,local,class=CODE,delta=2
  3105                           global __ptext168
  3106  011C                     __ptext168:
  3107                           	line	26
  3108                           	signat	___lwdiv,8314
  3109                           	global	___lwmod
  3110                           
  3111                           ; *************** function ___lwmod *****************
  3112                           ; Defined at:
  3113                           ;		line 5 in file "C:\Program Files (x86)\HI-TECH Software\PICC\9.70\sources\lwmod.c"
  3114                           ; Parameters:    Size  Location     Type
  3115                           ;  dividend        2    7[BANK0 ] unsigned int 
  3116                           ;  divisor         2    9[BANK0 ] unsigned int 
  3117                           ; Auto vars:     Size  Location     Type
  3118                           ;  counter         1    2[COMMON] unsigned char 
  3119                           ; Return value:  Size  Location     Type
  3120                           ;                  2    7[BANK0 ] unsigned int 
  3121                           ; Registers used:
  3122                           ;		wreg, status,2, status,0
  3123                           ; Tracked objects:
  3124                           ;		On entry : 0/0
  3125                           ;		On exit  : 0/0
  3126                           ;		Unchanged: 0/0
  3127                           ; Data sizes:     COMMON   BANK0   BANK1   BANK3   BANK2
  3128                           ;      Locals:         2       4       0       0       0
  3129                           ;      Temp:     1
  3130                           ;      Total:    6
  3131                           ; This function calls:
  3132                           ; This function is called by:
  3133                           ;		_main
  3134                           ; This function uses a non-reentrant model
  3135                           ; 
  3136                           psect	text168
  3137                           	file	"C:\Program Files (x86)\HI-TECH Software\PICC\9.70\sources\lwmod.c"
  3138                           	line	5
  3139                           	global	__size_of___lwmod
  3140  003F                     	__size_of___lwmod	equ	__end_of___lwmod-___lwmod
  3141                           	
  3142  011C                     ___lwmod:	
  3143                           	opt stack 6
  3144                           ; Regs used in ___lwmod: [wreg+status,2+status,0]
  3145                           	line	8
  3146                           	
  3147  011C                     l30001566:	
  3148  011C  1283               	bcf	status, 5	;RP0=0, select bank0
  3149  011D  1303               	bcf	status, 6	;RP1=0, select bank0
  3150  011E  082A               	movf	(___lwmod@divisor+1),w
  3151  011F  0429               	iorwf	(___lwmod@divisor),w
  3152  0120  1903               	skipnz
  3153  0121  2923               	goto	u611
  3154  0122  2924               	goto	u610
  3155  0123                     u611:
  3156  0123  2954               	goto	l30001575
  3157  0124                     u610:
  3158                           	
  3159  0124                     l30001567:	
  3160                           	line	9
  3161  0124  01F9               	clrf	(___lwmod@counter)
  3162  0125  1403               	bsf	status,0
  3163  0126  0DF9               	rlf	(___lwmod@counter),f
  3164  0127  2933               	goto	l30001570
  3165                           	
  3166  0128                     l30001568:	
  3167                           	line	11
  3168  0128  3001               	movlw	01h
  3169  0129                     u625:
  3170  0129  1003               	clrc
  3171  012A  0DA9               	rlf	(___lwmod@divisor),f
  3172  012B  0DAA               	rlf	(___lwmod@divisor+1),f
  3173  012C  3EFF               	addlw	-1
  3174  012D  1D03               	skipz
  3175  012E  2929               	goto	u625
  3176                           	
  3177  012F                     l30001569:	
  3178                           	line	12
  3179  012F  3001               	movlw	(01h)
  3180  0130  00F8               	movwf	(??___lwmod+0+0)
  3181  0131  0878               	movf	(??___lwmod+0+0),w
  3182  0132  07F9               	addwf	(___lwmod@counter),f
  3183                           	
  3184  0133                     l30001570:	
  3185                           	line	10
  3186  0133  1FAA               	btfss	(___lwmod@divisor+1),(15)&7
  3187  0134  2936               	goto	u631
  3188  0135  2937               	goto	u630
  3189  0136                     u631:
  3190  0136  2928               	goto	l30001568
  3191  0137                     u630:
  3192                           	
  3193  0137                     l30001571:	
  3194                           	line	15
  3195  0137  082A               	movf	(___lwmod@divisor+1),w
  3196  0138  0228               	subwf	(___lwmod@dividend+1),w
  3197  0139  1D03               	skipz
  3198  013A  293D               	goto	u645
  3199  013B  0829               	movf	(___lwmod@divisor),w
  3200  013C  0227               	subwf	(___lwmod@dividend),w
  3201  013D                     u645:
  3202  013D  1C03               	skipc
  3203  013E  2940               	goto	u641
  3204  013F  2941               	goto	u640
  3205  0140                     u641:
  3206  0140  2947               	goto	l30001573
  3207  0141                     u640:
  3208                           	
  3209  0141                     l30001572:	
  3210                           	line	16
  3211  0141  0829               	movf	(___lwmod@divisor),w
  3212  0142  02A7               	subwf	(___lwmod@dividend),f
  3213  0143  082A               	movf	(___lwmod@divisor+1),w
  3214  0144  1C03               	skipc
  3215  0145  03A8               	decf	(___lwmod@dividend+1),f
  3216  0146  02A8               	subwf	(___lwmod@dividend+1),f
  3217                           	
  3218  0147                     l30001573:	
  3219                           	line	17
  3220  0147  3001               	movlw	01h
  3221  0148                     u655:
  3222  0148  1003               	clrc
  3223  0149  0CAA               	rrf	(___lwmod@divisor+1),f
  3224  014A  0CA9               	rrf	(___lwmod@divisor),f
  3225  014B  3EFF               	addlw	-1
  3226  014C  1D03               	skipz
  3227  014D  2948               	goto	u655
  3228                           	
  3229  014E                     l30001574:	
  3230                           	line	18
  3231  014E  3001               	movlw	low(01h)
  3232  014F  02F9               	subwf	(___lwmod@counter),f
  3233  0150  1D03               	btfss	status,2
  3234  0151  2953               	goto	u661
  3235  0152  2954               	goto	u660
  3236  0153                     u661:
  3237  0153  2937               	goto	l30001571
  3238  0154                     u660:
  3239                           	
  3240  0154                     l30001575:	
  3241                           	line	20
  3242  0154  0828               	movf	(___lwmod@dividend+1),w
  3243  0155  01A8               	clrf	(?___lwmod+1)
  3244  0156  07A8               	addwf	(?___lwmod+1)
  3245  0157  0827               	movf	(___lwmod@dividend),w
  3246  0158  01A7               	clrf	(?___lwmod)
  3247  0159  07A7               	addwf	(?___lwmod)
  3248                           
  3249                           	
  3250  015A                     l79:	
  3251  015A  0008               	return
  3252                           	opt stack 0
  3253                           GLOBAL	__end_of___lwmod
  3254  015B                     	__end_of___lwmod:
  3255                           ; =============== function ___lwmod ends ============
  3256                           
  3257                           psect	text169,local,class=CODE,delta=2
  3258                           global __ptext169
  3259  01FA                     __ptext169:
  3260                           	line	21
  3261                           	signat	___lwmod,8314
  3262                           	global	___awmod
  3263                           
  3264                           ; *************** function ___awmod *****************
  3265                           ; Defined at:
  3266                           ;		line 5 in file "C:\Program Files (x86)\HI-TECH Software\PICC\9.70\sources\awmod.c"
  3267                           ; Parameters:    Size  Location     Type
  3268                           ;  dividend        2    0[BANK0 ] int 
  3269                           ;  divisor         2    2[BANK0 ] int 
  3270                           ; Auto vars:     Size  Location     Type
  3271                           ;  sign            1    1[COMMON] unsigned char 
  3272                           ;  counter         1    2[COMMON] unsigned char 
  3273                           ; Return value:  Size  Location     Type
  3274                           ;                  2    0[BANK0 ] int 
  3275                           ; Registers used:
  3276                           ;		wreg, status,2, status,0
  3277                           ; Tracked objects:
  3278                           ;		On entry : 0/0
  3279                           ;		On exit  : 0/0
  3280                           ;		Unchanged: 0/0
  3281                           ; Data sizes:     COMMON   BANK0   BANK1   BANK3   BANK2
  3282                           ;      Locals:         3       4       0       0       0
  3283                           ;      Temp:     1
  3284                           ;      Total:    7
  3285                           ; This function calls:
  3286                           ;		Nothing
  3287                           ; This function is called by:
  3288                           ;		_main
  3289                           ; This function uses a non-reentrant model
  3290                           ; 
  3291                           psect	text169
  3292                           	file	"C:\Program Files (x86)\HI-TECH Software\PICC\9.70\sources\awmod.c"
  3293                           	line	5
  3294                           	global	__size_of___awmod
  3295  005C                     	__size_of___awmod	equ	__end_of___awmod-___awmod
  3296                           	
  3297  01FA                     ___awmod:	
  3298                           	opt stack 6
  3299                           ; Regs used in ___awmod: [wreg+status,2+status,0]
  3300                           	line	8
  3301                           	
  3302  01FA                     l30001577:	
  3303  01FA  1003               	clrc
  3304  01FB  3000               	movlw	0
  3305  01FC  1803               	btfsc	status,0
  3306  01FD  3001               	movlw	1
  3307  01FE  00F8               	movwf	(___awmod@sign)
  3308                           	
  3309  01FF                     l30001578:	
  3310                           	line	9
  3311  01FF  1283               	bcf	status, 5	;RP0=0, select bank0
  3312  0200  1303               	bcf	status, 6	;RP1=0, select bank0
  3313  0201  1FA1               	btfss	(___awmod@dividend+1),7
  3314  0202  2A04               	goto	u671
  3315  0203  2A05               	goto	u670
  3316  0204                     u671:
  3317  0204  2A0D               	goto	l30001580
  3318  0205                     u670:
  3319                           	
  3320  0205                     l30001579:	
  3321                           	line	10
  3322  0205  09A0               	comf	(___awmod@dividend),f
  3323  0206  09A1               	comf	(___awmod@dividend+1),f
  3324  0207  0AA0               	incf	(___awmod@dividend),f
  3325  0208  1903               	skipnz
  3326  0209  0AA1               	incf	(___awmod@dividend+1),f
  3327                           	line	11
  3328  020A  01F8               	clrf	(___awmod@sign)
  3329  020B  1403               	bsf	status,0
  3330  020C  0DF8               	rlf	(___awmod@sign),f
  3331                           	
  3332  020D                     l30001580:	
  3333                           	line	13
  3334  020D  1FA3               	btfss	(___awmod@divisor+1),7
  3335  020E  2A10               	goto	u681
  3336  020F  2A11               	goto	u680
  3337  0210                     u681:
  3338  0210  2A16               	goto	l30001582
  3339  0211                     u680:
  3340                           	
  3341  0211                     l30001581:	
  3342                           	line	14
  3343  0211  09A2               	comf	(___awmod@divisor),f
  3344  0212  09A3               	comf	(___awmod@divisor+1),f
  3345  0213  0AA2               	incf	(___awmod@divisor),f
  3346  0214  1903               	skipnz
  3347  0215  0AA3               	incf	(___awmod@divisor+1),f
  3348                           	
  3349  0216                     l30001582:	
  3350                           	line	15
  3351  0216  0823               	movf	(___awmod@divisor+1),w
  3352  0217  0422               	iorwf	(___awmod@divisor),w
  3353  0218  1903               	skipnz
  3354  0219  2A1B               	goto	u691
  3355  021A  2A1C               	goto	u690
  3356  021B                     u691:
  3357  021B  2A4C               	goto	l30001591
  3358  021C                     u690:
  3359                           	
  3360  021C                     l30001583:	
  3361                           	line	16
  3362  021C  01F9               	clrf	(___awmod@counter)
  3363  021D  1403               	bsf	status,0
  3364  021E  0DF9               	rlf	(___awmod@counter),f
  3365  021F  2A2B               	goto	l30001586
  3366                           	
  3367  0220                     l30001584:	
  3368                           	line	18
  3369  0220  3001               	movlw	01h
  3370  0221                     u705:
  3371  0221  1003               	clrc
  3372  0222  0DA2               	rlf	(___awmod@divisor),f
  3373  0223  0DA3               	rlf	(___awmod@divisor+1),f
  3374  0224  3EFF               	addlw	-1
  3375  0225  1D03               	skipz
  3376  0226  2A21               	goto	u705
  3377                           	
  3378  0227                     l30001585:	
  3379                           	line	19
  3380  0227  3001               	movlw	(01h)
  3381  0228  00F7               	movwf	(??___awmod+0+0)
  3382  0229  0877               	movf	(??___awmod+0+0),w
  3383  022A  07F9               	addwf	(___awmod@counter),f
  3384                           	
  3385  022B                     l30001586:	
  3386                           	line	17
  3387  022B  1FA3               	btfss	(___awmod@divisor+1),(15)&7
  3388  022C  2A2E               	goto	u711
  3389  022D  2A2F               	goto	u710
  3390  022E                     u711:
  3391  022E  2A20               	goto	l30001584
  3392  022F                     u710:
  3393                           	
  3394  022F                     l30001587:	
  3395                           	line	22
  3396  022F  0823               	movf	(___awmod@divisor+1),w
  3397  0230  0221               	subwf	(___awmod@dividend+1),w
  3398  0231  1D03               	skipz
  3399  0232  2A35               	goto	u725
  3400  0233  0822               	movf	(___awmod@divisor),w
  3401  0234  0220               	subwf	(___awmod@dividend),w
  3402  0235                     u725:
  3403  0235  1C03               	skipc
  3404  0236  2A38               	goto	u721
  3405  0237  2A39               	goto	u720
  3406  0238                     u721:
  3407  0238  2A3F               	goto	l30001589
  3408  0239                     u720:
  3409                           	
  3410  0239                     l30001588:	
  3411                           	line	23
  3412  0239  0822               	movf	(___awmod@divisor),w
  3413  023A  02A0               	subwf	(___awmod@dividend),f
  3414  023B  0823               	movf	(___awmod@divisor+1),w
  3415  023C  1C03               	skipc
  3416  023D  03A1               	decf	(___awmod@dividend+1),f
  3417  023E  02A1               	subwf	(___awmod@dividend+1),f
  3418                           	
  3419  023F                     l30001589:	
  3420                           	line	24
  3421  023F  3001               	movlw	01h
  3422  0240                     u735:
  3423  0240  1003               	clrc
  3424  0241  0CA3               	rrf	(___awmod@divisor+1),f
  3425  0242  0CA2               	rrf	(___awmod@divisor),f
  3426  0243  3EFF               	addlw	-1
  3427  0244  1D03               	skipz
  3428  0245  2A40               	goto	u735
  3429                           	
  3430  0246                     l30001590:	
  3431                           	line	25
  3432  0246  3001               	movlw	low(01h)
  3433  0247  02F9               	subwf	(___awmod@counter),f
  3434  0248  1D03               	btfss	status,2
  3435  0249  2A4B               	goto	u741
  3436  024A  2A4C               	goto	u740
  3437  024B                     u741:
  3438  024B  2A2F               	goto	l30001587
  3439  024C                     u740:
  3440                           	
  3441  024C                     l30001591:	
  3442                           	line	27
  3443  024C  0878               	movf	(___awmod@sign),w
  3444  024D  1D03               	skipz
  3445  024E  2A50               	goto	u750
  3446  024F  2A55               	goto	l30001593
  3447  0250                     u750:
  3448                           	
  3449  0250                     l30001592:	
  3450                           	line	28
  3451  0250  09A0               	comf	(___awmod@dividend),f
  3452  0251  09A1               	comf	(___awmod@dividend+1),f
  3453  0252  0AA0               	incf	(___awmod@dividend),f
  3454  0253  1903               	skipnz
  3455  0254  0AA1               	incf	(___awmod@dividend+1),f
  3456                           	
  3457  0255                     l30001593:	
  3458                           	line	29
  3459                           	
  3460  0255                     l289:	
  3461  0255  0008               	return
  3462                           	opt stack 0
  3463                           GLOBAL	__end_of___awmod
  3464  0256                     	__end_of___awmod:
  3465                           ; =============== function ___awmod ends ============
  3466                           
  3467                           psect	text170,local,class=CODE,delta=2
  3468                           global __ptext170
  3469  0F7D                     __ptext170:
  3470                           	line	30
  3471                           	signat	___awmod,8314
  3472                           	global	_goto_ligne_2
  3473                           
  3474                           ; *************** function _goto_ligne_2 *****************
  3475                           ; Defined at:
  3476                           ;		line 221 in file "E:\MICROCONTREU\projet_gps\projet_1__everything_string\lcdbt.c"
  3477                           ; Parameters:    Size  Location     Type
  3478                           ;		None
  3479                           ; Auto vars:     Size  Location     Type
  3480                           ;		None
  3481                           ; Return value:  Size  Location     Type
  3482                           ;		None               void
  3483                           ; Registers used:
  3484                           ;		wreg, status,2, status,0, pclath, cstack
  3485                           ; Tracked objects:
  3486                           ;		On entry : 0/0
  3487                           ;		On exit  : 0/0
  3488                           ;		Unchanged: 0/0
  3489                           ; Data sizes:     COMMON   BANK0   BANK1   BANK3   BANK2
  3490                           ;      Locals:         0       0       0       0       0
  3491                           ;      Temp:     0
  3492                           ;      Total:    0
  3493                           ; This function calls:
  3494                           ;		_ecriture_commande
  3495                           ; This function is called by:
  3496                           ;		_main
  3497                           ; This function uses a non-reentrant model
  3498                           ; 
  3499                           psect	text170
  3500                           	file	"E:\MICROCONTREU\projet_gps\projet_1__everything_string\lcdbt.c"
  3501                           	line	221
  3502                           	global	__size_of_goto_ligne_2
  3503  0007                     	__size_of_goto_ligne_2	equ	__end_of_goto_ligne_2-_goto_ligne_2
  3504                           ;lcdbt.c: 220: void goto_ligne_2(void)
  3505                           ;lcdbt.c: 221: {
  3506                           	
  3507  0F7D                     _goto_ligne_2:	
  3508                           	opt stack 6
  3509                           ; Regs used in _goto_ligne_2: [wreg+status,2+status,0+pclath+cstack]
  3510                           	line	224
  3511                           	
  3512  0F7D                     l30001747:	
  3513                           ;lcdbt.c: 224: ecriture_commande(0xC0);
  3514  0F7D  30C0               	movlw	(0C0h)
  3515  0F7E  120A  118A  204D   	fcall	_ecriture_commande
              120A  158A         
  3516                           	
  3517  0F83                     l29:	
  3518  0F83  0008               	return
  3519                           	opt stack 0
  3520                           GLOBAL	__end_of_goto_ligne_2
  3521  0F84                     	__end_of_goto_ligne_2:
  3522                           ; =============== function _goto_ligne_2 ends ============
  3523                           
  3524                           psect	text171,local,class=CODE,delta=2
  3525                           global __ptext171
  3526  002E                     __ptext171:
  3527                           	line	226
  3528                           	signat	_goto_ligne_2,88
  3529                           	global	_init_liaison_serie
  3530                           
  3531                           ; *************** function _init_liaison_serie *****************
  3532                           ; Defined at:
  3533                           ;		line 47 in file "E:\MICROCONTREU\projet_gps\projet_1__everything_string\functions .c"
  3534                           ; Parameters:    Size  Location     Type
  3535                           ;		None
  3536                           ; Auto vars:     Size  Location     Type
  3537                           ;		None
  3538                           ; Return value:  Size  Location     Type
  3539                           ;		None               void
  3540                           ; Registers used:
  3541                           ;		wreg
  3542                           ; Tracked objects:
  3543                           ;		On entry : 0/0
  3544                           ;		On exit  : 0/0
  3545                           ;		Unchanged: 0/0
  3546                           ; Data sizes:     COMMON   BANK0   BANK1   BANK3   BANK2
  3547                           ;      Locals:         0       0       0       0       0
  3548                           ;      Temp:     0
  3549                           ;      Total:    0
  3550                           ; This function calls:
  3551                           ;		Nothing
  3552                           ; This function is called by:
  3553                           ;		_main
  3554                           ; This function uses a non-reentrant model
  3555                           ; 
  3556                           psect	text171
  3557                           	file	"E:\MICROCONTREU\projet_gps\projet_1__everything_string\functions .c"
  3558                           	line	47
  3559                           	global	__size_of_init_liaison_serie
  3560  001F                     	__size_of_init_liaison_serie	equ	__end_of_init_liaison_serie-_init_liaison_serie
  3561                           ;functions .c: 46: void init_liaison_serie(void)
  3562                           ;functions .c: 47: {
  3563                           	
  3564  002E                     _init_liaison_serie:	
  3565                           	opt stack 6
  3566                           ; Regs used in _init_liaison_serie: [wreg]
  3567                           	line	49
  3568                           	
  3569  002E                     l30001617:	
  3570                           ;functions .c: 49: BRGH = 1;
  3571  002E  1683               	bsf	status, 5	;RP0=1, select bank1
  3572  002F  1303               	bcf	status, 6	;RP1=0, select bank1
  3573  0030  1518               	bsf	(1218/8)^080h,(1218)&7
  3574                           	
  3575  0031                     l30001618:	
  3576                           	line	50
  3577                           ;functions .c: 50: SPBRG = 51;
  3578  0031  3033               	movlw	(033h)
  3579  0032  0099               	movwf	(153)^080h	;volatile
  3580                           	
  3581  0033                     l30001619:	
  3582                           	line	53
  3583                           ;functions .c: 53: SYNC = 0;
  3584  0033  1218               	bcf	(1220/8)^080h,(1220)&7
  3585                           	
  3586  0034                     l30001620:	
  3587                           	line	54
  3588                           ;functions .c: 54: SPEN = 1;
  3589  0034  1283               	bcf	status, 5	;RP0=0, select bank0
  3590  0035  1303               	bcf	status, 6	;RP1=0, select bank0
  3591  0036  1798               	bsf	(199/8),(199)&7
  3592                           	
  3593  0037                     l30001621:	
  3594                           	line	56
  3595                           ;functions .c: 56: TRISC6 = 1;
  3596  0037  1683               	bsf	status, 5	;RP0=1, select bank1
  3597  0038  1303               	bcf	status, 6	;RP1=0, select bank1
  3598  0039  1707               	bsf	(1086/8)^080h,(1086)&7
  3599                           	
  3600  003A                     l30001622:	
  3601                           	line	57
  3602                           ;functions .c: 57: TRISC7 = 1;
  3603  003A  1787               	bsf	(1087/8)^080h,(1087)&7
  3604                           	
  3605  003B                     l30001623:	
  3606                           	line	60
  3607                           ;functions .c: 60: TXIE = 0;
  3608  003B  120C               	bcf	(1124/8)^080h,(1124)&7
  3609                           	
  3610  003C                     l30001624:	
  3611                           	line	61
  3612                           ;functions .c: 61: RCIE = 0;
  3613  003C  128C               	bcf	(1125/8)^080h,(1125)&7
  3614                           	
  3615  003D                     l30001625:	
  3616                           	line	62
  3617                           ;functions .c: 62: ADDEN = 0;
  3618  003D  1283               	bcf	status, 5	;RP0=0, select bank0
  3619  003E  1303               	bcf	status, 6	;RP1=0, select bank0
  3620  003F  1198               	bcf	(195/8),(195)&7
  3621                           	
  3622  0040                     l30001626:	
  3623                           	line	65
  3624                           ;functions .c: 65: TX9 = 0;
  3625  0040  1683               	bsf	status, 5	;RP0=1, select bank1
  3626  0041  1303               	bcf	status, 6	;RP1=0, select bank1
  3627  0042  1318               	bcf	(1222/8)^080h,(1222)&7
  3628                           	
  3629  0043                     l30001627:	
  3630                           	line	66
  3631                           ;functions .c: 66: RX9 = 0;
  3632  0043  1283               	bcf	status, 5	;RP0=0, select bank0
  3633  0044  1303               	bcf	status, 6	;RP1=0, select bank0
  3634  0045  1318               	bcf	(198/8),(198)&7
  3635                           	
  3636  0046                     l30001628:	
  3637                           	line	69
  3638                           ;functions .c: 69: TXEN = 1;
  3639  0046  1683               	bsf	status, 5	;RP0=1, select bank1
  3640  0047  1303               	bcf	status, 6	;RP1=0, select bank1
  3641  0048  1698               	bsf	(1221/8)^080h,(1221)&7
  3642                           	
  3643  0049                     l30001629:	
  3644                           	line	70
  3645                           ;functions .c: 70: CREN = 1;
  3646  0049  1283               	bcf	status, 5	;RP0=0, select bank0
  3647  004A  1303               	bcf	status, 6	;RP1=0, select bank0
  3648  004B  1618               	bsf	(196/8),(196)&7
  3649                           	
  3650  004C                     l38:	
  3651  004C  0008               	return
  3652                           	opt stack 0
  3653                           GLOBAL	__end_of_init_liaison_serie
  3654  004D                     	__end_of_init_liaison_serie:
  3655                           ; =============== function _init_liaison_serie ends ============
  3656                           
  3657                           psect	text172,local,class=CODE,delta=2
  3658                           global __ptext172
  3659  0F63                     __ptext172:
  3660                           	line	72
  3661                           	signat	_init_liaison_serie,88
  3662                           	global	_allume_LCD
  3663                           
  3664                           ; *************** function _allume_LCD *****************
  3665                           ; Defined at:
  3666                           ;		line 50 in file "E:\MICROCONTREU\projet_gps\projet_1__everything_string\lcdbt.c"
  3667                           ; Parameters:    Size  Location     Type
  3668                           ;		None
  3669                           ; Auto vars:     Size  Location     Type
  3670                           ;		None
  3671                           ; Return value:  Size  Location     Type
  3672                           ;		None               void
  3673                           ; Registers used:
  3674                           ;		status,2, status,0, pclath, cstack
  3675                           ; Tracked objects:
  3676                           ;		On entry : 0/0
  3677                           ;		On exit  : 0/0
  3678                           ;		Unchanged: 0/0
  3679                           ; Data sizes:     COMMON   BANK0   BANK1   BANK3   BANK2
  3680                           ;      Locals:         0       0       0       0       0
  3681                           ;      Temp:     0
  3682                           ;      Total:    0
  3683                           ; This function calls:
  3684                           ;		_init_PORTD
  3685                           ; This function is called by:
  3686                           ;		_main
  3687                           ; This function uses a non-reentrant model
  3688                           ; 
  3689                           psect	text172
  3690                           	file	"E:\MICROCONTREU\projet_gps\projet_1__everything_string\lcdbt.c"
  3691                           	line	50
  3692                           	global	__size_of_allume_LCD
  3693  0009                     	__size_of_allume_LCD	equ	__end_of_allume_LCD-_allume_LCD
  3694                           ;lcdbt.c: 49: void allume_LCD(void)
  3695                           ;lcdbt.c: 50: {
  3696                           	
  3697  0F63                     _allume_LCD:	
  3698                           	opt stack 6
  3699                           ; Regs used in _allume_LCD: [status,2+status,0+pclath+cstack]
  3700                           	line	53
  3701                           	
  3702  0F63                     l30001630:	
  3703                           ;lcdbt.c: 53: init_PORTD();
  3704  0F63  120A  158A  2784   	fcall	_init_PORTD
              120A  158A         
  3705                           	
  3706  0F68                     l30001631:	
  3707                           	line	54
  3708                           ;lcdbt.c: 54: RD7=1;
  3709  0F68  1283               	bcf	status, 5	;RP0=0, select bank0
  3710  0F69  1303               	bcf	status, 6	;RP1=0, select bank0
  3711  0F6A  1788               	bsf	(71/8),(71)&7
  3712                           	
  3713  0F6B                     l15:	
  3714  0F6B  0008               	return
  3715                           	opt stack 0
  3716                           GLOBAL	__end_of_allume_LCD
  3717  0F6C                     	__end_of_allume_LCD:
  3718                           ; =============== function _allume_LCD ends ============
  3719                           
  3720                           psect	text173,local,class=CODE,delta=2
  3721                           global __ptext173
  3722  01A6                     __ptext173:
  3723                           	line	56
  3724                           	signat	_allume_LCD,88
  3725                           	global	_init_LCD
  3726                           
  3727                           ; *************** function _init_LCD *****************
  3728                           ; Defined at:
  3729                           ;		line 117 in file "E:\MICROCONTREU\projet_gps\projet_1__everything_string\lcdbt.c"
  3730                           ; Parameters:    Size  Location     Type
  3731                           ;		None
  3732                           ; Auto vars:     Size  Location     Type
  3733                           ;		None
  3734                           ; Return value:  Size  Location     Type
  3735                           ;		None               void
  3736                           ; Registers used:
  3737                           ;		wreg, status,2, status,0, pclath, cstack
  3738                           ; Tracked objects:
  3739                           ;		On entry : 0/0
  3740                           ;		On exit  : 0/0
  3741                           ;		Unchanged: 0/0
  3742                           ; Data sizes:     COMMON   BANK0   BANK1   BANK3   BANK2
  3743                           ;      Locals:         0       0       0       0       0
  3744                           ;      Temp:     0
  3745                           ;      Total:    0
  3746                           ; This function calls:
  3747                           ;		_tempo_N_ms
  3748                           ;		_ecriture_commande
  3749                           ; This function is called by:
  3750                           ;		_main
  3751                           ; This function uses a non-reentrant model
  3752                           ; 
  3753                           psect	text173
  3754                           	file	"E:\MICROCONTREU\projet_gps\projet_1__everything_string\lcdbt.c"
  3755                           	line	117
  3756                           	global	__size_of_init_LCD
  3757  0054                     	__size_of_init_LCD	equ	__end_of_init_LCD-_init_LCD
  3758                           ;lcdbt.c: 116: void init_LCD(void)
  3759                           ;lcdbt.c: 117: {
  3760                           	
  3761  01A6                     _init_LCD:	
  3762                           	opt stack 6
  3763                           ; Regs used in _init_LCD: [wreg+status,2+status,0+pclath+cstack]
  3764                           	line	118
  3765                           	
  3766  01A6                     l30001760:	
  3767                           ;lcdbt.c: 118: tempo_N_ms(30);
  3768  01A6  301E               	movlw	low(01Eh)
  3769  01A7  1283               	bcf	status, 5	;RP0=0, select bank0
  3770  01A8  1303               	bcf	status, 6	;RP1=0, select bank0
  3771  01A9  00A2               	movwf	(?_tempo_N_ms)
  3772  01AA  3000               	movlw	high(01Eh)
  3773  01AB  00A3               	movwf	((?_tempo_N_ms))+1
  3774  01AC  120A  118A  20BA   	fcall	_tempo_N_ms
              120A  118A         
  3775                           	
  3776  01B1                     l30001761:	
  3777                           	line	119
  3778                           ;lcdbt.c: 119: TRISD=0x00;
  3779  01B1  1003               	clrc
  3780  01B2  3000               	movlw	0
  3781  01B3  1803               	btfsc	status,0
  3782  01B4  3001               	movlw	1
  3783  01B5  1683               	bsf	status, 5	;RP0=1, select bank1
  3784  01B6  1303               	bcf	status, 6	;RP1=0, select bank1
  3785  01B7  0088               	movwf	(136)^080h	;volatile
  3786                           	
  3787  01B8                     l30001762:	
  3788                           	line	120
  3789                           ;lcdbt.c: 120: RD7=1;
  3790  01B8  1283               	bcf	status, 5	;RP0=0, select bank0
  3791  01B9  1303               	bcf	status, 6	;RP1=0, select bank0
  3792  01BA  1788               	bsf	(71/8),(71)&7
  3793                           	
  3794  01BB                     l30001763:	
  3795                           	line	121
  3796                           ;lcdbt.c: 121: RD4=0;
  3797  01BB  1208               	bcf	(68/8),(68)&7
  3798                           	
  3799  01BC                     l30001764:	
  3800                           	line	122
  3801                           ;lcdbt.c: 122: RD6=0;
  3802  01BC  1308               	bcf	(70/8),(70)&7
  3803                           	
  3804  01BD                     l30001765:	
  3805                           	line	123
  3806                           ;lcdbt.c: 123: RD5=0;
  3807  01BD  1288               	bcf	(69/8),(69)&7
  3808                           	
  3809  01BE                     l30001766:	
  3810                           	line	125
  3811                           ;lcdbt.c: 125: PORTD=PORTD|0x03;
  3812  01BE  0808               	movf	(8),w	;volatile
  3813  01BF  3803               	iorlw	03h
  3814  01C0  0088               	movwf	(8)	;volatile
  3815                           	
  3816  01C1                     l30001767:	
  3817                           	line	126
  3818                           ;lcdbt.c: 126: RD6=1;
  3819  01C1  1708               	bsf	(70/8),(70)&7
  3820                           	
  3821  01C2                     l30001768:	
  3822                           	line	127
  3823                           ;lcdbt.c: 127: RD6=0;
  3824  01C2  1308               	bcf	(70/8),(70)&7
  3825                           	
  3826  01C3                     l30001769:	
  3827                           	line	128
  3828                           ;lcdbt.c: 128: tempo_N_ms(30);
  3829  01C3  301E               	movlw	low(01Eh)
  3830  01C4  00A2               	movwf	(?_tempo_N_ms)
  3831  01C5  3000               	movlw	high(01Eh)
  3832  01C6  00A3               	movwf	((?_tempo_N_ms))+1
  3833  01C7  120A  118A  20BA   	fcall	_tempo_N_ms
              120A  118A         
  3834                           	
  3835  01CC                     l30001770:	
  3836                           	line	131
  3837                           ;lcdbt.c: 131: PORTD=PORTD|0x03;
  3838  01CC  1283               	bcf	status, 5	;RP0=0, select bank0
  3839  01CD  1303               	bcf	status, 6	;RP1=0, select bank0
  3840  01CE  0808               	movf	(8),w	;volatile
  3841  01CF  3803               	iorlw	03h
  3842  01D0  0088               	movwf	(8)	;volatile
  3843                           	
  3844  01D1                     l30001771:	
  3845                           	line	132
  3846                           ;lcdbt.c: 132: RD6=1;
  3847  01D1  1708               	bsf	(70/8),(70)&7
  3848                           	
  3849  01D2                     l30001772:	
  3850                           	line	133
  3851                           ;lcdbt.c: 133: RD6=0;
  3852  01D2  1308               	bcf	(70/8),(70)&7
  3853                           	
  3854  01D3                     l30001773:	
  3855                           	line	137
  3856                           ;lcdbt.c: 137: PORTD=PORTD|0x03;
  3857  01D3  0808               	movf	(8),w	;volatile
  3858  01D4  3803               	iorlw	03h
  3859  01D5  0088               	movwf	(8)	;volatile
  3860                           	
  3861  01D6                     l30001774:	
  3862                           	line	138
  3863                           ;lcdbt.c: 138: RD6=1;
  3864  01D6  1708               	bsf	(70/8),(70)&7
  3865                           	
  3866  01D7                     l30001775:	
  3867                           	line	139
  3868                           ;lcdbt.c: 139: RD6=0;
  3869  01D7  1308               	bcf	(70/8),(70)&7
  3870                           	
  3871  01D8                     l30001776:	
  3872                           	line	140
  3873                           ;lcdbt.c: 140: tempo_N_ms(30);
  3874  01D8  301E               	movlw	low(01Eh)
  3875  01D9  00A2               	movwf	(?_tempo_N_ms)
  3876  01DA  3000               	movlw	high(01Eh)
  3877  01DB  00A3               	movwf	((?_tempo_N_ms))+1
  3878  01DC  120A  118A  20BA   	fcall	_tempo_N_ms
              120A  118A         
  3879                           	
  3880  01E1                     l30001777:	
  3881                           	line	145
  3882                           ;lcdbt.c: 145: ecriture_commande(0x28);
  3883  01E1  3028               	movlw	(028h)
  3884  01E2  120A  118A  204D   	fcall	_ecriture_commande
              120A  118A         
  3885                           	
  3886  01E7                     l30001778:	
  3887                           	line	148
  3888                           ;lcdbt.c: 148: ecriture_commande(0x0F);
  3889  01E7  300F               	movlw	(0Fh)
  3890  01E8  120A  118A  204D   	fcall	_ecriture_commande
              120A  118A         
  3891                           	
  3892  01ED                     l30001779:	
  3893                           	line	152
  3894                           ;lcdbt.c: 152: ecriture_commande(0x01);
  3895  01ED  3001               	movlw	(01h)
  3896  01EE  120A  118A  204D   	fcall	_ecriture_commande
              120A  118A         
  3897                           	
  3898  01F3                     l30001780:	
  3899                           	line	157
  3900                           ;lcdbt.c: 157: ecriture_commande(0x06);
  3901  01F3  3006               	movlw	(06h)
  3902  01F4  120A  118A  204D   	fcall	_ecriture_commande
              120A  118A         
  3903                           	
  3904  01F9                     l22:	
  3905  01F9  0008               	return
  3906                           	opt stack 0
  3907                           GLOBAL	__end_of_init_LCD
  3908  01FA                     	__end_of_init_LCD:
  3909                           ; =============== function _init_LCD ends ============
  3910                           
  3911                           psect	text174,local,class=CODE,delta=2
  3912                           global __ptext174
  3913  0F46                     __ptext174:
  3914                           	line	158
  3915                           	signat	_init_LCD,88
  3916                           	global	_init_gps_mode_smart
  3917                           
  3918                           ; *************** function _init_gps_mode_smart *****************
  3919                           ; Defined at:
  3920                           ;		line 104 in file "E:\MICROCONTREU\projet_gps\projet_1__everything_string\functions .c
                                 "
  3921                           ; Parameters:    Size  Location     Type
  3922                           ;		None
  3923                           ; Auto vars:     Size  Location     Type
  3924                           ;		None
  3925                           ; Return value:  Size  Location     Type
  3926                           ;		None               void
  3927                           ; Registers used:
  3928                           ;		wreg, status,2, status,0, pclath, cstack
  3929                           ; Tracked objects:
  3930                           ;		On entry : 0/0
  3931                           ;		On exit  : 0/0
  3932                           ;		Unchanged: 0/0
  3933                           ; Data sizes:     COMMON   BANK0   BANK1   BANK3   BANK2
  3934                           ;      Locals:         0       0       0       0       0
  3935                           ;      Temp:     0
  3936                           ;      Total:    0
  3937                           ; This function calls:
  3938                           ;		_tempo_N_ms
  3939                           ; This function is called by:
  3940                           ;		_main
  3941                           ; This function uses a non-reentrant model
  3942                           ; 
  3943                           psect	text174
  3944                           	file	"E:\MICROCONTREU\projet_gps\projet_1__everything_string\functions .c"
  3945                           	line	104
  3946                           	global	__size_of_init_gps_mode_smart
  3947  0012                     	__size_of_init_gps_mode_smart	equ	__end_of_init_gps_mode_smart-_init_gps_mode_smart
  3948                           ;functions .c: 104: void init_gps_mode_smart(void) {
  3949                           	
  3950  0F46                     _init_gps_mode_smart:	
  3951                           	opt stack 6
  3952                           ; Regs used in _init_gps_mode_smart: [wreg+status,2+status,0+pclath+cstack]
  3953                           	line	109
  3954                           	
  3955  0F46                     l30001534:	
  3956                           ;functions .c: 109: TRISC4 = 0;
  3957  0F46  1683               	bsf	status, 5	;RP0=1, select bank1
  3958  0F47  1303               	bcf	status, 6	;RP1=0, select bank1
  3959  0F48  1207               	bcf	(1084/8)^080h,(1084)&7
  3960                           	line	112
  3961                           ;functions .c: 112: TRISC5 = 0;
  3962  0F49  1287               	bcf	(1085/8)^080h,(1085)&7
  3963                           	line	113
  3964                           ;functions .c: 113: RC4=0;
  3965  0F4A  1283               	bcf	status, 5	;RP0=0, select bank0
  3966  0F4B  1303               	bcf	status, 6	;RP1=0, select bank0
  3967  0F4C  1207               	bcf	(60/8),(60)&7
  3968                           	line	114
  3969                           ;functions .c: 114: RC5=1;
  3970  0F4D  1687               	bsf	(61/8),(61)&7
  3971                           	
  3972  0F4E                     l30001535:	
  3973                           	line	119
  3974                           ;functions .c: 119: tempo_N_ms(10);
  3975  0F4E  300A               	movlw	low(0Ah)
  3976  0F4F  00A2               	movwf	(?_tempo_N_ms)
  3977  0F50  3000               	movlw	high(0Ah)
  3978  0F51  00A3               	movwf	((?_tempo_N_ms))+1
  3979  0F52  120A  118A  20BA   	fcall	_tempo_N_ms
              120A  158A         
  3980                           	
  3981  0F57                     l51:	
  3982  0F57  0008               	return
  3983                           	opt stack 0
  3984                           GLOBAL	__end_of_init_gps_mode_smart
  3985  0F58                     	__end_of_init_gps_mode_smart:
  3986                           ; =============== function _init_gps_mode_smart ends ============
  3987                           
  3988                           psect	text175,local,class=CODE,delta=2
  3989                           global __ptext175
  3990  0011                     __ptext175:
  3991                           	line	120
  3992                           	signat	_init_gps_mode_smart,88
  3993                           	global	_emet_string
  3994                           
  3995                           ; *************** function _emet_string *****************
  3996                           ; Defined at:
  3997                           ;		line 86 in file "E:\MICROCONTREU\projet_gps\projet_1__everything_string\functions .c"
  3998                           ; Parameters:    Size  Location     Type
  3999                           ;  message         1    wreg     PTR unsigned char 
  4000                           ;		 -> STR_5(5), 
  4001                           ; Auto vars:     Size  Location     Type
  4002                           ;  message         1    2[COMMON] PTR unsigned char 
  4003                           ;		 -> STR_5(5), 
  4004                           ; Return value:  Size  Location     Type
  4005                           ;		None               void
  4006                           ; Registers used:
  4007                           ;		wreg, status,2, status,0, pclath, cstack
  4008                           ; Tracked objects:
  4009                           ;		On entry : 0/0
  4010                           ;		On exit  : 0/0
  4011                           ;		Unchanged: 0/0
  4012                           ; Data sizes:     COMMON   BANK0   BANK1   BANK3   BANK2
  4013                           ;      Locals:         2       0       0       0       0
  4014                           ;      Temp:     1
  4015                           ;      Total:    2
  4016                           ; This function calls:
  4017                           ;		_emet_car
  4018                           ; This function is called by:
  4019                           ;		_request_gps
  4020                           ; This function uses a non-reentrant model
  4021                           ; 
  4022                           psect	text175
  4023                           	file	"E:\MICROCONTREU\projet_gps\projet_1__everything_string\functions .c"
  4024                           	line	86
  4025                           	global	__size_of_emet_string
  4026  001D                     	__size_of_emet_string	equ	__end_of_emet_string-_emet_string
  4027                           ;functions .c: 85: void emet_string(unsigned char *message)
  4028                           ;functions .c: 86: {
  4029                           	
  4030  0011                     _emet_string:	
  4031                           	opt stack 5
  4032                           ; Regs used in _emet_string: [wreg+status,2+status,0+pclath+cstack]
  4033                           ;emet_string@message stored from wreg
  4034  0011  00F9               	movwf	(emet_string@message)
  4035                           	
  4036  0012                     l30001785:	
  4037  0012  2822               	goto	l30001788
  4038                           	
  4039  0013                     l30001786:	
  4040                           	line	90
  4041                           ;functions .c: 89: {
  4042                           ;functions .c: 90: emet_car(*message);
  4043  0013  0879               	movf	(emet_string@message),w
  4044                           	FNCALL _emet_string,stringtab
  4045  0014  120A  158A  2709   	fcall	stringdir
              120A  118A         
  4046  0019  120A  118A  2006   	fcall	_emet_car
              120A  118A         
  4047                           	
  4048  001E                     l30001787:	
  4049                           	line	91
  4050                           ;functions .c: 91: message++;
  4051  001E  3001               	movlw	(01h)
  4052  001F  00F8               	movwf	(??_emet_string+0+0)
  4053  0020  0878               	movf	(??_emet_string+0+0),w
  4054  0021  07F9               	addwf	(emet_string@message),f
  4055                           	
  4056  0022                     l30001788:	
  4057                           	line	88
  4058  0022  0879               	movf	(emet_string@message),w
  4059                           	FNCALL _emet_string,stringtab
  4060  0023  120A  158A  2709   	fcall	stringdir
              120A  118A         
  4061  0028  3800               	iorlw	0
  4062  0029  1D03               	skipz
  4063  002A  282C               	goto	u911
  4064  002B  282D               	goto	u910
  4065  002C                     u911:
  4066  002C  2813               	goto	l30001786
  4067  002D                     u910:
  4068                           	
  4069  002D                     l43:	
  4070  002D  0008               	return
  4071                           	opt stack 0
  4072                           GLOBAL	__end_of_emet_string
  4073  002E                     	__end_of_emet_string:
  4074                           ; =============== function _emet_string ends ============
  4075                           
  4076                           psect	text176,local,class=CODE,delta=2
  4077                           global __ptext176
  4078  0F6C                     __ptext176:
  4079                           	line	94
  4080                           	signat	_emet_string,4216
  4081                           	global	_recoit_car
  4082                           
  4083                           ; *************** function _recoit_car *****************
  4084                           ; Defined at:
  4085                           ;		line 97 in file "E:\MICROCONTREU\projet_gps\projet_1__everything_string\functions .c"
  4086                           ; Parameters:    Size  Location     Type
  4087                           ;		None
  4088                           ; Auto vars:     Size  Location     Type
  4089                           ;		None
  4090                           ; Return value:  Size  Location     Type
  4091                           ;                  1    wreg      unsigned char 
  4092                           ; Registers used:
  4093                           ;		wreg
  4094                           ; Tracked objects:
  4095                           ;		On entry : 0/0
  4096                           ;		On exit  : 0/0
  4097                           ;		Unchanged: 0/0
  4098                           ; Data sizes:     COMMON   BANK0   BANK1   BANK3   BANK2
  4099                           ;      Locals:         0       0       0       0       0
  4100                           ;      Temp:     0
  4101                           ;      Total:    0
  4102                           ; This function calls:
  4103                           ;		Nothing
  4104                           ; This function is called by:
  4105                           ;		_request_gps
  4106                           ; This function uses a non-reentrant model
  4107                           ; 
  4108                           psect	text176
  4109                           	file	"E:\MICROCONTREU\projet_gps\projet_1__everything_string\functions .c"
  4110                           	line	97
  4111                           	global	__size_of_recoit_car
  4112  0009                     	__size_of_recoit_car	equ	__end_of_recoit_car-_recoit_car
  4113                           ;functions .c: 96: unsigned char recoit_car(void)
  4114                           ;functions .c: 97: {
  4115                           	
  4116  0F6C                     _recoit_car:	
  4117                           	opt stack 5
  4118                           ; Regs used in _recoit_car: [wreg]
  4119                           	line	98
  4120                           	
  4121  0F6C                     l30001614:	
  4122                           ;functions .c: 98: RC4=1;
  4123  0F6C  1283               	bcf	status, 5	;RP0=0, select bank0
  4124  0F6D  1303               	bcf	status, 6	;RP1=0, select bank0
  4125  0F6E  1607               	bsf	(60/8),(60)&7
  4126                           	
  4127  0F6F                     l48:	
  4128                           	line	99
  4129  0F6F  1E8C               	btfss	(101/8),(101)&7
  4130  0F70  2F72               	goto	u861
  4131  0F71  2F73               	goto	u860
  4132  0F72                     u861:
  4133  0F72  2F6F               	goto	l48
  4134  0F73                     u860:
  4135                           	
  4136  0F73                     l30001615:	
  4137                           	line	100
  4138                           ;functions .c: 100: return RCREG;
  4139  0F73  081A               	movf	(26),w	;volatile
  4140                           	
  4141  0F74                     l47:	
  4142  0F74  0008               	return
  4143                           	opt stack 0
  4144                           GLOBAL	__end_of_recoit_car
  4145  0F75                     	__end_of_recoit_car:
  4146                           ; =============== function _recoit_car ends ============
  4147                           
  4148                           psect	text177,local,class=CODE,delta=2
  4149                           global __ptext177
  4150  0F84                     __ptext177:
  4151                           	line	102
  4152                           	signat	_recoit_car,89
  4153                           	global	_init_PORTD
  4154                           
  4155                           ; *************** function _init_PORTD *****************
  4156                           ; Defined at:
  4157                           ;		line 36 in file "E:\MICROCONTREU\projet_gps\projet_1__everything_string\lcdbt.c"
  4158                           ; Parameters:    Size  Location     Type
  4159                           ;		None
  4160                           ; Auto vars:     Size  Location     Type
  4161                           ;		None
  4162                           ; Return value:  Size  Location     Type
  4163                           ;		None               void
  4164                           ; Registers used:
  4165                           ;		None
  4166                           ; Tracked objects:
  4167                           ;		On entry : 0/0
  4168                           ;		On exit  : 0/0
  4169                           ;		Unchanged: 0/0
  4170                           ; Data sizes:     COMMON   BANK0   BANK1   BANK3   BANK2
  4171                           ;      Locals:         0       0       0       0       0
  4172                           ;      Temp:     0
  4173                           ;      Total:    0
  4174                           ; This function calls:
  4175                           ;		Nothing
  4176                           ; This function is called by:
  4177                           ;		_main
  4178                           ;		_allume_LCD
  4179                           ; This function uses a non-reentrant model
  4180                           ; 
  4181                           psect	text177
  4182                           	file	"E:\MICROCONTREU\projet_gps\projet_1__everything_string\lcdbt.c"
  4183                           	line	36
  4184                           	global	__size_of_init_PORTD
  4185  0007                     	__size_of_init_PORTD	equ	__end_of_init_PORTD-_init_PORTD
  4186                           ;lcdbt.c: 35: void init_PORTD(void)
  4187                           ;lcdbt.c: 36: {
  4188                           	
  4189  0F84                     _init_PORTD:	
  4190                           	opt stack 5
  4191                           ; Regs used in _init_PORTD: []
  4192                           	line	39
  4193                           	
  4194  0F84                     l30001632:	
  4195                           ;lcdbt.c: 39: TRISD4=0;
  4196  0F84  1683               	bsf	status, 5	;RP0=1, select bank1
  4197  0F85  1303               	bcf	status, 6	;RP1=0, select bank1
  4198  0F86  1208               	bcf	(1092/8)^080h,(1092)&7
  4199                           	line	40
  4200                           ;lcdbt.c: 40: TRISD5=0;
  4201  0F87  1288               	bcf	(1093/8)^080h,(1093)&7
  4202                           	line	41
  4203                           ;lcdbt.c: 41: TRISD6=0;
  4204  0F88  1308               	bcf	(1094/8)^080h,(1094)&7
  4205                           	line	42
  4206                           ;lcdbt.c: 42: TRISD7=1;
  4207  0F89  1788               	bsf	(1095/8)^080h,(1095)&7
  4208                           	
  4209  0F8A                     l14:	
  4210  0F8A  0008               	return
  4211                           	opt stack 0
  4212                           GLOBAL	__end_of_init_PORTD
  4213  0F8B                     	__end_of_init_PORTD:
  4214                           ; =============== function _init_PORTD ends ============
  4215                           
  4216                           psect	text178,local,class=CODE,delta=2
  4217                           global __ptext178
  4218  006E                     __ptext178:
  4219                           	line	44
  4220                           	signat	_init_PORTD,88
  4221                           	global	_print_char
  4222                           
  4223                           ; *************** function _print_char *****************
  4224                           ; Defined at:
  4225                           ;		line 165 in file "E:\MICROCONTREU\projet_gps\projet_1__everything_string\lcdbt.c"
  4226                           ; Parameters:    Size  Location     Type
  4227                           ;  car             1    wreg     unsigned char 
  4228                           ; Auto vars:     Size  Location     Type
  4229                           ;  car             1    8[BANK0 ] unsigned char 
  4230                           ; Return value:  Size  Location     Type
  4231                           ;		None               void
  4232                           ; Registers used:
  4233                           ;		wreg, status,2, status,0, pclath, cstack
  4234                           ; Tracked objects:
  4235                           ;		On entry : 0/0
  4236                           ;		On exit  : 0/0
  4237                           ;		Unchanged: 0/0
  4238                           ; Data sizes:     COMMON   BANK0   BANK1   BANK3   BANK2
  4239                           ;      Locals:         0       3       0       0       0
  4240                           ;      Temp:     2
  4241                           ;      Total:    3
  4242                           ; This function calls:
  4243                           ;		_attente_bf
  4244                           ; This function is called by:
  4245                           ;		_main
  4246                           ;		_print_string
  4247                           ; This function uses a non-reentrant model
  4248                           ; 
  4249                           psect	text178
  4250                           	file	"E:\MICROCONTREU\projet_gps\projet_1__everything_string\lcdbt.c"
  4251                           	line	165
  4252                           	global	__size_of_print_char
  4253  0023                     	__size_of_print_char	equ	__end_of_print_char-_print_char
  4254                           ;lcdbt.c: 164: void print_char( char car)
  4255                           ;lcdbt.c: 165: {
  4256                           	
  4257  006E                     _print_char:	
  4258                           	opt stack 5
  4259                           ; Regs used in _print_char: [wreg+status,2+status,0+pclath+cstack]
  4260                           ;print_char@car stored from wreg
  4261                           	line	168
  4262  006E  1283               	bcf	status, 5	;RP0=0, select bank0
  4263  006F  1303               	bcf	status, 6	;RP1=0, select bank0
  4264  0070  00A8               	movwf	(print_char@car)
  4265                           	
  4266  0071                     l30001667:	
  4267                           ;lcdbt.c: 168: attente_bf();
  4268  0071  120A  158A  2758   	fcall	_attente_bf
              120A  118A         
  4269                           	
  4270  0076                     l30001668:	
  4271                           	line	170
  4272                           ;lcdbt.c: 170: PORTD=0xD0;
  4273  0076  30D0               	movlw	(0D0h)
  4274  0077  1283               	bcf	status, 5	;RP0=0, select bank0
  4275  0078  1303               	bcf	status, 6	;RP1=0, select bank0
  4276  0079  0088               	movwf	(8)	;volatile
  4277                           	
  4278  007A                     l30001669:	
  4279                           	line	171
  4280                           ;lcdbt.c: 171: PORTD|=((car>>4)&0x0F);
  4281  007A  0828               	movf	(print_char@car),w
  4282  007B  00A6               	movwf	(??_print_char+0+0)
  4283  007C  3004               	movlw	04h
  4284  007D                     u875:
  4285  007D  1003               	clrc
  4286  007E  0CA6               	rrf	(??_print_char+0+0),f
  4287  007F  3EFF               	addlw	-1
  4288  0080  1D03               	skipz
  4289  0081  287D               	goto	u875
  4290  0082  0826               	movf	0+(??_print_char+0+0),w
  4291  0083  390F               	andlw	0Fh
  4292  0084  00A7               	movwf	(??_print_char+1+0)
  4293  0085  0827               	movf	(??_print_char+1+0),w
  4294  0086  0488               	iorwf	(8),f	;volatile
  4295                           	
  4296  0087                     l30001670:	
  4297                           	line	173
  4298                           ;lcdbt.c: 173: RD6=0;
  4299  0087  1308               	bcf	(70/8),(70)&7
  4300                           	
  4301  0088                     l30001671:	
  4302                           	line	175
  4303                           ;lcdbt.c: 175: PORTD=0xD0;
  4304  0088  30D0               	movlw	(0D0h)
  4305  0089  0088               	movwf	(8)	;volatile
  4306                           	
  4307  008A                     l30001672:	
  4308                           	line	176
  4309                           ;lcdbt.c: 176: PORTD|=(car & 0x0F);
  4310  008A  0828               	movf	(print_char@car),w
  4311  008B  390F               	andlw	0Fh
  4312  008C  00A6               	movwf	(??_print_char+0+0)
  4313  008D  0826               	movf	(??_print_char+0+0),w
  4314  008E  0488               	iorwf	(8),f	;volatile
  4315                           	
  4316  008F                     l30001673:	
  4317                           	line	180
  4318                           ;lcdbt.c: 180: RD6=0;
  4319  008F  1308               	bcf	(70/8),(70)&7
  4320                           	
  4321  0090                     l23:	
  4322  0090  0008               	return
  4323                           	opt stack 0
  4324                           GLOBAL	__end_of_print_char
  4325  0091                     	__end_of_print_char:
  4326                           ; =============== function _print_char ends ============
  4327                           
  4328                           psect	text179,local,class=CODE,delta=2
  4329                           global __ptext179
  4330  004D                     __ptext179:
  4331                           	line	184
  4332                           	signat	_print_char,4216
  4333                           	global	_ecriture_commande
  4334                           
  4335                           ; *************** function _ecriture_commande *****************
  4336                           ; Defined at:
  4337                           ;		line 97 in file "E:\MICROCONTREU\projet_gps\projet_1__everything_string\lcdbt.c"
  4338                           ; Parameters:    Size  Location     Type
  4339                           ;  commande        1    wreg     unsigned char 
  4340                           ; Auto vars:     Size  Location     Type
  4341                           ;  commande        1    6[BANK0 ] unsigned char 
  4342                           ; Return value:  Size  Location     Type
  4343                           ;		None               void
  4344                           ; Registers used:
  4345                           ;		wreg, status,2, status,0, pclath, cstack
  4346                           ; Tracked objects:
  4347                           ;		On entry : 0/0
  4348                           ;		On exit  : 0/0
  4349                           ;		Unchanged: 0/0
  4350                           ; Data sizes:     COMMON   BANK0   BANK1   BANK3   BANK2
  4351                           ;      Locals:         1       1       0       0       0
  4352                           ;      Temp:     1
  4353                           ;      Total:    2
  4354                           ; This function calls:
  4355                           ;		_attente_bf
  4356                           ; This function is called by:
  4357                           ;		_init_LCD
  4358                           ;		_goto_ligne_1
  4359                           ;		_goto_ligne_2
  4360                           ;		_efface
  4361                           ; This function uses a non-reentrant model
  4362                           ; 
  4363                           psect	text179
  4364                           	file	"E:\MICROCONTREU\projet_gps\projet_1__everything_string\lcdbt.c"
  4365                           	line	97
  4366                           	global	__size_of_ecriture_commande
  4367  0021                     	__size_of_ecriture_commande	equ	__end_of_ecriture_commande-_ecriture_commande
  4368                           ;lcdbt.c: 96: void ecriture_commande(char commande)
  4369                           ;lcdbt.c: 97: {
  4370                           	
  4371  004D                     _ecriture_commande:	
  4372                           	opt stack 5
  4373                           ; Regs used in _ecriture_commande: [wreg+status,2+status,0+pclath+cstack]
  4374                           ;ecriture_commande@commande stored from wreg
  4375  004D  1283               	bcf	status, 5	;RP0=0, select bank0
  4376  004E  1303               	bcf	status, 6	;RP1=0, select bank0
  4377  004F  00A6               	movwf	(ecriture_commande@commande)
  4378                           	
  4379  0050                     l30001789:	
  4380                           	line	98
  4381                           ;lcdbt.c: 98: attente_bf();
  4382  0050  120A  158A  2758   	fcall	_attente_bf
              120A  118A         
  4383                           	
  4384  0055                     l30001790:	
  4385                           	line	99
  4386                           ;lcdbt.c: 99: RD5=0;
  4387  0055  1283               	bcf	status, 5	;RP0=0, select bank0
  4388  0056  1303               	bcf	status, 6	;RP1=0, select bank0
  4389  0057  1288               	bcf	(69/8),(69)&7
  4390                           	
  4391  0058                     l30001791:	
  4392                           	line	100
  4393                           ;lcdbt.c: 100: RD4=0;
  4394  0058  1208               	bcf	(68/8),(68)&7
  4395                           	
  4396  0059                     l30001792:	
  4397                           	line	101
  4398                           ;lcdbt.c: 101: PORTD=((commande>>4)&0x0F)|0x80;
  4399  0059  0826               	movf	(ecriture_commande@commande),w
  4400  005A  00FA               	movwf	(??_ecriture_commande+0+0)
  4401  005B  3004               	movlw	04h
  4402  005C                     u925:
  4403  005C  1003               	clrc
  4404  005D  0CFA               	rrf	(??_ecriture_commande+0+0),f
  4405  005E  3EFF               	addlw	-1
  4406  005F  1D03               	skipz
  4407  0060  285C               	goto	u925
  4408  0061  087A               	movf	0+(??_ecriture_commande+0+0),w
  4409  0062  390F               	andlw	0Fh
  4410  0063  3880               	iorlw	080h
  4411  0064  0088               	movwf	(8)	;volatile
  4412                           	
  4413  0065                     l30001793:	
  4414                           	line	103
  4415                           ;lcdbt.c: 103: RD6=1;
  4416  0065  1708               	bsf	(70/8),(70)&7
  4417                           	
  4418  0066                     l30001794:	
  4419                           	line	104
  4420                           ;lcdbt.c: 104: RD6=0;
  4421  0066  1308               	bcf	(70/8),(70)&7
  4422                           	
  4423  0067                     l30001795:	
  4424                           	line	106
  4425                           ;lcdbt.c: 106: PORTD=(commande&0x0F)|0x80;
  4426  0067  0826               	movf	(ecriture_commande@commande),w
  4427  0068  390F               	andlw	0Fh
  4428  0069  3880               	iorlw	080h
  4429  006A  0088               	movwf	(8)	;volatile
  4430                           	
  4431  006B                     l30001796:	
  4432                           	line	108
  4433                           ;lcdbt.c: 108: RD6=1;
  4434  006B  1708               	bsf	(70/8),(70)&7
  4435                           	
  4436  006C                     l30001797:	
  4437                           	line	109
  4438                           ;lcdbt.c: 109: RD6=0;
  4439  006C  1308               	bcf	(70/8),(70)&7
  4440                           	
  4441  006D                     l21:	
  4442  006D  0008               	return
  4443                           	opt stack 0
  4444                           GLOBAL	__end_of_ecriture_commande
  4445  006E                     	__end_of_ecriture_commande:
  4446                           ; =============== function _ecriture_commande ends ============
  4447                           
  4448                           psect	text180,local,class=CODE,delta=2
  4449                           global __ptext180
  4450  0006                     __ptext180:
  4451                           	line	110
  4452                           	signat	_ecriture_commande,4216
  4453                           	global	_emet_car
  4454                           
  4455                           ; *************** function _emet_car *****************
  4456                           ; Defined at:
  4457                           ;		line 76 in file "E:\MICROCONTREU\projet_gps\projet_1__everything_string\functions .c"
  4458                           ; Parameters:    Size  Location     Type
  4459                           ;  car             1    wreg     unsigned char 
  4460                           ; Auto vars:     Size  Location     Type
  4461                           ;  car             1    0[COMMON] unsigned char 
  4462                           ; Return value:  Size  Location     Type
  4463                           ;		None               void
  4464                           ; Registers used:
  4465                           ;		wreg
  4466                           ; Tracked objects:
  4467                           ;		On entry : 0/0
  4468                           ;		On exit  : 0/0
  4469                           ;		Unchanged: 0/0
  4470                           ; Data sizes:     COMMON   BANK0   BANK1   BANK3   BANK2
  4471                           ;      Locals:         1       0       0       0       0
  4472                           ;      Temp:     0
  4473                           ;      Total:    1
  4474                           ; This function calls:
  4475                           ;		Nothing
  4476                           ; This function is called by:
  4477                           ;		_emet_string
  4478                           ;		_request_gps
  4479                           ; This function uses a non-reentrant model
  4480                           ; 
  4481                           psect	text180
  4482                           	file	"E:\MICROCONTREU\projet_gps\projet_1__everything_string\functions .c"
  4483                           	line	76
  4484                           	global	__size_of_emet_car
  4485  000B                     	__size_of_emet_car	equ	__end_of_emet_car-_emet_car
  4486                           ;functions .c: 75: void emet_car(unsigned char car)
  4487                           ;functions .c: 76: {
  4488                           	
  4489  0006                     _emet_car:	
  4490                           	opt stack 4
  4491                           ; Regs used in _emet_car: [wreg]
  4492                           ;emet_car@car stored from wreg
  4493  0006  00F7               	movwf	(emet_car@car)
  4494                           	
  4495  0007                     l30001783:	
  4496                           	line	77
  4497                           ;functions .c: 77: RC4=0;
  4498  0007  1283               	bcf	status, 5	;RP0=0, select bank0
  4499  0008  1303               	bcf	status, 6	;RP1=0, select bank0
  4500  0009  1207               	bcf	(60/8),(60)&7
  4501                           	
  4502  000A                     l40:	
  4503                           	line	78
  4504  000A  1E0C               	btfss	(100/8),(100)&7
  4505  000B  280D               	goto	u901
  4506  000C  280E               	goto	u900
  4507  000D                     u901:
  4508  000D  280A               	goto	l40
  4509  000E                     u900:
  4510                           	
  4511  000E                     l30001784:	
  4512                           	line	79
  4513                           ;functions .c: 79: TXREG = car;
  4514  000E  0877               	movf	(emet_car@car),w
  4515  000F  0099               	movwf	(25)	;volatile
  4516                           	
  4517  0010                     l39:	
  4518  0010  0008               	return
  4519                           	opt stack 0
  4520                           GLOBAL	__end_of_emet_car
  4521  0011                     	__end_of_emet_car:
  4522                           ; =============== function _emet_car ends ============
  4523                           
  4524                           psect	text181,local,class=CODE,delta=2
  4525                           global __ptext181
  4526  0F58                     __ptext181:
  4527                           	line	80
  4528                           	signat	_emet_car,4216
  4529                           	global	_attente_bf
  4530                           
  4531                           ; *************** function _attente_bf *****************
  4532                           ; Defined at:
  4533                           ;		line 88 in file "E:\MICROCONTREU\projet_gps\projet_1__everything_string\lcdbt.c"
  4534                           ; Parameters:    Size  Location     Type
  4535                           ;		None
  4536                           ; Auto vars:     Size  Location     Type
  4537                           ;		None
  4538                           ; Return value:  Size  Location     Type
  4539                           ;		None               void
  4540                           ; Registers used:
  4541                           ;		wreg, status,2, status,0, pclath, cstack
  4542                           ; Tracked objects:
  4543                           ;		On entry : 0/0
  4544                           ;		On exit  : 0/0
  4545                           ;		Unchanged: 0/0
  4546                           ; Data sizes:     COMMON   BANK0   BANK1   BANK3   BANK2
  4547                           ;      Locals:         1       0       0       0       0
  4548                           ;      Temp:     1
  4549                           ;      Total:    1
  4550                           ; This function calls:
  4551                           ;		_lecture_commande
  4552                           ; This function is called by:
  4553                           ;		_ecriture_commande
  4554                           ;		_print_char
  4555                           ; This function uses a non-reentrant model
  4556                           ; 
  4557                           psect	text181
  4558                           	file	"E:\MICROCONTREU\projet_gps\projet_1__everything_string\lcdbt.c"
  4559                           	line	88
  4560                           	global	__size_of_attente_bf
  4561  000B                     	__size_of_attente_bf	equ	__end_of_attente_bf-_attente_bf
  4562                           ;lcdbt.c: 87: void attente_bf(void)
  4563                           ;lcdbt.c: 88: {
  4564                           	
  4565  0F58                     _attente_bf:	
  4566                           	opt stack 4
  4567                           ; Regs used in _attente_bf: [wreg+status,2+status,0+pclath+cstack]
  4568                           	
  4569  0F58                     l30001488:	
  4570                           	
  4571  0F58                     l30001489:	
  4572                           	line	89
  4573  0F58  120A  118A  20E5   	fcall	_lecture_commande
              120A  158A         
  4574  0F5D  00F9               	movwf	(??_attente_bf+0+0)
  4575  0F5E  1BF9               	btfsc	0+(??_attente_bf+0+0),(7)&7
  4576  0F5F  2F61               	goto	u471
  4577  0F60  2F62               	goto	u470
  4578  0F61                     u471:
  4579  0F61  2F58               	goto	l30001489
  4580  0F62                     u470:
  4581                           	
  4582  0F62                     l17:	
  4583  0F62  0008               	return
  4584                           	opt stack 0
  4585                           GLOBAL	__end_of_attente_bf
  4586  0F63                     	__end_of_attente_bf:
  4587                           ; =============== function _attente_bf ends ============
  4588                           
  4589                           psect	text182,local,class=CODE,delta=2
  4590                           global __ptext182
  4591  00E5                     __ptext182:
  4592                           	line	90
  4593                           	signat	_attente_bf,88
  4594                           	global	_lecture_commande
  4595                           
  4596                           ; *************** function _lecture_commande *****************
  4597                           ; Defined at:
  4598                           ;		line 64 in file "E:\MICROCONTREU\projet_gps\projet_1__everything_string\lcdbt.c"
  4599                           ; Parameters:    Size  Location     Type
  4600                           ;		None
  4601                           ; Auto vars:     Size  Location     Type
  4602                           ;  quartet_comm    1    4[BANK0 ] unsigned char 
  4603                           ;  commande        1    5[BANK0 ] unsigned char 
  4604                           ; Return value:  Size  Location     Type
  4605                           ;                  1    wreg      unsigned char 
  4606                           ; Registers used:
  4607                           ;		wreg, status,2, status,0, pclath, cstack
  4608                           ; Tracked objects:
  4609                           ;		On entry : 0/0
  4610                           ;		On exit  : 0/0
  4611                           ;		Unchanged: 0/0
  4612                           ; Data sizes:     COMMON   BANK0   BANK1   BANK3   BANK2
  4613                           ;      Locals:         1       2       0       0       0
  4614                           ;      Temp:     1
  4615                           ;      Total:    3
  4616                           ; This function calls:
  4617                           ;		_tempo_N_ms
  4618                           ; This function is called by:
  4619                           ;		_attente_bf
  4620                           ; This function uses a non-reentrant model
  4621                           ; 
  4622                           psect	text182
  4623                           	file	"E:\MICROCONTREU\projet_gps\projet_1__everything_string\lcdbt.c"
  4624                           	line	64
  4625                           	global	__size_of_lecture_commande
  4626  0037                     	__size_of_lecture_commande	equ	__end_of_lecture_commande-_lecture_commande
  4627                           ;lcdbt.c: 63: unsigned char lecture_commande (void)
  4628                           ;lcdbt.c: 64: {
  4629                           	
  4630  00E5                     _lecture_commande:	
  4631                           	opt stack 3
  4632                           ; Regs used in _lecture_commande: [wreg+status,2+status,0+pclath+cstack]
  4633                           	line	66
  4634                           	
  4635  00E5                     l30001472:	
  4636                           ;lcdbt.c: 65: unsigned char commande, quartet_commande;
  4637                           ;lcdbt.c: 66: TRISD=0x0F;
  4638  00E5  300F               	movlw	(0Fh)
  4639  00E6  1683               	bsf	status, 5	;RP0=1, select bank1
  4640  00E7  1303               	bcf	status, 6	;RP1=0, select bank1
  4641  00E8  0088               	movwf	(136)^080h	;volatile
  4642                           	
  4643  00E9                     l30001473:	
  4644                           	line	67
  4645                           ;lcdbt.c: 67: RD5=1;
  4646  00E9  1283               	bcf	status, 5	;RP0=0, select bank0
  4647  00EA  1303               	bcf	status, 6	;RP1=0, select bank0
  4648  00EB  1688               	bsf	(69/8),(69)&7
  4649                           	
  4650  00EC                     l30001474:	
  4651                           	line	68
  4652                           ;lcdbt.c: 68: RD4=0;
  4653  00EC  1208               	bcf	(68/8),(68)&7
  4654                           	
  4655  00ED                     l30001475:	
  4656                           	line	69
  4657                           ;lcdbt.c: 69: tempo_N_ms(2);
  4658  00ED  3002               	movlw	low(02h)
  4659  00EE  00A2               	movwf	(?_tempo_N_ms)
  4660  00EF  3000               	movlw	high(02h)
  4661  00F0  00A3               	movwf	((?_tempo_N_ms))+1
  4662  00F1  120A  118A  20BA   	fcall	_tempo_N_ms
              120A  118A         
  4663                           	
  4664  00F6                     l30001476:	
  4665                           	line	70
  4666                           ;lcdbt.c: 70: RD6=1;
  4667  00F6  1283               	bcf	status, 5	;RP0=0, select bank0
  4668  00F7  1303               	bcf	status, 6	;RP1=0, select bank0
  4669  00F8  1708               	bsf	(70/8),(70)&7
  4670                           	
  4671  00F9                     l30001477:	
  4672                           	line	71
  4673                           ;lcdbt.c: 71: quartet_commande=PORTD;
  4674  00F9  0808               	movf	(8),w	;volatile
  4675  00FA  00A4               	movwf	(lecture_commande@quartet_commande)
  4676                           	
  4677  00FB                     l30001478:	
  4678                           	line	72
  4679                           ;lcdbt.c: 72: commande=((quartet_commande<<4)& 0xF0);
  4680  00FB  0824               	movf	(lecture_commande@quartet_commande),w
  4681  00FC  00F8               	movwf	(??_lecture_commande+0+0)
  4682  00FD  3003               	movlw	(04h)-1
  4683  00FE                     u465:
  4684  00FE  1003               	clrc
  4685  00FF  0DF8               	rlf	(??_lecture_commande+0+0),f
  4686  0100  3EFF               	addlw	-1
  4687  0101  1D03               	skipz
  4688  0102  28FE               	goto	u465
  4689  0103  1003               	clrc
  4690  0104  0D78               	rlf	(??_lecture_commande+0+0),w
  4691  0105  39F0               	andlw	0F0h
  4692  0106  00A5               	movwf	(lecture_commande@commande)
  4693                           	
  4694  0107                     l30001479:	
  4695                           	line	73
  4696                           ;lcdbt.c: 73: RD6=0;
  4697  0107  1308               	bcf	(70/8),(70)&7
  4698                           	
  4699  0108                     l30001480:	
  4700                           	line	74
  4701                           ;lcdbt.c: 74: RD6=1;
  4702  0108  1708               	bsf	(70/8),(70)&7
  4703                           	
  4704  0109                     l30001481:	
  4705                           	line	75
  4706                           ;lcdbt.c: 75: quartet_commande=PORTD;
  4707  0109  0808               	movf	(8),w	;volatile
  4708  010A  00A4               	movwf	(lecture_commande@quartet_commande)
  4709                           	
  4710  010B                     l30001482:	
  4711                           	line	76
  4712                           ;lcdbt.c: 76: commande=commande|(quartet_commande & 0x0F);
  4713  010B  0824               	movf	(lecture_commande@quartet_commande),w
  4714  010C  390F               	andlw	0Fh
  4715  010D  0425               	iorwf	(lecture_commande@commande),w
  4716  010E  00A5               	movwf	(lecture_commande@commande)
  4717                           	
  4718  010F                     l30001483:	
  4719                           	line	77
  4720                           ;lcdbt.c: 77: RD6=0;
  4721  010F  1308               	bcf	(70/8),(70)&7
  4722                           	
  4723  0110                     l30001484:	
  4724                           	line	78
  4725                           ;lcdbt.c: 78: RD5=0;
  4726  0110  1288               	bcf	(69/8),(69)&7
  4727                           	
  4728  0111                     l30001485:	
  4729                           	line	79
  4730                           ;lcdbt.c: 79: TRISD=0x00;
  4731  0111  1003               	clrc
  4732  0112  3000               	movlw	0
  4733  0113  1803               	btfsc	status,0
  4734  0114  3001               	movlw	1
  4735  0115  1683               	bsf	status, 5	;RP0=1, select bank1
  4736  0116  1303               	bcf	status, 6	;RP1=0, select bank1
  4737  0117  0088               	movwf	(136)^080h	;volatile
  4738                           	
  4739  0118                     l30001486:	
  4740                           	line	80
  4741                           ;lcdbt.c: 80: return(commande);
  4742  0118  1283               	bcf	status, 5	;RP0=0, select bank0
  4743  0119  1303               	bcf	status, 6	;RP1=0, select bank0
  4744  011A  0825               	movf	(lecture_commande@commande),w
  4745                           	
  4746  011B                     l16:	
  4747  011B  0008               	return
  4748                           	opt stack 0
  4749                           GLOBAL	__end_of_lecture_commande
  4750  011C                     	__end_of_lecture_commande:
  4751                           ; =============== function _lecture_commande ends ============
  4752                           
  4753                           psect	text183,local,class=CODE,delta=2
  4754                           global __ptext183
  4755  00BA                     __ptext183:
  4756                           	line	81
  4757                           	signat	_lecture_commande,89
  4758                           	global	_tempo_N_ms
  4759                           
  4760                           ; *************** function _tempo_N_ms *****************
  4761                           ; Defined at:
  4762                           ;		line 17 in file "E:\MICROCONTREU\projet_gps\projet_1__everything_string\lcdbt.c"
  4763                           ; Parameters:    Size  Location     Type
  4764                           ;  N               2    2[BANK0 ] int 
  4765                           ; Auto vars:     Size  Location     Type
  4766                           ;  i               2    0[BANK0 ] int 
  4767                           ; Return value:  Size  Location     Type
  4768                           ;		None               void
  4769                           ; Registers used:
  4770                           ;		wreg, status,2, status,0, pclath, cstack
  4771                           ; Tracked objects:
  4772                           ;		On entry : 0/0
  4773                           ;		On exit  : 0/0
  4774                           ;		Unchanged: 0/0
  4775                           ; Data sizes:     COMMON   BANK0   BANK1   BANK3   BANK2
  4776                           ;      Locals:         1       4       0       0       0
  4777                           ;      Temp:     1
  4778                           ;      Total:    5
  4779                           ; This function calls:
  4780                           ;		_tempo_1_ms
  4781                           ; This function is called by:
  4782                           ;		_main
  4783                           ;		_lecture_commande
  4784                           ;		_init_LCD
  4785                           ;		_init_gps_mode_smart
  4786                           ;		_request_gps
  4787                           ; This function uses a non-reentrant model
  4788                           ; 
  4789                           psect	text183
  4790                           	file	"E:\MICROCONTREU\projet_gps\projet_1__everything_string\lcdbt.c"
  4791                           	line	17
  4792                           	global	__size_of_tempo_N_ms
  4793  002B                     	__size_of_tempo_N_ms	equ	__end_of_tempo_N_ms-_tempo_N_ms
  4794                           ;lcdbt.c: 16: void tempo_N_ms(int N)
  4795                           ;lcdbt.c: 17: {
  4796                           	
  4797  00BA                     _tempo_N_ms:	
  4798                           	opt stack 2
  4799                           ; Regs used in _tempo_N_ms: [wreg+status,2+status,0+pclath+cstack]
  4800                           	line	20
  4801                           	
  4802  00BA                     l30001396:	
  4803                           ;lcdbt.c: 18: int i;
  4804                           ;lcdbt.c: 20: OPTION=OPTION & 0b11000001;
  4805  00BA  1683               	bsf	status, 5	;RP0=1, select bank1
  4806  00BB  1303               	bcf	status, 6	;RP1=0, select bank1
  4807  00BC  0801               	movf	(129)^080h,w
  4808  00BD  39C1               	andlw	0C1h
  4809  00BE  0081               	movwf	(129)^080h
  4810                           	
  4811  00BF                     l30001397:	
  4812                           	line	21
  4813                           ;lcdbt.c: 21: TMR0=6;
  4814  00BF  3006               	movlw	(06h)
  4815  00C0  1283               	bcf	status, 5	;RP0=0, select bank0
  4816  00C1  1303               	bcf	status, 6	;RP1=0, select bank0
  4817  00C2  0081               	movwf	(1)	;volatile
  4818                           	
  4819  00C3                     l30001398:	
  4820                           	line	22
  4821                           ;lcdbt.c: 22: T0IF=0;
  4822  00C3  110B               	bcf	(90/8),(90)&7
  4823                           	
  4824  00C4                     l30001399:	
  4825                           	line	23
  4826                           ;lcdbt.c: 23: for(i=0;i<N;i++)
  4827  00C4  3000               	movlw	low(0)
  4828  00C5  00A0               	movwf	(tempo_N_ms@i)
  4829  00C6  3000               	movlw	high(0)
  4830  00C7  00A1               	movwf	((tempo_N_ms@i))+1
  4831  00C8  28D6               	goto	l30001402
  4832                           	
  4833  00C9                     l30001400:	
  4834                           	line	25
  4835                           ;lcdbt.c: 25: tempo_1_ms();
  4836  00C9  120A  158A  2775   	fcall	_tempo_1_ms
              120A  118A         
  4837                           	
  4838  00CE                     l30001401:	
  4839                           	line	23
  4840  00CE  3001               	movlw	low(01h)
  4841  00CF  1283               	bcf	status, 5	;RP0=0, select bank0
  4842  00D0  1303               	bcf	status, 6	;RP1=0, select bank0
  4843  00D1  07A0               	addwf	(tempo_N_ms@i),f
  4844  00D2  1803               	skipnc
  4845  00D3  0AA1               	incf	(tempo_N_ms@i+1),f
  4846  00D4  3000               	movlw	high(01h)
  4847  00D5  07A1               	addwf	(tempo_N_ms@i+1),f
  4848                           	
  4849  00D6                     l30001402:	
  4850  00D6  0821               	movf	(tempo_N_ms@i+1),w
  4851  00D7  3A80               	xorlw	80h
  4852  00D8  00F7               	movwf	(??_tempo_N_ms+0+0)
  4853  00D9  0823               	movf	(tempo_N_ms@N+1),w
  4854  00DA  3A80               	xorlw	80h
  4855  00DB  0277               	subwf	(??_tempo_N_ms+0+0),w
  4856  00DC  1D03               	skipz
  4857  00DD  28E0               	goto	u455
  4858  00DE  0822               	movf	(tempo_N_ms@N),w
  4859  00DF  0220               	subwf	(tempo_N_ms@i),w
  4860  00E0                     u455:
  4861                           
  4862  00E0  1C03               	skipc
  4863  00E1  28E3               	goto	u451
  4864  00E2  28E4               	goto	u450
  4865  00E3                     u451:
  4866  00E3  28C9               	goto	l30001400
  4867  00E4                     u450:
  4868                           	
  4869  00E4                     l9:	
  4870  00E4  0008               	return
  4871                           	opt stack 0
  4872                           GLOBAL	__end_of_tempo_N_ms
  4873  00E5                     	__end_of_tempo_N_ms:
  4874                           ; =============== function _tempo_N_ms ends ============
  4875                           
  4876                           psect	text184,local,class=CODE,delta=2
  4877                           global __ptext184
  4878  0F75                     __ptext184:
  4879                           	line	26
  4880                           	signat	_tempo_N_ms,4216
  4881                           	global	_tempo_1_ms
  4882                           
  4883                           ; *************** function _tempo_1_ms *****************
  4884                           ; Defined at:
  4885                           ;		line 12 in file "E:\MICROCONTREU\projet_gps\projet_1__everything_string\lcdbt.c"
  4886                           ; Parameters:    Size  Location     Type
  4887                           ;		None
  4888                           ; Auto vars:     Size  Location     Type
  4889                           ;		None
  4890                           ; Return value:  Size  Location     Type
  4891                           ;		None               void
  4892                           ; Registers used:
  4893                           ;		None
  4894                           ; Tracked objects:
  4895                           ;		On entry : 0/0
  4896                           ;		On exit  : 0/0
  4897                           ;		Unchanged: 0/0
  4898                           ; Data sizes:     COMMON   BANK0   BANK1   BANK3   BANK2
  4899                           ;      Locals:         0       0       0       0       0
  4900                           ;      Temp:     0
  4901                           ;      Total:    0
  4902                           ; This function calls:
  4903                           ;		Nothing
  4904                           ; This function is called by:
  4905                           ;		_tempo_N_ms
  4906                           ; This function uses a non-reentrant model
  4907                           ; 
  4908                           psect	text184
  4909                           	file	"E:\MICROCONTREU\projet_gps\projet_1__everything_string\lcdbt.c"
  4910                           	line	12
  4911                           	global	__size_of_tempo_1_ms
  4912  0008                     	__size_of_tempo_1_ms	equ	__end_of_tempo_1_ms-_tempo_1_ms
  4913                           ;lcdbt.c: 11: void tempo_1_ms(void)
  4914                           ;lcdbt.c: 12: { while(!T0IF);
  4915                           	
  4916  0F75                     _tempo_1_ms:	
  4917                           	opt stack 1
  4918                           ; Regs used in _tempo_1_ms: []
  4919                           	
  4920  0F75                     l30001395:	
  4921                           	
  4922  0F75                     l6:	
  4923  0F75  1283               	bcf	status, 5	;RP0=0, select bank0
  4924  0F76  1303               	bcf	status, 6	;RP1=0, select bank0
  4925  0F77  1D0B               	btfss	(90/8),(90)&7
  4926  0F78  2F7A               	goto	u441
  4927  0F79  2F7B               	goto	u440
  4928  0F7A                     u441:
  4929  0F7A  2F75               	goto	l6
  4930  0F7B                     u440:
  4931                           	
  4932  0F7B                     l8:	
  4933                           	line	13
  4934                           ;lcdbt.c: 13: T0IF=0;
  4935  0F7B  110B               	bcf	(90/8),(90)&7
  4936                           	
  4937  0F7C                     l5:	
  4938  0F7C  0008               	return
  4939                           	opt stack 0
  4940                           GLOBAL	__end_of_tempo_1_ms
  4941  0F7D                     	__end_of_tempo_1_ms:
  4942                           ; =============== function _tempo_1_ms ends ============
  4943                           
  4944                           psect	text185,local,class=CODE,delta=2
  4945                           global __ptext185
  4946  0003                     __ptext185:
  4947                           	line	14
  4948                           	signat	_tempo_1_ms,88
  4949                           	global	btemp
  4950  007E                     	btemp set 07Eh


HI-TECH Software PICC Macro Assembler V9.70 build 5239 
Symbol Table                                                                                   Fri Jun 14 08:56:52 2024

              __end_of_recoit_car 0F75                  ___awdiv@dividend 0024                                 l5 0F7C  
                               l6 0F75                                 l8 0F7B                                 l9 00E4  
                               pc 0002                                l21 006D                                _DA 04A5  
                              l14 0F8A                                l22 01F9                                _BF 04A0  
                              l23 0090                                l15 0F6B                                _DC 0019  
                              l16 011B                                l40 000A                                l24 00B9  
                              l17 0F62                                l43 002D                                l51 0F57  
                              l28 0F91                                l52 035B                                l29 0F83  
                              l37 0F98                                l38 004C                                l70 01A5  
                              l39 0010                                l47 0F74                                l48 0F6F  
                              l79 015A                                _PD 001B                                _RD 0C60  
                    ??_init_PORTD 0077                                _UA 04A1                                _TO 001C  
                              _RW 04A2                                _WR 0C61             __size_of_goto_ligne_1 0007  
           __size_of_goto_ligne_2 0007                     print_string@i 002A                     print_string@s 0029  
                              fsr 0004                       __pbssCOMMON 0071                       ?_recoit_car 0077  
                 __size_of_efface 0007                               l211 0276                               l209 02C7  
       __end_of_ecriture_commande 006E                               _CM0 04E0                               _CM1 04E1  
                             _CM2 04E2                               l289 0255                               _CKE 04A6  
                             _IBF 044F                               _CIS 04E3                               _CKP 00A4  
                             _GIE 005F                               _BOR 0470                               _RA0 0028  
                             _RA1 0029                               _RB0 0030                               _RA2 002A  
                             _RB1 0031                               _RA3 002B                               _RC0 0038  
                             _RB2 0032                               _RA4 002C                               _RC1 0039  
                             _RB3 0033                               _RA5 002D                               _RD0 0040  
                             _RC2 003A                               _RB4 0034                               _RD1 0041  
                             _RC3 003B                               _RB5 0035                               _RE0 0048  
                             _RD2 0042                               _RC4 003C                               _RB6 0036  
                             _RE1 0049                               _RD3 0043                               _RC5 003D  
                             _RB7 0037                               _RE2 004A                               _RD4 0044  
                             _RC6 003E                               _RD5 0045                               _RC7 003F  
                             _OBF 044E                               _RD6 0046                               _RD7 0047  
                   ?_print_string 002C                               _FSR 0004                               _PCL 0002  
                             _PS0 0408                               _PR2 0092                               _PS1 0409  
                             u440 0F7B                               u600 019F                               _PS2 040A  
                             _PEN 048A                               _RP0 001D                               _IRP 001F  
                             u441 0F7A                               u601 019E                               _RP1 001E  
                             u450 00E4                               u610 0124                               u451 00E3  
                             u611 0123                               u540 0167                               u541 0166  
                             u470 0F62                               u710 022F                               u630 0137  
                             u455 00E0                               u471 0F61                               u711 022E  
                             u631 0136                               u720 0239                               u640 0141  
                             u560 017A                               u800 0293                               u465 00FE  
                             u721 0238                               u705 0221                               u641 0140  
                             u625 0129                               u561 0179                               u801 0292  
                             u555 016C                               u900 000E                               u740 024C  
                             u660 0154                               u580 018B                               u820 02A4  
                             _SEN 0488                               u901 000D                               u741 024B  
                             u725 0235                               u661 0153                               u645 013D  
                             u581 018A                               u821 02A3                               u910 002D  
                             u750 0250                               u670 0205                               u911 002C  
                             u735 0240                               u671 0204                               u655 0148  
                             u575 017B                               u815 0294                               _PSA 040B  
                             u680 0211                               u840 02B8                               u760 0261  
                             u681 0210                               u585 0187                               u841 02B7  
                             u825 02A0                               u761 0260                               u690 021C  
                             u850 02BC                               u770 026D                               u691 021B  
                             u595 0193                               u835 02AC                               u771 026C  
                             u860 0F73                               u780 0280                               u925 005C  
                             u861 0F72                               u781 027F                               u880 00B9  
                             _POR 0471                               u881 00B8                               _RX9 00C6  
                             u875 007D                               u795 0285                               _SMP 04A7  
                             u895 0337                               _TX9 04C6                               _car 0034  
                             _day 0036                               _dir 0037                               indf 0000  
     __end_of_init_gps_mode_smart 0F58                  __size_of___awdiv 0072                  __size_of___awmod 005C  
                      _tempo_1_ms 0F75                  __size_of___lwdiv 004B                  __size_of___lwmod 003F  
              __end_of_tempo_1_ms 0F7D                        _tempo_N_ms 00BA                __end_of_tempo_N_ms 00E5  
                            _ADIE 0466                              _ADIF 0066                              _ADFM 04FF  
                            _ADGO 00FA                              _ADON 00F8                              _CHS0 00FB  
                            _CHS1 00FC                              _CHS2 00FD                              _EEIE 046C  
                            _EEIF 006C                              STR_1 0F0F                              STR_2 0F16  
                            STR_3 0F24                              STR_4 0F1D                              STR_5 0F2A  
                            _GCEN 048F                              _CMIE 046E                              _CMIF 006E  
                            _BRGH 04C2                              _T0IE 005D                              _T0IF 005A  
                            _CREN 00C4                              _T0CS 040D                              _FERR 00C2  
                            _IBOV 044D                              _CVR0 04E8                              _CVR1 04E9  
                            _CVR2 04EA                              _CVR3 04EB                              _T0SE 040C  
                            _CSRC 04C7                              _INDF 0000                              _PIE1 008C  
                            _PIE2 008D                              _CVRR 04ED                              _PEIE 005E  
                            _INTE 005C                              _INTF 0059                              _RBIE 005B  
                            _RBIF 0058                              _RCIE 0465                              _RCEN 048B  
                            _RCIF 0065                              _PCON 008E                              _PIR1 000C  
                            _PIR2 000D                              _OERR 00C1                  ___awdiv@quotient 0022  
                            _RBPU 040F                              _RX9D 00C0                              _TMR0 0001  
                            _TMR2 0011                              _WCOL 00A7                              _SPEN 00C7  
                            _RSEN 0489                              _TX9D 04C0                              _SREN 00C5  
                            _TRMT 04C1                              _STOP 04A4                              _TXIE 0464  
                            _ZERO 001A                              _WREN 0C62                              _TXEN 04C5  
                            _TXIF 0064                              _SYNC 04C4             __size_of_print_string 0029  
                        _emet_car 0006                       ?_tempo_1_ms 0020                          _commande 0035  
                    ??_recoit_car 0077                      ___awdiv@sign 0021                        _print_char 006E  
                       ?_emet_car 0078                       ?_tempo_N_ms 0022                              _main 035C  
              __end_of_print_char 0091                              _year 0076                              btemp 007E  
                        _init_LCD 01A6                       tempo_N_ms@N 0022                       tempo_N_ms@i 0020  
                            start 0000                         ?_init_LCD 0027                        ??_emet_car 0077  
             __size_of_allume_LCD 0009      __size_of_init_gps_mode_smart 0012        __end_of_init_liaison_serie 004D  
             start_initialization 0F2F                      ___awmod@sign 0078                          _minutesD 0071  
                     ?_print_char 0029                        ??_init_LCD 0020                       _request_gps 02C8  
                         ?_efface 0027                   __end_of___awdiv 02C8                   __end_of___awmod 0256  
                       stringcode 0F08                          ??_efface 0020                   __end_of___lwdiv 01A6  
             __end_of_request_gps 035C                   __end_of___lwmod 015B                           _CCP1CON 0017  
                         _CCP2CON 001D                      ??_tempo_1_ms 0077                           _ACKSTAT 048E  
                           _C1INV 04E4                             _C2INV 04E5                             _C1OUT 04E6  
                           _C2OUT 04E7                      ??_tempo_N_ms 0077                             _ADCS0 00FE  
                           _ADCS1 00FF                             _ADCS2 04FE                             _ADDEN 00C3  
                           ?_main 002E                 __size_of_emet_car 000B                             _ACKEN 048C  
                           _ACKDT 048D                         __ptext161 0003                         __ptext170 0F7D  
                       __ptext162 0091                         __ptext171 002E                         __ptext163 02C8  
                       __ptext180 0006                         __ptext172 0F63                         __ptext164 0F92  
                       __ptext181 0F58                         __ptext173 01A6                         __ptext165 0F8B  
                           _BCLIE 046B                         __ptext182 00E5                         __ptext174 0F46  
                       __ptext166 0256                             _BCLIF 006B                         __ptext183 00BA  
                       __ptext175 0011                         __ptext167 015B                         __ptext184 0F75  
                       __ptext176 0F6C                         __ptext168 011C                             _CCP1X 00BD  
                       __ptext185 0003                         __ptext177 0F84                         __ptext169 01FA  
                           _CCP1Y 00BC                         __ptext178 006E                             _CCP2X 00ED  
                       __ptext179 004D                             _CCP2Y 00EC                             _EEADR 010D  
                 ___lwdiv@divisor 0025                             _CARRY 0018                             _EEPGD 0C67  
                           _CMCON 009C                             _T1CON 0010                             _T2CON 0012  
                         _T1CKPS0 0084                           _T1CKPS1 0085                             _PCFG0 04F8  
                           _PCFG1 04F9                             _PCFG2 04FA                             _PCFG3 04FB  
                         _T2CKPS0 0090                           _T2CKPS1 0091                   ___lwdiv@counter 0022  
                           _CVREN 04EF                             _CVROE 04EE                             _RCREG 001A  
                           _RCSTA 0018                             _TMR1H 000F                             _TMR1L 000E  
                           _SPBRG 0099                             _PORTA 0005                             _PORTB 0006  
                         _T1OSCEN 0083                             _PORTC 0007                             _PORTD 0008  
                           _PORTE 0009                             _PSPIE 0467                             _PSPIF 0067  
                           _START 04A3                             _SSPM0 00A0                             _SSPM1 00A1  
                           _SSPM2 00A2                             _SSPM3 00A3                             _TRISA 0085  
                           _TRISB 0086                             _TRISC 0087                             _TRISD 0088  
                           _SSPIE 0463                             _TRISE 0089                             _SSPIF 0063  
                           _SSPEN 00A5                             _SSPOV 00A6                             _WRERR 0C63  
                           _TXREG 0019                 __size_of_init_LCD 0054                             _TXSTA 0098  
                       __pstrings 0F00                      ??_print_char 0026                    __pcstackCOMMON 0077  
                           _debug 0070               __size_of_attente_bf 000B          __end_of_lecture_commande 011C  
                         _PSPMODE 044C                             _tmHrs 0039                      ?_request_gps 007A  
                           _month 0038                           _SSPCON2 0091                           _SSPSTAT 0094  
                         _TOUTPS0 0093                           _TOUTPS1 0094                           _TOUTPS2 0095  
                         _TOUTPS3 0096                             pclath 000A               __size_of_init_PORTD 0007  
                           status 0003              __size_of_request_gps 0094              ??_init_liaison_serie 0077  
lecture_commande@quartet_commande 0024                    ??_goto_ligne_1 0020                    ??_goto_ligne_2 0020  
               _ecriture_commande 004D                emet_string@message 0079                       _emet_string 0011  
             __end_of_emet_string 002E              ?_init_gps_mode_smart 0078                   ___awdiv@divisor 0026  
                   __size_of_main 04A4                        __pbssBANK0 002E                   ___awdiv@counter 0020  
                        l30001400 00C9                          l30001401 00CE                          l30001402 00D6  
                        l30001600 0272                          l30001601 0280                          l30001602 0284  
                        l30001610 02B8                          l30001611 02BC                          l30001603 028B  
                        l30001620 0034                          l30001612 02C1                          l30001604 028F  
                        l30001700 04BF                          l30001621 0037                          l30001605 0293  
                        l30001701 04C5                          l30001614 0F6C                          l30001534 0F46  
                        l30001630 0F63                          l30001622 003A                          l30001606 02A4  
                        l30001710 0556                          l30001702 04E1                          l30001615 0F73  
                        l30001535 0F4E                          l30001631 0F68                          l30001623 003B  
                        l30001607 02AA                          l30001711 0561                          l30001703 04FD  
                        l30001480 0108                          l30001472 00E5                          l30001632 0F84  
                        l30001624 003C                          l30001560 018B                          l30001608 02AB  
                        l30001720 063D                          l30001712 0567                          l30001704 0503  
                        l30001481 0109                          l30001473 00E9                          l30001625 003D  
                        l30001617 002E                          l30001561 0191                          l30001609 02B2  
                        l30001721 066A                          l30001713 0583                          l30001705 051F  
                        l30001482 010B                          l30001474 00EC                          l30001626 0040  
                        l30001618 0031                          l30001570 0133                          l30001562 0192  
                        l30001554 015B                          l30001730 06D6                          l30001722 0685  
                        l30001714 059F                          l30001706 053B                          l30001395 0F75  
                        l30001483 010F                          l30001475 00ED                          l30001627 0043  
                        l30001619 0033                          l30001571 0137                          l30001563 0199  
                        l30001555 0167                          l30001731 06F2                          l30001723 068B  
                        l30001715 05A5                          l30001707 0546                          l30001396 00BA  
                        l30001484 0110                          l30001476 00F6                          l30001628 0046  
                        l30001580 020D                          l30001572 0141                          l30001556 016B  
                        l30001564 019F                          l30001740 07DE                          l30001732 06F8  
                        l30001724 0693                          l30001716 05C1                          l30001708 054B  
                        l30001397 00BF                          l30001485 0111                          l30001477 00F9  
                        l30001629 0049                          l30001581 0211                          l30001573 0147  
                        l30001557 0172                          l30001741 07E6                          l30001733 0714  
                        l30001725 069E                          l30001717 05DD                          l30001709 0550  
                        l30001398 00C3                          l30001486 0118                          l30001478 00FB  
                        l30001670 0087                          l30001590 0246                          l30001582 0216  
                        l30001574 014E                          l30001566 011C                          l30001558 0176  
                        l30001750 02E8                          l30001742 07F1                          l30001734 0730  
                        l30001726 06A3                          l30001718 05E3                          l30001399 00C4  
                        l30001479 0107                          l30001671 0088                          l30001583 021C  
                        l30001591 024C                          l30001567 0124                          l30001575 0154  
                        l30001559 017A                          l30001751 02FF                          l30001743 0094  
                        l30001735 0736                          l30001727 06A9                          l30001719 0610  
                        l30001488 0F58                          l30001672 008A                          l30001760 01A6  
                        l30001592 0250                          l30001584 0220                          l30001568 0128  
                        l30001752 0316                          l30001744 0099                          l30001736 0763  
                        l30001728 06B4                          l30001680 037F                          l30001489 0F58  
                        l30001673 008F                          l30001761 01B1                          l30001593 0255  
                        l30001585 0227                          l30001577 01FA                          l30001569 012F  
                        l30001753 0332                          l30001745 00A5                          l30001737 0790  
                        l30001729 06BA                          l30001681 0385                          l30001770 01CC  
                        l30001762 01B8                          l30001586 022B                          l30001578 01FF  
                        l30001754 0344                          l30001746 00AD                          l30001738 07BD  
                        l30001690 0422                          l30001682 0390                          l30001674 035C  
                        l30001667 0071                          l30001771 01D1                          l30001763 01BB  
                        l30001747 0F7D                          l30001587 022F                          l30001579 0205  
                        l30001595 0256                          l30001739 07D8                          l30001691 0428  
                        l30001683 0396                          l30001675 0366                          l30001668 0076  
                        l30001780 01F3                          l30001772 01D2                          l30001764 01BC  
                        l30001588 0239                          l30001596 025D                          l30001748 02CB  
                        l30001692 0444                          l30001684 03A1                          l30001676 036B  
      __size_of_ecriture_commande 0021                          l30001669 007A                          l30001773 01D3  
                        l30001765 01BD                          l30001589 023F                          l30001597 0261  
                        l30001781 0F8B                          l30001749 02E4                          l30001693 0460  
                        l30001685 03AC                          l30001677 0370                          l30001790 0055  
                        l30001774 01D6                          l30001766 01BE                          l30001598 0269  
                        l30001782 0F92                          l30001694 046B                          l30001686 03C8  
                        l30001678 0375                          l30001783 0007                          l30001791 0058  
                        l30001775 01D7                          l30001767 01C1                          l30001599 026D  
                        l30001759 034D                          l30001695 0470                          l30001687 03E4  
                        l30001679 037A                          l30001784 000E                          l30001792 0059  
                        l30001776 01D8                          l30001768 01C2                          l30001696 0476  
                        l30001688 03EA                          l30001793 0065                          l30001785 0012  
                        l30001777 01E1                          l30001769 01C3                          l30001697 0481  
                        l30001689 0406                          l30001794 0066                          l30001786 0013  
                        l30001778 01E7                          l30001698 0487                          l30001795 0067  
                        l30001787 001E                          l30001779 01ED                          l30001699 04A3  
                        l30001796 006B                          l30001788 0022                          l30001797 006C  
                        l30001789 0050                       __stringbase 0F0E             ??_init_gps_mode_smart 0078  
                     emet_car@car 0077                           ___awdiv 0256                           ___awmod 01FA  
                        ?___awdiv 0024                          ?___awmod 0020                           ___lwdiv 015B  
                         ___lwmod 011C                          ?___lwdiv 0023                          ?___lwmod 0027  
                       ??___awdiv 0077                         ??___awmod 0077                         ??___lwdiv 0077  
                         _degrees 0073                         ??___lwmod 0078                            ??_main 002C  
             __size_of_recoit_car 0009                ?_ecriture_commande 0027                    ??_print_string 007A  
                      __pmaintext 035C                  ___lwmod@dividend 0027                      ?_emet_string 007A  
       __size_of_lecture_commande 0037                           _message 0032                           _minutes 0074  
                        stringdir 0F09                        _allume_LCD 0F63                          stringjmp 0F0D  
                        stringtab 0F00                            _ADCON0 001F                            _ADCON1 009F  
                          _CCP1M0 00B8                            _CCP1M1 00B9                            _CCP1M2 00BA  
                          _CCP1M3 00BB                            _CCP2M0 00E8                            _CCP2M1 00E9  
                          _CCP2M2 00EA                            _CCP2M3 00EB                            _CCP1IE 0462  
                ___lwdiv@dividend 0023                            _CCP1IF 0062                            _CCP2IE 0468  
                          _CCP2IF 0068                            _ADRESH 001E                            _EEADRH 010F  
                          _ADRESL 009E                __end_of_allume_LCD 0F6C                            _EEADRL 010D  
                          _EEDATA 010C                            _CCPR1H 0016                            _EEDATH 010E  
                          _CCPR2H 001C                            _CCPR1L 0015                            _CCPR2L 001B  
                          _EECON1 018C                            _EECON2 018D                    __end_of_efface 0F99  
                   ??_request_gps 0024              __size_of_emet_string 001D                      __end_of_main 0800  
                         _workVal 002E                            _GODONE 00FA              end_of_initialization 0F42  
                          _CVRCON 009D                            _T1SYNC 0082                  __end_of_emet_car 0011  
                          _INTEDG 040E                            _PCLATH 000A                            _INTCON 000B  
                   __pcstackBANK0 0020                _init_liaison_serie 002E                            _TMR0IE 005D  
                          _TMR0IF 005A                            _TMR1IE 0460                            _TMR1IF 0060  
                          _TMR1CS 0081                            _TMR2IE 0461                            _TMR2IF 0061  
                          _OPTION 0081                            _TMR1ON 0080                      _goto_ligne_1 0F8B  
                    _goto_ligne_2 0F7D                            _TMR2ON 0092              request_gps@high_byte 0029  
                          _SSPADD 0093                            _TRISA0 0428                            _TRISA1 0429  
                          _TRISB0 0430                            _TRISA2 042A                            _TRISB1 0431  
                          _TRISA3 042B                            _TRISC0 0438                            _TRISB2 0432  
                          _TRISA4 042C                            _TRISC1 0439                            _TRISB3 0433  
                          _TRISA5 042D                            _TRISD0 0440                            _TRISC2 043A  
                          _TRISB4 0434                            _TRISD1 0441                            _TRISC3 043B  
                          _TRISB5 0435                            _TRISE0 0448                            _TRISD2 0442  
                          _TRISC4 043C                            _TRISB6 0436                            _TRISE1 0449  
                          _TRISD3 0443                            _TRISC5 043D                            _TRISB7 0437  
                          _TRISE2 044A                            _TRISD4 0444                            _TRISC6 043E  
                          _TRISD5 0445                            _TRISC7 043F                            _TRISD6 0446  
                          _TRISD7 0447                            _STATUS 0003               __size_of_tempo_1_ms 0008  
                          _SSPCON 0014                            _SSPBUF 0013                       ?_allume_LCD 0077  
                __end_of_init_LCD 01FA               __size_of_tempo_N_ms 002B         ecriture_commande@commande 0026  
            __end_of_goto_ligne_1 0F92              __end_of_goto_ligne_2 0F84                  _lecture_commande 00E5  
             __size_of_print_char 0023                            _efface 0F92          lecture_commande@commande 0025  
                ___lwdiv@quotient 0020                        _attente_bf 0F58       __size_of_init_liaison_serie 001F  
                 ___lwmod@divisor 0029                 ?_lecture_commande 0026                            _tmMins 003A  
                          _tmSecs 0075                __end_of_attente_bf 0F63                   ___lwmod@counter 0079  
                   print_char@car 0028                      _print_string 0091                      ??_allume_LCD 0077  
             ??_ecriture_commande 007A               request_gps@commande 0027                        _init_PORTD 0F84  
              __end_of_init_PORTD 0F8B                       ?_attente_bf 0026                     ??_emet_string 0078  
            __end_of_print_string 00BA                       ?_init_PORTD 0077               request_gps@low_byte 0028  
              ??_lecture_commande 0078               ?_init_liaison_serie 0077                     ?_goto_ligne_1 0027  
                   ?_goto_ligne_2 0027                  ___awmod@dividend 0020                   ___awmod@divisor 0022  
                    ??_attente_bf 0079               _init_gps_mode_smart 0F46                        _recoit_car 0F6C  
                 ___awmod@counter 0079  
